2026.05.20 22:54:55 INFO  Started: Metals version 1.6.7 in folders '/home/doomish/Documentos/BoardRoot_WebApp' for client Visual Studio Code 1.116.0.
2026.05.20 22:54:55 INFO  Memory monitor started
2026.05.20 22:54:56 WARN  Using H2 2.4.240 which is newer than the version Flyway has been verified with. The latest verified version of H2 is 2.3.232.
2026.05.20 22:54:56 INFO  no build target found for /home/doomish/Documentos/BoardRoot_WebApp/backend/src/main/java/com/vlladislavii/boardroot/dto/AuthResponse.java. Using fallback presentation compiler.
2026.05.20 22:54:57 INFO  no build target found for /home/doomish/Documentos/BoardRoot_WebApp/backend/src/main/java/com/vlladislavii/boardroot/dto/AuthResponse.java. Using fallback presentation compiler.
2026.05.20 22:55:02 INFO  running '/usr/lib/jvm/java-11-openjdk-amd64/bin/java -Dfile.encoding=UTF-8 -Dmaven.multiModuleProjectDirectory=/home/doomish/Documentos/BoardRoot_WebApp/backend -Dmaven.home=/tmp/metals4713855929892762306 -cp /tmp/metals4713855929892762306/maven-wrapper.jar org.apache.maven.wrapper.MavenWrapperMain generate-sources ch.epfl.scala:bloop-maven-plugin:2.0.3:bloopInstall -DdownloadSources=true'
2026.05.20 22:55:06 INFO  [INFO] Scanning for projects...
2026.05.20 22:55:06 INFO  Downloading from central: https://repo.maven.apache.org/maven2/ch/epfl/scala/bloop-maven-plugin/2.0.3/bloop-maven-plugin-2.0.3.pom
2026.05.20 22:55:06 INFO  Progress (1): 1.1 kB
2026.05.20 22:55:06 INFO  Progress (1): 2.5 kB
2026.05.20 22:55:06 INFO  Progress (1): 5.6 kB
2026.05.20 22:55:06 INFO  Progress (1): 8.0 kB
2026.05.20 22:55:06 INFO                      
2026.05.20 22:55:06 INFO  Downloaded from central: https://repo.maven.apache.org/maven2/ch/epfl/scala/bloop-maven-plugin/2.0.3/bloop-maven-plugin-2.0.3.pom (8.0 kB at 51 kB/s)
2026.05.20 22:55:06 INFO  Downloading from central: https://repo.maven.apache.org/maven2/ch/epfl/scala/bloop-maven-plugin/2.0.3/bloop-maven-plugin-2.0.3.jar
2026.05.20 22:55:06 INFO  Progress (1): 0.9/44 kB
2026.05.20 22:55:06 INFO  Progress (1): 2.3/44 kB
2026.05.20 22:55:06 INFO  Progress (1): 3.6/44 kB
2026.05.20 22:55:06 INFO  Progress (1): 5.0/44 kB
2026.05.20 22:55:06 INFO  Progress (1): 6.4/44 kB
2026.05.20 22:55:06 INFO  Progress (1): 7.7/44 kB
2026.05.20 22:55:06 INFO  Progress (1): 8.2/44 kB
2026.05.20 22:55:06 INFO  Progress (1): 9.6/44 kB
2026.05.20 22:55:06 INFO  Progress (1): 11/44 kB 
2026.05.20 22:55:06 INFO  Progress (1): 12/44 kB
2026.05.20 22:55:06 INFO  Progress (1): 14/44 kB
2026.05.20 22:55:06 INFO  Progress (1): 15/44 kB
2026.05.20 22:55:06 INFO  Progress (1): 16/44 kB
2026.05.20 22:55:06 INFO  Progress (1): 18/44 kB
2026.05.20 22:55:06 INFO  Progress (1): 19/44 kB
2026.05.20 22:55:06 INFO  Progress (1): 21/44 kB
2026.05.20 22:55:06 INFO  Progress (1): 22/44 kB
2026.05.20 22:55:06 INFO  Progress (1): 23/44 kB
2026.05.20 22:55:06 INFO  Progress (1): 25/44 kB
2026.05.20 22:55:06 INFO  Progress (1): 26/44 kB
2026.05.20 22:55:06 INFO  Progress (1): 27/44 kB
2026.05.20 22:55:06 INFO  Progress (1): 29/44 kB
2026.05.20 22:55:06 INFO  Progress (1): 30/44 kB
2026.05.20 22:55:06 INFO  Progress (1): 31/44 kB
2026.05.20 22:55:06 INFO  Progress (1): 33/44 kB
2026.05.20 22:55:06 INFO  Progress (1): 34/44 kB
2026.05.20 22:55:06 INFO  Progress (1): 36/44 kB
2026.05.20 22:55:06 INFO  Progress (1): 37/44 kB
2026.05.20 22:55:06 INFO  Progress (1): 38/44 kB
2026.05.20 22:55:06 INFO  Progress (1): 40/44 kB
2026.05.20 22:55:06 INFO  Progress (1): 41/44 kB
2026.05.20 22:55:06 INFO  Progress (1): 42/44 kB
2026.05.20 22:55:06 INFO  Progress (1): 44/44 kB
2026.05.20 22:55:06 INFO  Progress (1): 44 kB   
2026.05.20 22:55:06 INFO                     
2026.05.20 22:55:06 INFO  Downloaded from central: https://repo.maven.apache.org/maven2/ch/epfl/scala/bloop-maven-plugin/2.0.3/bloop-maven-plugin-2.0.3.jar (44 kB at 980 kB/s)
2026.05.20 22:55:06 INFO  [INFO] 
2026.05.20 22:55:06 INFO  [INFO] ---------------------< com.vlladislavii:boardroot >---------------------
2026.05.20 22:55:06 INFO  [INFO] Building  0.0.1-SNAPSHOT
2026.05.20 22:55:06 INFO  [INFO]   from pom.xml
2026.05.20 22:55:06 INFO  [INFO] --------------------------------[ jar ]---------------------------------
2026.05.20 22:55:08 INFO  [INFO] 
2026.05.20 22:55:08 INFO  [INFO] --- bloop:2.0.3:bloopInstall (default-cli) @ boardroot ---
2026.05.20 22:55:08 INFO  Downloading from central: https://repo.maven.apache.org/maven2/org/scala-lang/scala-library/2.13.8/scala-library-2.13.8.pom
2026.05.20 22:55:08 INFO  Progress (1): 1.2 kB
2026.05.20 22:55:08 INFO  Progress (1): 1.6 kB
2026.05.20 22:55:08 INFO                      
2026.05.20 22:55:08 INFO  Downloaded from central: https://repo.maven.apache.org/maven2/org/scala-lang/scala-library/2.13.8/scala-library-2.13.8.pom (1.6 kB at 67 kB/s)
2026.05.20 22:55:08 INFO  Downloading from central: https://repo.maven.apache.org/maven2/ch/epfl/scala/bloop-config_2.13/2.3.3/bloop-config_2.13-2.3.3.pom
2026.05.20 22:55:08 INFO  Progress (1): 1.4 kB
2026.05.20 22:55:08 INFO  Progress (1): 2.3 kB
2026.05.20 22:55:08 INFO                      
2026.05.20 22:55:08 INFO  Downloaded from central: https://repo.maven.apache.org/maven2/ch/epfl/scala/bloop-config_2.13/2.3.3/bloop-config_2.13-2.3.3.pom (2.3 kB at 96 kB/s)
2026.05.20 22:55:08 INFO  Downloading from central: https://repo.maven.apache.org/maven2/com/github/plokhotnyuk/jsoniter-scala/jsoniter-scala-core_2.13/2.13.5.2/jsoniter-scala-core_2.13-2.13.5.2.pom
2026.05.20 22:55:08 INFO  Progress (1): 1.4 kB
2026.05.20 22:55:08 INFO  Progress (1): 2.4 kB
2026.05.20 22:55:08 INFO                      
2026.05.20 22:55:08 INFO  Downloaded from central: https://repo.maven.apache.org/maven2/com/github/plokhotnyuk/jsoniter-scala/jsoniter-scala-core_2.13/2.13.5.2/jsoniter-scala-core_2.13-2.13.5.2.pom (2.4 kB at 76 kB/s)
2026.05.20 22:55:08 INFO  Downloading from central: https://repo.maven.apache.org/maven2/com/lihaoyi/unroll-annotation_2.13/0.1.12/unroll-annotation_2.13-0.1.12.pom
2026.05.20 22:55:08 INFO  Progress (1): 1.3 kB
2026.05.20 22:55:08 INFO  Progress (1): 1.5 kB
2026.05.20 22:55:08 INFO                      
2026.05.20 22:55:08 INFO  Downloaded from central: https://repo.maven.apache.org/maven2/com/lihaoyi/unroll-annotation_2.13/0.1.12/unroll-annotation_2.13-0.1.12.pom (1.5 kB at 54 kB/s)
2026.05.20 22:55:08 INFO  Downloading from central: https://repo.maven.apache.org/maven2/org/scala-lang/scala-library/2.13.12/scala-library-2.13.12.pom
2026.05.20 22:55:08 INFO  Progress (1): 1.2 kB
2026.05.20 22:55:08 INFO  Progress (1): 1.6 kB
2026.05.20 22:55:08 INFO                      
2026.05.20 22:55:08 INFO  Downloaded from central: https://repo.maven.apache.org/maven2/org/scala-lang/scala-library/2.13.12/scala-library-2.13.12.pom (1.6 kB at 64 kB/s)
2026.05.20 22:55:08 INFO  Downloading from central: https://repo.maven.apache.org/maven2/org/scala-lang/scala-library/2.13.16/scala-library-2.13.16.pom
2026.05.20 22:55:08 INFO  Progress (1): 1.1 kB
2026.05.20 22:55:08 INFO  Progress (1): 1.6 kB
2026.05.20 22:55:08 INFO                      
2026.05.20 22:55:08 INFO  Downloaded from central: https://repo.maven.apache.org/maven2/org/scala-lang/scala-library/2.13.16/scala-library-2.13.16.pom (1.6 kB at 62 kB/s)
2026.05.20 22:55:08 INFO  Downloading from central: https://repo.maven.apache.org/maven2/net/alchim31/maven/scala-maven-plugin/4.8.0/scala-maven-plugin-4.8.0.pom
2026.05.20 22:55:08 INFO  Progress (1): 995 B
2026.05.20 22:55:08 INFO  Progress (1): 3.5 kB
2026.05.20 22:55:08 INFO  Progress (1): 5.9 kB
2026.05.20 22:55:08 INFO  Progress (1): 11 kB 
2026.05.20 22:55:08 INFO  Progress (1): 14 kB
2026.05.20 22:55:08 INFO  Progress (1): 17 kB
2026.05.20 22:55:08 INFO  Progress (1): 21 kB
2026.05.20 22:55:08 INFO  Progress (1): 24 kB
2026.05.20 22:55:08 INFO  Progress (1): 26 kB
2026.05.20 22:55:08 INFO                     
2026.05.20 22:55:08 INFO  Downloaded from central: https://repo.maven.apache.org/maven2/net/alchim31/maven/scala-maven-plugin/4.8.0/scala-maven-plugin-4.8.0.pom (26 kB at 703 kB/s)
2026.05.20 22:55:08 INFO  Downloading from central: https://repo.maven.apache.org/maven2/org/apache/commons/commons-exec/1.3/commons-exec-1.3.pom
2026.05.20 22:55:08 INFO  Progress (1): 788 B
2026.05.20 22:55:08 INFO  Progress (1): 2.3 kB
2026.05.20 22:55:08 INFO  Progress (1): 5.3 kB
2026.05.20 22:55:08 INFO  Progress (1): 7.8 kB
2026.05.20 22:55:08 INFO  Progress (1): 10 kB 
2026.05.20 22:55:08 INFO  Progress (1): 11 kB
2026.05.20 22:55:08 INFO                     
2026.05.20 22:55:08 INFO  Downloaded from central: https://repo.maven.apache.org/maven2/org/apache/commons/commons-exec/1.3/commons-exec-1.3.pom (11 kB at 379 kB/s)
2026.05.20 22:55:08 INFO  Downloading from central: https://repo.maven.apache.org/maven2/org/apache/commons/commons-parent/35/commons-parent-35.pom
2026.05.20 22:55:08 INFO  Progress (1): 714 B
2026.05.20 22:55:08 INFO  Progress (1): 2.0 kB
2026.05.20 22:55:08 INFO  Progress (1): 3.3 kB
2026.05.20 22:55:08 INFO  Progress (1): 4.8 kB
2026.05.20 22:55:08 INFO  Progress (1): 8.2 kB
2026.05.20 22:55:08 INFO  Progress (1): 11 kB 
2026.05.20 22:55:08 INFO  Progress (1): 15 kB
2026.05.20 22:55:08 INFO  Progress (1): 16 kB
2026.05.20 22:55:08 INFO  Progress (1): 19 kB
2026.05.20 22:55:08 INFO  Progress (1): 22 kB
2026.05.20 22:55:08 INFO  Progress (1): 25 kB
2026.05.20 22:55:08 INFO  Progress (1): 27 kB
2026.05.20 22:55:08 INFO  Progress (1): 31 kB
2026.05.20 22:55:08 INFO  Progress (1): 34 kB
2026.05.20 22:55:08 INFO  Progress (1): 38 kB
2026.05.20 22:55:08 INFO  Progress (1): 44 kB
2026.05.20 22:55:08 INFO  Progress (1): 45 kB
2026.05.20 22:55:08 INFO  Progress (1): 47 kB
2026.05.20 22:55:08 INFO  Progress (1): 50 kB
2026.05.20 22:55:08 INFO  Progress (1): 52 kB
2026.05.20 22:55:08 INFO  Progress (1): 55 kB
2026.05.20 22:55:08 INFO  Progress (1): 57 kB
2026.05.20 22:55:08 INFO  Progress (1): 58 kB
2026.05.20 22:55:08 INFO                     
2026.05.20 22:55:08 INFO  Downloaded from central: https://repo.maven.apache.org/maven2/org/apache/commons/commons-parent/35/commons-parent-35.pom (58 kB at 1.8 MB/s)
2026.05.20 22:55:08 INFO  Downloading from central: https://repo.maven.apache.org/maven2/org/codehaus/plexus/plexus-archiver/4.6.0/plexus-archiver-4.6.0.pom
2026.05.20 22:55:08 INFO  Progress (1): 1.2 kB
2026.05.20 22:55:08 INFO  Progress (1): 4.1 kB
2026.05.20 22:55:08 INFO  Progress (1): 6.3 kB
2026.05.20 22:55:08 INFO  Progress (1): 6.5 kB
2026.05.20 22:55:08 INFO                      
2026.05.20 22:55:08 INFO  Downloaded from central: https://repo.maven.apache.org/maven2/org/codehaus/plexus/plexus-archiver/4.6.0/plexus-archiver-4.6.0.pom (6.5 kB at 234 kB/s)
2026.05.20 22:55:08 INFO  Downloading from central: https://repo.maven.apache.org/maven2/com/github/luben/zstd-jni/1.5.2-5/zstd-jni-1.5.2-5.pom
2026.05.20 22:55:08 INFO  Progress (1): 1.1 kB
2026.05.20 22:55:08 INFO  Progress (1): 1.9 kB
2026.05.20 22:55:08 INFO                      
2026.05.20 22:55:08 INFO  Downloaded from central: https://repo.maven.apache.org/maven2/com/github/luben/zstd-jni/1.5.2-5/zstd-jni-1.5.2-5.pom (1.9 kB at 77 kB/s)
2026.05.20 22:55:08 INFO  Downloading from central: https://repo.maven.apache.org/maven2/org/codehaus/plexus/plexus-classworlds/2.7.0/plexus-classworlds-2.7.0.pom
2026.05.20 22:55:08 INFO  Progress (1): 915 B
2026.05.20 22:55:08 INFO  Progress (1): 2.5 kB
2026.05.20 22:55:08 INFO  Progress (1): 5.7 kB
2026.05.20 22:55:08 INFO  Progress (1): 7.6 kB
2026.05.20 22:55:08 INFO                      
2026.05.20 22:55:08 INFO  Downloaded from central: https://repo.maven.apache.org/maven2/org/codehaus/plexus/plexus-classworlds/2.7.0/plexus-classworlds-2.7.0.pom (7.6 kB at 283 kB/s)
2026.05.20 22:55:08 INFO  Downloading from central: https://repo.maven.apache.org/maven2/org/scala-sbt/zinc_2.13/1.8.0/zinc_2.13-1.8.0.pom
2026.05.20 22:55:08 INFO  Progress (1): 1.3 kB
2026.05.20 22:55:08 INFO  Progress (1): 4.1 kB
2026.05.20 22:55:08 INFO                      
2026.05.20 22:55:08 INFO  Downloaded from central: https://repo.maven.apache.org/maven2/org/scala-sbt/zinc_2.13/1.8.0/zinc_2.13-1.8.0.pom (4.1 kB at 147 kB/s)
2026.05.20 22:55:08 INFO  Downloading from central: https://repo.maven.apache.org/maven2/org/scala-sbt/zinc-core_2.13/1.8.0/zinc-core_2.13-1.8.0.pom
2026.05.20 22:55:08 INFO  Progress (1): 1.3 kB
2026.05.20 22:55:08 INFO  Progress (1): 5.3 kB
2026.05.20 22:55:08 INFO                      
2026.05.20 22:55:08 INFO  Downloaded from central: https://repo.maven.apache.org/maven2/org/scala-sbt/zinc-core_2.13/1.8.0/zinc-core_2.13-1.8.0.pom (5.3 kB at 203 kB/s)
2026.05.20 22:55:08 INFO  Downloading from central: https://repo.maven.apache.org/maven2/org/scala-sbt/zinc-compile-core_2.13/1.8.0/zinc-compile-core_2.13-1.8.0.pom
2026.05.20 22:55:08 INFO  Progress (1): 1.2 kB
2026.05.20 22:55:08 INFO  Progress (1): 5.5 kB
2026.05.20 22:55:08 INFO                      
2026.05.20 22:55:08 INFO  Downloaded from central: https://repo.maven.apache.org/maven2/org/scala-sbt/zinc-compile-core_2.13/1.8.0/zinc-compile-core_2.13-1.8.0.pom (5.5 kB at 182 kB/s)
2026.05.20 22:55:08 INFO  Downloading from central: https://repo.maven.apache.org/maven2/org/scala-sbt/compiler-interface/1.8.0/compiler-interface-1.8.0.pom
2026.05.20 22:55:08 INFO  Progress (1): 1.3 kB
2026.05.20 22:55:08 INFO  Progress (1): 3.0 kB
2026.05.20 22:55:08 INFO                      
2026.05.20 22:55:08 INFO  Downloaded from central: https://repo.maven.apache.org/maven2/org/scala-sbt/compiler-interface/1.8.0/compiler-interface-1.8.0.pom (3.0 kB at 120 kB/s)
2026.05.20 22:55:08 INFO  Downloading from central: https://repo.maven.apache.org/maven2/org/scala-sbt/util-interface/1.8.0/util-interface-1.8.0.pom
2026.05.20 22:55:08 INFO  Progress (1): 1.3 kB
2026.05.20 22:55:08 INFO  Progress (1): 2.6 kB
2026.05.20 22:55:08 INFO                      
2026.05.20 22:55:08 INFO  Downloaded from central: https://repo.maven.apache.org/maven2/org/scala-sbt/util-interface/1.8.0/util-interface-1.8.0.pom (2.6 kB at 95 kB/s)
2026.05.20 22:55:08 INFO  Downloading from central: https://repo.maven.apache.org/maven2/org/scala-sbt/zinc-classpath_2.13/1.8.0/zinc-classpath_2.13-1.8.0.pom
2026.05.20 22:55:08 INFO  Progress (1): 1.3 kB
2026.05.20 22:55:08 INFO  Progress (1): 3.9 kB
2026.05.20 22:55:08 INFO                      
2026.05.20 22:55:08 INFO  Downloaded from central: https://repo.maven.apache.org/maven2/org/scala-sbt/zinc-classpath_2.13/1.8.0/zinc-classpath_2.13-1.8.0.pom (3.9 kB at 163 kB/s)
2026.05.20 22:55:08 INFO  Downloading from central: https://repo.maven.apache.org/maven2/org/scala-lang/scala-compiler/2.13.8/scala-compiler-2.13.8.pom
2026.05.20 22:55:08 INFO  Progress (1): 1.2 kB
2026.05.20 22:55:08 INFO  Progress (1): 2.3 kB
2026.05.20 22:55:08 INFO                      
2026.05.20 22:55:08 INFO  Downloaded from central: https://repo.maven.apache.org/maven2/org/scala-lang/scala-compiler/2.13.8/scala-compiler-2.13.8.pom (2.3 kB at 71 kB/s)
2026.05.20 22:55:08 INFO  Downloading from central: https://repo.maven.apache.org/maven2/org/scala-lang/scala-reflect/2.13.8/scala-reflect-2.13.8.pom
2026.05.20 22:55:08 INFO  Progress (1): 1.2 kB
2026.05.20 22:55:08 INFO  Progress (1): 1.8 kB
2026.05.20 22:55:08 INFO                      
2026.05.20 22:55:08 INFO  Downloaded from central: https://repo.maven.apache.org/maven2/org/scala-lang/scala-reflect/2.13.8/scala-reflect-2.13.8.pom (1.8 kB at 79 kB/s)
2026.05.20 22:55:08 INFO  Downloading from central: https://repo.maven.apache.org/maven2/net/java/dev/jna/jna/5.9.0/jna-5.9.0.pom
2026.05.20 22:55:08 INFO  Progress (1): 1.4 kB
2026.05.20 22:55:08 INFO  Progress (1): 2.0 kB
2026.05.20 22:55:08 INFO                      
2026.05.20 22:55:08 INFO  Downloaded from central: https://repo.maven.apache.org/maven2/net/java/dev/jna/jna/5.9.0/jna-5.9.0.pom (2.0 kB at 78 kB/s)
2026.05.20 22:55:08 INFO  Downloading from central: https://repo.maven.apache.org/maven2/org/scala-sbt/io_2.13/1.8.0/io_2.13-1.8.0.pom
2026.05.20 22:55:08 INFO  Progress (1): 1.4 kB
2026.05.20 22:55:08 INFO  Progress (1): 3.3 kB
2026.05.20 22:55:08 INFO                      
2026.05.20 22:55:08 INFO  Downloaded from central: https://repo.maven.apache.org/maven2/org/scala-sbt/io_2.13/1.8.0/io_2.13-1.8.0.pom (3.3 kB at 131 kB/s)
2026.05.20 22:55:08 INFO  Downloading from central: https://repo.maven.apache.org/maven2/com/swoval/file-tree-views/2.1.9/file-tree-views-2.1.9.pom
2026.05.20 22:55:08 INFO  Progress (1): 1.4 kB
2026.05.20 22:55:08 INFO  Progress (1): 1.7 kB
2026.05.20 22:55:08 INFO                      
2026.05.20 22:55:08 INFO  Downloaded from central: https://repo.maven.apache.org/maven2/com/swoval/file-tree-views/2.1.9/file-tree-views-2.1.9.pom (1.7 kB at 39 kB/s)
2026.05.20 22:55:08 INFO  Downloading from central: https://repo.maven.apache.org/maven2/net/java/dev/jna/jna/5.12.0/jna-5.12.0.pom
2026.05.20 22:55:08 INFO  Progress (1): 1.4 kB
2026.05.20 22:55:08 INFO  Progress (1): 2.0 kB
2026.05.20 22:55:08 INFO                      
2026.05.20 22:55:08 INFO  Downloaded from central: https://repo.maven.apache.org/maven2/net/java/dev/jna/jna/5.12.0/jna-5.12.0.pom (2.0 kB at 72 kB/s)
2026.05.20 22:55:08 INFO  Downloading from central: https://repo.maven.apache.org/maven2/net/java/dev/jna/jna-platform/5.12.0/jna-platform-5.12.0.pom
2026.05.20 22:55:08 INFO  Progress (1): 1.3 kB
2026.05.20 22:55:08 INFO  Progress (1): 2.3 kB
2026.05.20 22:55:08 INFO                      
2026.05.20 22:55:08 INFO  Downloaded from central: https://repo.maven.apache.org/maven2/net/java/dev/jna/jna-platform/5.12.0/jna-platform-5.12.0.pom (2.3 kB at 80 kB/s)
2026.05.20 22:55:08 INFO  Downloading from central: https://repo.maven.apache.org/maven2/org/scala-sbt/zinc-apiinfo_2.13/1.8.0/zinc-apiinfo_2.13-1.8.0.pom
2026.05.20 22:55:09 INFO  Progress (1): 1.3 kB
2026.05.20 22:55:09 INFO  Progress (1): 3.8 kB
2026.05.20 22:55:09 INFO                      
2026.05.20 22:55:09 INFO  Downloaded from central: https://repo.maven.apache.org/maven2/org/scala-sbt/zinc-apiinfo_2.13/1.8.0/zinc-apiinfo_2.13-1.8.0.pom (3.8 kB at 129 kB/s)
2026.05.20 22:55:09 INFO  Downloading from central: https://repo.maven.apache.org/maven2/org/scala-sbt/compiler-bridge_2.13/1.8.0/compiler-bridge_2.13-1.8.0.pom
2026.05.20 22:55:09 INFO  Progress (1): 1.3 kB
2026.05.20 22:55:09 INFO  Progress (1): 2.8 kB
2026.05.20 22:55:09 INFO                      
2026.05.20 22:55:09 INFO  Downloaded from central: https://repo.maven.apache.org/maven2/org/scala-sbt/compiler-bridge_2.13/1.8.0/compiler-bridge_2.13-1.8.0.pom (2.8 kB at 112 kB/s)
2026.05.20 22:55:09 INFO  Downloading from central: https://repo.maven.apache.org/maven2/org/scala-sbt/zinc-classfile_2.13/1.8.0/zinc-classfile_2.13-1.8.0.pom
2026.05.20 22:55:09 INFO  Progress (1): 1.3 kB
2026.05.20 22:55:09 INFO  Progress (1): 4.0 kB
2026.05.20 22:55:09 INFO                      
2026.05.20 22:55:09 INFO  Downloaded from central: https://repo.maven.apache.org/maven2/org/scala-sbt/zinc-classfile_2.13/1.8.0/zinc-classfile_2.13-1.8.0.pom (4.0 kB at 65 kB/s)
2026.05.20 22:55:09 INFO  Downloading from central: https://repo.maven.apache.org/maven2/org/scala-sbt/util-logging_2.13/1.8.0/util-logging_2.13-1.8.0.pom
2026.05.20 22:55:09 INFO  Progress (1): 1.2 kB
2026.05.20 22:55:09 INFO  Progress (1): 5.6 kB
2026.05.20 22:55:09 INFO  Progress (1): 5.7 kB
2026.05.20 22:55:09 INFO                      
2026.05.20 22:55:09 INFO  Downloaded from central: https://repo.maven.apache.org/maven2/org/scala-sbt/util-logging_2.13/1.8.0/util-logging_2.13-1.8.0.pom (5.7 kB at 169 kB/s)
2026.05.20 22:55:09 INFO  Downloading from central: https://repo.maven.apache.org/maven2/org/scala-sbt/collections_2.13/1.8.0/collections_2.13-1.8.0.pom
2026.05.20 22:55:09 INFO  Progress (1): 1.3 kB
2026.05.20 22:55:09 INFO  Progress (1): 4.4 kB
2026.05.20 22:55:09 INFO                      
2026.05.20 22:55:09 INFO  Downloaded from central: https://repo.maven.apache.org/maven2/org/scala-sbt/collections_2.13/1.8.0/collections_2.13-1.8.0.pom (4.4 kB at 125 kB/s)
2026.05.20 22:55:09 INFO  Downloading from central: https://repo.maven.apache.org/maven2/org/scala-sbt/util-position_2.13/1.8.0/util-position_2.13-1.8.0.pom
2026.05.20 22:55:09 INFO  Progress (1): 1.3 kB
2026.05.20 22:55:09 INFO  Progress (1): 3.2 kB
2026.05.20 22:55:09 INFO                      
2026.05.20 22:55:09 INFO  Downloaded from central: https://repo.maven.apache.org/maven2/org/scala-sbt/util-position_2.13/1.8.0/util-position_2.13-1.8.0.pom (3.2 kB at 72 kB/s)
2026.05.20 22:55:09 INFO  Downloading from central: https://repo.maven.apache.org/maven2/org/scala-lang/modules/scala-parallel-collections_2.13/0.2.0/scala-parallel-collections_2.13-0.2.0.pom
2026.05.20 22:55:09 INFO  Progress (1): 1.4 kB
2026.05.20 22:55:09 INFO  Progress (1): 1.8 kB
2026.05.20 22:55:09 INFO                      
2026.05.20 22:55:09 INFO  Downloaded from central: https://repo.maven.apache.org/maven2/org/scala-lang/modules/scala-parallel-collections_2.13/0.2.0/scala-parallel-collections_2.13-0.2.0.pom (1.8 kB at 53 kB/s)
2026.05.20 22:55:09 INFO  Downloading from central: https://repo.maven.apache.org/maven2/org/scala-lang/scala-library/2.13.0/scala-library-2.13.0.pom
2026.05.20 22:55:09 INFO  Progress (1): 1.2 kB
2026.05.20 22:55:09 INFO  Progress (1): 1.6 kB
2026.05.20 22:55:09 INFO                      
2026.05.20 22:55:09 INFO  Downloaded from central: https://repo.maven.apache.org/maven2/org/scala-lang/scala-library/2.13.0/scala-library-2.13.0.pom (1.6 kB at 57 kB/s)
2026.05.20 22:55:09 INFO  Downloading from central: https://repo.maven.apache.org/maven2/org/scala-sbt/core-macros_2.13/1.8.0/core-macros_2.13-1.8.0.pom
2026.05.20 22:55:09 INFO  Progress (1): 1.3 kB
2026.05.20 22:55:09 INFO  Progress (1): 3.1 kB
2026.05.20 22:55:09 INFO                      
2026.05.20 22:55:09 INFO  Downloaded from central: https://repo.maven.apache.org/maven2/org/scala-sbt/core-macros_2.13/1.8.0/core-macros_2.13-1.8.0.pom (3.1 kB at 95 kB/s)
2026.05.20 22:55:09 INFO  Downloading from central: https://repo.maven.apache.org/maven2/org/jline/jline-terminal/3.19.0/jline-terminal-3.19.0.pom
2026.05.20 22:55:09 INFO  Progress (1): 1.2 kB
2026.05.20 22:55:09 INFO  Progress (1): 1.3 kB
2026.05.20 22:55:09 INFO                      
2026.05.20 22:55:09 INFO  Downloaded from central: https://repo.maven.apache.org/maven2/org/jline/jline-terminal/3.19.0/jline-terminal-3.19.0.pom (1.3 kB at 40 kB/s)
2026.05.20 22:55:09 INFO  Downloading from central: https://repo.maven.apache.org/maven2/org/jline/jline-parent/3.19.0/jline-parent-3.19.0.pom
2026.05.20 22:55:09 INFO  Progress (1): 930 B
2026.05.20 22:55:09 INFO  Progress (1): 2.9 kB
2026.05.20 22:55:09 INFO  Progress (1): 8.3 kB
2026.05.20 22:55:09 INFO  Progress (1): 13 kB 
2026.05.20 22:55:09 INFO  Progress (1): 16 kB
2026.05.20 22:55:09 INFO  Progress (1): 20 kB
2026.05.20 22:55:09 INFO  Progress (1): 24 kB
2026.05.20 22:55:09 INFO                     
2026.05.20 22:55:09 INFO  Downloaded from central: https://repo.maven.apache.org/maven2/org/jline/jline-parent/3.19.0/jline-parent-3.19.0.pom (24 kB at 714 kB/s)
2026.05.20 22:55:09 INFO  Downloading from central: https://repo.maven.apache.org/maven2/org/scala-lang/modules/scala-parser-combinators_2.13/1.1.2/scala-parser-combinators_2.13-1.1.2.pom
2026.05.20 22:55:09 INFO  Progress (1): 1.4 kB
2026.05.20 22:55:09 INFO  Progress (1): 2.2 kB
2026.05.20 22:55:09 INFO                      
2026.05.20 22:55:09 INFO  Downloaded from central: https://repo.maven.apache.org/maven2/org/scala-lang/modules/scala-parser-combinators_2.13/1.1.2/scala-parser-combinators_2.13-1.1.2.pom (2.2 kB at 75 kB/s)
2026.05.20 22:55:09 INFO  Downloading from central: https://repo.maven.apache.org/maven2/net/openhft/zero-allocation-hashing/0.10.1/zero-allocation-hashing-0.10.1.pom
2026.05.20 22:55:09 INFO  Progress (1): 786 B
2026.05.20 22:55:09 INFO  Progress (1): 2.5 kB
2026.05.20 22:55:09 INFO  Progress (1): 6.3 kB
2026.05.20 22:55:09 INFO  Progress (1): 8.1 kB
2026.05.20 22:55:09 INFO                      
2026.05.20 22:55:09 INFO  Downloaded from central: https://repo.maven.apache.org/maven2/net/openhft/zero-allocation-hashing/0.10.1/zero-allocation-hashing-0.10.1.pom (8.1 kB at 245 kB/s)
2026.05.20 22:55:09 INFO  Downloading from central: https://repo.maven.apache.org/maven2/net/openhft/root-parent-pom/1.1.13/root-parent-pom-1.1.13.pom
2026.05.20 22:55:09 INFO  Progress (1): 788 B
2026.05.20 22:55:09 INFO  Progress (1): 3.4 kB
2026.05.20 22:55:09 INFO  Progress (1): 7.4 kB
2026.05.20 22:55:09 INFO  Progress (1): 9.8 kB
2026.05.20 22:55:09 INFO                      
2026.05.20 22:55:09 INFO  Downloaded from central: https://repo.maven.apache.org/maven2/net/openhft/root-parent-pom/1.1.13/root-parent-pom-1.1.13.pom (9.8 kB at 337 kB/s)
2026.05.20 22:55:09 INFO  Downloading from central: https://repo.maven.apache.org/maven2/org/scala-sbt/util-control_2.13/1.8.0/util-control_2.13-1.8.0.pom
2026.05.20 22:55:09 INFO  Progress (1): 1.3 kB
2026.05.20 22:55:09 INFO  Progress (1): 2.8 kB
2026.05.20 22:55:09 INFO                      
2026.05.20 22:55:09 INFO  Downloaded from central: https://repo.maven.apache.org/maven2/org/scala-sbt/util-control_2.13/1.8.0/util-control_2.13-1.8.0.pom (2.8 kB at 92 kB/s)
2026.05.20 22:55:09 INFO  Downloading from central: https://repo.maven.apache.org/maven2/org/scala-sbt/zinc-persist-core-assembly/1.8.0/zinc-persist-core-assembly-1.8.0.pom
2026.05.20 22:55:09 INFO  Progress (1): 1.3 kB
2026.05.20 22:55:09 INFO  Progress (1): 2.4 kB
2026.05.20 22:55:09 INFO                      
2026.05.20 22:55:09 INFO  Downloaded from central: https://repo.maven.apache.org/maven2/org/scala-sbt/zinc-persist-core-assembly/1.8.0/zinc-persist-core-assembly-1.8.0.pom (2.4 kB at 82 kB/s)
2026.05.20 22:55:09 INFO  Downloading from central: https://repo.maven.apache.org/maven2/org/scala-sbt/util-relation_2.13/1.8.0/util-relation_2.13-1.8.0.pom
2026.05.20 22:55:09 INFO  Progress (1): 1.3 kB
2026.05.20 22:55:09 INFO  Progress (1): 3.0 kB
2026.05.20 22:55:09 INFO                      
2026.05.20 22:55:09 INFO  Downloaded from central: https://repo.maven.apache.org/maven2/org/scala-sbt/util-relation_2.13/1.8.0/util-relation_2.13-1.8.0.pom (3.0 kB at 103 kB/s)
2026.05.20 22:55:09 INFO  Downloading from central: https://repo.maven.apache.org/maven2/org/scala-sbt/zinc-persist_2.13/1.8.0/zinc-persist_2.13-1.8.0.pom
2026.05.20 22:55:09 INFO  Progress (1): 1.3 kB
2026.05.20 22:55:09 INFO  Progress (1): 4.3 kB
2026.05.20 22:55:09 INFO                      
2026.05.20 22:55:09 INFO  Downloaded from central: https://repo.maven.apache.org/maven2/org/scala-sbt/zinc-persist_2.13/1.8.0/zinc-persist_2.13-1.8.0.pom (4.3 kB at 150 kB/s)
2026.05.20 22:55:09 INFO  Downloading from central: https://repo.maven.apache.org/maven2/org/scala-lang/scala-library/2.13.8/scala-library-2.13.8.jar
2026.05.20 22:55:09 INFO  Progress (1): 0/6.0 MB
2026.05.20 22:55:09 INFO  Progress (1): 0/6.0 MB
2026.05.20 22:55:09 INFO  Progress (1): 0/6.0 MB
2026.05.20 22:55:09 INFO  Progress (1): 0/6.0 MB
2026.05.20 22:55:09 INFO  Progress (1): 0/6.0 MB
2026.05.20 22:55:09 INFO  Progress (1): 0.1/6.0 MB
2026.05.20 22:55:09 INFO  Progress (1): 0.1/6.0 MB
2026.05.20 22:55:09 INFO  Progress (1): 0.1/6.0 MB
2026.05.20 22:55:09 INFO  Progress (1): 0.1/6.0 MB
2026.05.20 22:55:09 INFO  Progress (1): 0.1/6.0 MB
2026.05.20 22:55:09 INFO  Progress (1): 0.1/6.0 MB
2026.05.20 22:55:09 INFO  Progress (1): 0.2/6.0 MB
2026.05.20 22:55:09 INFO  Progress (1): 0.2/6.0 MB
2026.05.20 22:55:09 INFO  Progress (1): 0.2/6.0 MB
2026.05.20 22:55:09 INFO  Progress (1): 0.2/6.0 MB
2026.05.20 22:55:09 INFO  Progress (1): 0.2/6.0 MB
2026.05.20 22:55:09 INFO  Progress (1): 0.2/6.0 MB
2026.05.20 22:55:09 INFO  Progress (1): 0.2/6.0 MB
2026.05.20 22:55:09 INFO  Progress (1): 0.3/6.0 MB
2026.05.20 22:55:09 INFO  Progress (1): 0.3/6.0 MB
2026.05.20 22:55:09 INFO  Progress (1): 0.3/6.0 MB
2026.05.20 22:55:09 INFO  Progress (1): 0.3/6.0 MB
2026.05.20 22:55:09 INFO  Progress (1): 0.3/6.0 MB
2026.05.20 22:55:09 INFO  Progress (1): 0.3/6.0 MB
2026.05.20 22:55:09 INFO  Progress (1): 0.4/6.0 MB
2026.05.20 22:55:09 INFO  Progress (1): 0.4/6.0 MB
2026.05.20 22:55:09 INFO  Progress (1): 0.4/6.0 MB
2026.05.20 22:55:09 INFO  Progress (1): 0.4/6.0 MB
2026.05.20 22:55:09 INFO  Progress (1): 0.4/6.0 MB
2026.05.20 22:55:09 INFO  Progress (1): 0.4/6.0 MB
2026.05.20 22:55:09 INFO  Progress (1): 0.5/6.0 MB
2026.05.20 22:55:09 INFO  Progress (1): 0.5/6.0 MB
2026.05.20 22:55:09 INFO  Progress (1): 0.5/6.0 MB
2026.05.20 22:55:09 INFO  Progress (1): 0.5/6.0 MB
2026.05.20 22:55:09 INFO  Progress (1): 0.5/6.0 MB
2026.05.20 22:55:09 INFO  Progress (1): 0.5/6.0 MB
2026.05.20 22:55:09 INFO  Progress (1): 0.6/6.0 MB
2026.05.20 22:55:09 INFO  Progress (1): 0.6/6.0 MB
2026.05.20 22:55:09 INFO  Progress (1): 0.6/6.0 MB
2026.05.20 22:55:09 INFO  Progress (1): 0.6/6.0 MB
2026.05.20 22:55:09 INFO  Progress (1): 0.6/6.0 MB
2026.05.20 22:55:09 INFO  Progress (1): 0.6/6.0 MB
2026.05.20 22:55:09 INFO  Progress (1): 0.7/6.0 MB
2026.05.20 22:55:09 INFO  Progress (1): 0.7/6.0 MB
2026.05.20 22:55:09 INFO  Progress (1): 0.7/6.0 MB
2026.05.20 22:55:09 INFO  Progress (1): 0.7/6.0 MB
2026.05.20 22:55:09 INFO  Progress (1): 0.7/6.0 MB
2026.05.20 22:55:09 INFO  Progress (1): 0.7/6.0 MB
2026.05.20 22:55:09 INFO  Progress (1): 0.8/6.0 MB
2026.05.20 22:55:09 INFO  Progress (1): 0.8/6.0 MB
2026.05.20 22:55:09 INFO  Progress (1): 0.8/6.0 MB
2026.05.20 22:55:09 INFO  Progress (1): 0.8/6.0 MB
2026.05.20 22:55:09 INFO  Progress (1): 0.8/6.0 MB
2026.05.20 22:55:09 INFO  Progress (1): 0.8/6.0 MB
2026.05.20 22:55:09 INFO  Progress (1): 0.9/6.0 MB
2026.05.20 22:55:09 INFO  Progress (1): 0.9/6.0 MB
2026.05.20 22:55:09 INFO  Progress (1): 0.9/6.0 MB
2026.05.20 22:55:09 INFO  Progress (1): 0.9/6.0 MB
2026.05.20 22:55:09 INFO  Progress (1): 0.9/6.0 MB
2026.05.20 22:55:09 INFO  Progress (1): 0.9/6.0 MB
2026.05.20 22:55:09 INFO  Progress (1): 1.0/6.0 MB
2026.05.20 22:55:09 INFO  Progress (1): 1.0/6.0 MB
2026.05.20 22:55:09 INFO  Progress (1): 1.0/6.0 MB
2026.05.20 22:55:09 INFO  Progress (1): 1.0/6.0 MB
2026.05.20 22:55:09 INFO  Progress (1): 1.0/6.0 MB
2026.05.20 22:55:09 INFO  Progress (1): 1.0/6.0 MB
2026.05.20 22:55:09 INFO  Progress (1): 1.0/6.0 MB
2026.05.20 22:55:09 INFO  Progress (1): 1.1/6.0 MB
2026.05.20 22:55:09 INFO  Progress (1): 1.1/6.0 MB
2026.05.20 22:55:09 INFO  Progress (1): 1.1/6.0 MB
2026.05.20 22:55:09 INFO  Progress (1): 1.1/6.0 MB
2026.05.20 22:55:09 INFO  Progress (1): 1.1/6.0 MB
2026.05.20 22:55:09 INFO  Progress (1): 1.1/6.0 MB
2026.05.20 22:55:09 INFO  Progress (1): 1.2/6.0 MB
2026.05.20 22:55:09 INFO  Progress (1): 1.2/6.0 MB
2026.05.20 22:55:09 INFO  Progress (1): 1.2/6.0 MB
2026.05.20 22:55:09 INFO  Progress (1): 1.2/6.0 MB
2026.05.20 22:55:09 INFO  Progress (1): 1.2/6.0 MB
2026.05.20 22:55:09 INFO  Progress (1): 1.2/6.0 MB
2026.05.20 22:55:09 INFO  Progress (1): 1.3/6.0 MB
2026.05.20 22:55:09 INFO  Progress (1): 1.3/6.0 MB
2026.05.20 22:55:09 INFO  Progress (1): 1.3/6.0 MB
2026.05.20 22:55:09 INFO  Progress (1): 1.3/6.0 MB
2026.05.20 22:55:09 INFO  Progress (1): 1.3/6.0 MB
2026.05.20 22:55:09 INFO  Progress (1): 1.3/6.0 MB
2026.05.20 22:55:09 INFO  Progress (1): 1.4/6.0 MB
2026.05.20 22:55:09 INFO  Progress (1): 1.4/6.0 MB
2026.05.20 22:55:09 INFO  Progress (1): 1.4/6.0 MB
2026.05.20 22:55:09 INFO  Progress (1): 1.4/6.0 MB
2026.05.20 22:55:09 INFO  Progress (1): 1.4/6.0 MB
2026.05.20 22:55:09 INFO  Progress (1): 1.4/6.0 MB
2026.05.20 22:55:09 INFO  Progress (1): 1.5/6.0 MB
2026.05.20 22:55:09 INFO  Progress (1): 1.5/6.0 MB
2026.05.20 22:55:09 INFO  Progress (1): 1.5/6.0 MB
2026.05.20 22:55:09 INFO  Progress (1): 1.5/6.0 MB
2026.05.20 22:55:09 INFO  Progress (1): 1.5/6.0 MB
2026.05.20 22:55:09 INFO  Progress (1): 1.5/6.0 MB
2026.05.20 22:55:09 INFO  Progress (1): 1.6/6.0 MB
2026.05.20 22:55:09 INFO  Progress (1): 1.6/6.0 MB
2026.05.20 22:55:09 INFO  Progress (1): 1.6/6.0 MB
2026.05.20 22:55:09 INFO  Progress (1): 1.6/6.0 MB
2026.05.20 22:55:09 INFO  Progress (1): 1.6/6.0 MB
2026.05.20 22:55:09 INFO  Progress (1): 1.6/6.0 MB
2026.05.20 22:55:09 INFO  Progress (1): 1.6/6.0 MB
2026.05.20 22:55:09 INFO  Progress (1): 1.7/6.0 MB
2026.05.20 22:55:09 INFO  Progress (1): 1.7/6.0 MB
2026.05.20 22:55:09 INFO  Progress (1): 1.7/6.0 MB
2026.05.20 22:55:09 INFO  Progress (1): 1.7/6.0 MB
2026.05.20 22:55:09 INFO  Progress (1): 1.7/6.0 MB
2026.05.20 22:55:09 INFO  Progress (1): 1.7/6.0 MB
2026.05.20 22:55:09 INFO  Progress (1): 1.8/6.0 MB
2026.05.20 22:55:09 INFO  Progress (1): 1.8/6.0 MB
2026.05.20 22:55:09 INFO  Progress (1): 1.8/6.0 MB
2026.05.20 22:55:09 INFO  Progress (1): 1.8/6.0 MB
2026.05.20 22:55:09 INFO  Progress (1): 1.8/6.0 MB
2026.05.20 22:55:09 INFO  Progress (1): 1.8/6.0 MB
2026.05.20 22:55:09 INFO  Progress (1): 1.9/6.0 MB
2026.05.20 22:55:09 INFO  Progress (1): 1.9/6.0 MB
2026.05.20 22:55:09 INFO  Progress (1): 1.9/6.0 MB
2026.05.20 22:55:09 INFO  Progress (1): 1.9/6.0 MB
2026.05.20 22:55:09 INFO  Progress (1): 1.9/6.0 MB
2026.05.20 22:55:09 INFO  Progress (1): 1.9/6.0 MB
2026.05.20 22:55:09 INFO  Progress (1): 2.0/6.0 MB
2026.05.20 22:55:09 INFO  Progress (1): 2.0/6.0 MB
2026.05.20 22:55:09 INFO  Progress (1): 2.0/6.0 MB
2026.05.20 22:55:09 INFO  Progress (1): 2.0/6.0 MB
2026.05.20 22:55:09 INFO  Progress (1): 2.0/6.0 MB
2026.05.20 22:55:09 INFO  Progress (1): 2.0/6.0 MB
2026.05.20 22:55:09 INFO  Progress (1): 2.1/6.0 MB
2026.05.20 22:55:09 INFO  Progress (1): 2.1/6.0 MB
2026.05.20 22:55:09 INFO  Progress (1): 2.1/6.0 MB
2026.05.20 22:55:09 INFO  Progress (1): 2.1/6.0 MB
2026.05.20 22:55:09 INFO  Progress (1): 2.1/6.0 MB
2026.05.20 22:55:09 INFO  Progress (1): 2.1/6.0 MB
2026.05.20 22:55:09 INFO  Progress (1): 2.2/6.0 MB
2026.05.20 22:55:09 INFO  Progress (1): 2.2/6.0 MB
2026.05.20 22:55:09 INFO  Progress (1): 2.2/6.0 MB
2026.05.20 22:55:09 INFO  Progress (1): 2.2/6.0 MB
2026.05.20 22:55:09 INFO  Progress (1): 2.2/6.0 MB
2026.05.20 22:55:09 INFO  Progress (1): 2.2/6.0 MB
2026.05.20 22:55:09 INFO  Progress (1): 2.2/6.0 MB
2026.05.20 22:55:09 INFO  Progress (1): 2.3/6.0 MB
2026.05.20 22:55:09 INFO  Progress (1): 2.3/6.0 MB
2026.05.20 22:55:09 INFO  Progress (1): 2.3/6.0 MB
2026.05.20 22:55:09 INFO  Progress (1): 2.3/6.0 MB
2026.05.20 22:55:09 INFO  Progress (1): 2.3/6.0 MB
2026.05.20 22:55:09 INFO  Progress (1): 2.3/6.0 MB
2026.05.20 22:55:09 INFO  Progress (1): 2.4/6.0 MB
2026.05.20 22:55:09 INFO  Progress (1): 2.4/6.0 MB
2026.05.20 22:55:09 INFO  Progress (1): 2.4/6.0 MB
2026.05.20 22:55:09 INFO  Progress (1): 2.4/6.0 MB
2026.05.20 22:55:09 INFO  Progress (1): 2.4/6.0 MB
2026.05.20 22:55:09 INFO  Progress (1): 2.4/6.0 MB
2026.05.20 22:55:09 INFO  Progress (1): 2.4/6.0 MB
2026.05.20 22:55:09 INFO  Progress (1): 2.4/6.0 MB
2026.05.20 22:55:09 INFO  Progress (1): 2.5/6.0 MB
2026.05.20 22:55:09 INFO  Progress (1): 2.5/6.0 MB
2026.05.20 22:55:09 INFO  Progress (1): 2.5/6.0 MB
2026.05.20 22:55:09 INFO  Progress (1): 2.5/6.0 MB
2026.05.20 22:55:09 INFO  Progress (1): 2.5/6.0 MB
2026.05.20 22:55:09 INFO  Progress (1): 2.5/6.0 MB
2026.05.20 22:55:09 INFO  Progress (1): 2.6/6.0 MB
2026.05.20 22:55:09 INFO  Progress (1): 2.6/6.0 MB
2026.05.20 22:55:09 INFO  Progress (1): 2.6/6.0 MB
2026.05.20 22:55:09 INFO  Progress (1): 2.6/6.0 MB
2026.05.20 22:55:09 INFO  Progress (1): 2.6/6.0 MB
2026.05.20 22:55:09 INFO  Progress (1): 2.6/6.0 MB
2026.05.20 22:55:09 INFO  Progress (1): 2.7/6.0 MB
2026.05.20 22:55:09 INFO  Progress (1): 2.7/6.0 MB
2026.05.20 22:55:09 INFO  Progress (1): 2.7/6.0 MB
2026.05.20 22:55:09 INFO  Progress (1): 2.7/6.0 MB
2026.05.20 22:55:09 INFO  Progress (1): 2.7/6.0 MB
2026.05.20 22:55:09 INFO  Progress (1): 2.7/6.0 MB
2026.05.20 22:55:09 INFO  Progress (1): 2.8/6.0 MB
2026.05.20 22:55:09 INFO  Progress (1): 2.8/6.0 MB
2026.05.20 22:55:09 INFO  Progress (1): 2.8/6.0 MB
2026.05.20 22:55:09 INFO  Progress (1): 2.8/6.0 MB
2026.05.20 22:55:09 INFO  Progress (1): 2.8/6.0 MB
2026.05.20 22:55:09 INFO  Progress (1): 2.8/6.0 MB
2026.05.20 22:55:09 INFO  Progress (1): 2.9/6.0 MB
2026.05.20 22:55:09 INFO  Progress (1): 2.9/6.0 MB
2026.05.20 22:55:09 INFO  Progress (1): 2.9/6.0 MB
2026.05.20 22:55:09 INFO  Progress (1): 2.9/6.0 MB
2026.05.20 22:55:09 INFO  Progress (1): 2.9/6.0 MB
2026.05.20 22:55:09 INFO  Progress (1): 2.9/6.0 MB
2026.05.20 22:55:09 INFO  Progress (1): 2.9/6.0 MB
2026.05.20 22:55:09 INFO  Progress (1): 3.0/6.0 MB
2026.05.20 22:55:09 INFO  Progress (1): 3.0/6.0 MB
2026.05.20 22:55:09 INFO  Progress (1): 3.0/6.0 MB
2026.05.20 22:55:09 INFO  Progress (1): 3.0/6.0 MB
2026.05.20 22:55:09 INFO  Progress (1): 3.0/6.0 MB
2026.05.20 22:55:09 INFO  Progress (1): 3.0/6.0 MB
2026.05.20 22:55:09 INFO  Progress (1): 3.1/6.0 MB
2026.05.20 22:55:09 INFO  Progress (1): 3.1/6.0 MB
2026.05.20 22:55:09 INFO  Progress (1): 3.1/6.0 MB
2026.05.20 22:55:09 INFO  Progress (1): 3.1/6.0 MB
2026.05.20 22:55:09 INFO  Progress (1): 3.1/6.0 MB
2026.05.20 22:55:09 INFO  Progress (1): 3.1/6.0 MB
2026.05.20 22:55:09 INFO  Progress (1): 3.2/6.0 MB
2026.05.20 22:55:09 INFO  Progress (1): 3.2/6.0 MB
2026.05.20 22:55:09 INFO  Progress (1): 3.2/6.0 MB
2026.05.20 22:55:09 INFO  Progress (1): 3.2/6.0 MB
2026.05.20 22:55:09 INFO  Progress (1): 3.2/6.0 MB
2026.05.20 22:55:09 INFO  Progress (1): 3.2/6.0 MB
2026.05.20 22:55:09 INFO  Progress (1): 3.3/6.0 MB
2026.05.20 22:55:09 INFO  Progress (1): 3.3/6.0 MB
2026.05.20 22:55:09 INFO  Progress (1): 3.3/6.0 MB
2026.05.20 22:55:09 INFO  Progress (1): 3.3/6.0 MB
2026.05.20 22:55:09 INFO  Progress (1): 3.3/6.0 MB
2026.05.20 22:55:09 INFO  Progress (1): 3.3/6.0 MB
2026.05.20 22:55:09 INFO  Progress (1): 3.4/6.0 MB
2026.05.20 22:55:09 INFO  Progress (1): 3.4/6.0 MB
2026.05.20 22:55:09 INFO  Progress (1): 3.4/6.0 MB
2026.05.20 22:55:09 INFO  Progress (1): 3.4/6.0 MB
2026.05.20 22:55:09 INFO  Progress (1): 3.4/6.0 MB
2026.05.20 22:55:09 INFO  Progress (1): 3.4/6.0 MB
2026.05.20 22:55:09 INFO  Progress (1): 3.5/6.0 MB
2026.05.20 22:55:09 INFO  Progress (1): 3.5/6.0 MB
2026.05.20 22:55:09 INFO  Progress (1): 3.5/6.0 MB
2026.05.20 22:55:09 INFO  Progress (1): 3.5/6.0 MB
2026.05.20 22:55:09 INFO  Progress (1): 3.5/6.0 MB
2026.05.20 22:55:09 INFO  Progress (1): 3.5/6.0 MB
2026.05.20 22:55:09 INFO  Progress (1): 3.6/6.0 MB
2026.05.20 22:55:09 INFO  Progress (1): 3.6/6.0 MB
2026.05.20 22:55:09 INFO  Progress (1): 3.6/6.0 MB
2026.05.20 22:55:10 INFO  Progress (1): 3.6/6.0 MB
2026.05.20 22:55:10 INFO  Progress (1): 3.6/6.0 MB
2026.05.20 22:55:10 INFO  Progress (1): 3.6/6.0 MB
2026.05.20 22:55:10 INFO  Progress (1): 3.7/6.0 MB
2026.05.20 22:55:10 INFO  Progress (1): 3.7/6.0 MB
2026.05.20 22:55:10 INFO  Progress (1): 3.7/6.0 MB
2026.05.20 22:55:10 INFO  Progress (1): 3.7/6.0 MB
2026.05.20 22:55:10 INFO  Progress (1): 3.7/6.0 MB
2026.05.20 22:55:10 INFO  Progress (1): 3.7/6.0 MB
2026.05.20 22:55:10 INFO  Progress (1): 3.8/6.0 MB
2026.05.20 22:55:10 INFO  Progress (1): 3.8/6.0 MB
2026.05.20 22:55:10 INFO  Progress (1): 3.8/6.0 MB
2026.05.20 22:55:10 INFO  Progress (1): 3.8/6.0 MB
2026.05.20 22:55:10 INFO  Progress (1): 3.8/6.0 MB
2026.05.20 22:55:10 INFO  Progress (1): 3.8/6.0 MB
2026.05.20 22:55:10 INFO  Progress (1): 3.9/6.0 MB
2026.05.20 22:55:10 INFO  Progress (1): 3.9/6.0 MB
2026.05.20 22:55:10 INFO  Progress (1): 3.9/6.0 MB
2026.05.20 22:55:10 INFO  Progress (1): 3.9/6.0 MB
2026.05.20 22:55:10 INFO  Progress (1): 3.9/6.0 MB
2026.05.20 22:55:10 INFO  Progress (1): 3.9/6.0 MB
2026.05.20 22:55:10 INFO  Progress (1): 3.9/6.0 MB
2026.05.20 22:55:10 INFO  Progress (1): 4.0/6.0 MB
2026.05.20 22:55:10 INFO  Progress (1): 4.0/6.0 MB
2026.05.20 22:55:10 INFO  Progress (1): 4.0/6.0 MB
2026.05.20 22:55:10 INFO  Progress (1): 4.0/6.0 MB
2026.05.20 22:55:10 INFO  Progress (1): 4.0/6.0 MB
2026.05.20 22:55:10 INFO  Progress (1): 4.0/6.0 MB
2026.05.20 22:55:10 INFO  Progress (1): 4.1/6.0 MB
2026.05.20 22:55:10 INFO  Progress (1): 4.1/6.0 MB
2026.05.20 22:55:10 INFO  Progress (1): 4.1/6.0 MB
2026.05.20 22:55:10 INFO  Progress (1): 4.1/6.0 MB
2026.05.20 22:55:10 INFO  Progress (1): 4.1/6.0 MB
2026.05.20 22:55:10 INFO  Progress (1): 4.1/6.0 MB
2026.05.20 22:55:10 INFO  Progress (1): 4.2/6.0 MB
2026.05.20 22:55:10 INFO  Progress (1): 4.2/6.0 MB
2026.05.20 22:55:10 INFO  Progress (1): 4.2/6.0 MB
2026.05.20 22:55:10 INFO  Progress (1): 4.2/6.0 MB
2026.05.20 22:55:10 INFO  Progress (1): 4.2/6.0 MB
2026.05.20 22:55:10 INFO  Progress (1): 4.2/6.0 MB
2026.05.20 22:55:10 INFO  Progress (1): 4.3/6.0 MB
2026.05.20 22:55:10 INFO  Progress (1): 4.3/6.0 MB
2026.05.20 22:55:10 INFO  Progress (1): 4.3/6.0 MB
2026.05.20 22:55:10 INFO  Progress (1): 4.3/6.0 MB
2026.05.20 22:55:10 INFO  Progress (1): 4.3/6.0 MB
2026.05.20 22:55:10 INFO  Progress (1): 4.3/6.0 MB
2026.05.20 22:55:10 INFO  Progress (1): 4.4/6.0 MB
2026.05.20 22:55:10 INFO  Progress (1): 4.4/6.0 MB
2026.05.20 22:55:10 INFO  Progress (1): 4.4/6.0 MB
2026.05.20 22:55:10 INFO  Progress (1): 4.4/6.0 MB
2026.05.20 22:55:10 INFO  Progress (1): 4.4/6.0 MB
2026.05.20 22:55:10 INFO  Progress (1): 4.4/6.0 MB
2026.05.20 22:55:10 INFO  Progress (1): 4.5/6.0 MB
2026.05.20 22:55:10 INFO  Progress (1): 4.5/6.0 MB
2026.05.20 22:55:10 INFO  Progress (1): 4.5/6.0 MB
2026.05.20 22:55:10 INFO  Progress (1): 4.5/6.0 MB
2026.05.20 22:55:10 INFO  Progress (1): 4.5/6.0 MB
2026.05.20 22:55:10 INFO  Progress (1): 4.5/6.0 MB
2026.05.20 22:55:10 INFO  Progress (1): 4.5/6.0 MB
2026.05.20 22:55:10 INFO  Progress (1): 4.6/6.0 MB
2026.05.20 22:55:10 INFO  Progress (1): 4.6/6.0 MB
2026.05.20 22:55:10 INFO  Progress (1): 4.6/6.0 MB
2026.05.20 22:55:10 INFO  Progress (1): 4.6/6.0 MB
2026.05.20 22:55:10 INFO  Progress (1): 4.6/6.0 MB
2026.05.20 22:55:10 INFO  Progress (1): 4.6/6.0 MB
2026.05.20 22:55:10 INFO  Progress (1): 4.6/6.0 MB
2026.05.20 22:55:10 INFO  Progress (1): 4.7/6.0 MB
2026.05.20 22:55:10 INFO  Progress (1): 4.7/6.0 MB
2026.05.20 22:55:10 INFO  Progress (1): 4.7/6.0 MB
2026.05.20 22:55:10 INFO  Progress (1): 4.7/6.0 MB
2026.05.20 22:55:10 INFO  Progress (1): 4.7/6.0 MB
2026.05.20 22:55:10 INFO  Progress (1): 4.7/6.0 MB
2026.05.20 22:55:10 INFO  Progress (1): 4.8/6.0 MB
2026.05.20 22:55:10 INFO  Progress (1): 4.8/6.0 MB
2026.05.20 22:55:10 INFO  Progress (1): 4.8/6.0 MB
2026.05.20 22:55:10 INFO  Progress (1): 4.8/6.0 MB
2026.05.20 22:55:10 INFO  Progress (1): 4.8/6.0 MB
2026.05.20 22:55:10 INFO  Progress (1): 4.8/6.0 MB
2026.05.20 22:55:10 INFO  Progress (1): 4.9/6.0 MB
2026.05.20 22:55:10 INFO  Progress (1): 4.9/6.0 MB
2026.05.20 22:55:10 INFO  Progress (1): 4.9/6.0 MB
2026.05.20 22:55:10 INFO  Progress (1): 4.9/6.0 MB
2026.05.20 22:55:10 INFO  Progress (1): 4.9/6.0 MB
2026.05.20 22:55:10 INFO  Progress (1): 4.9/6.0 MB
2026.05.20 22:55:10 INFO  Progress (1): 5.0/6.0 MB
2026.05.20 22:55:10 INFO  Progress (1): 5.0/6.0 MB
2026.05.20 22:55:10 INFO  Progress (1): 5.0/6.0 MB
2026.05.20 22:55:10 INFO  Progress (1): 5.0/6.0 MB
2026.05.20 22:55:10 INFO  Progress (1): 5.0/6.0 MB
2026.05.20 22:55:10 INFO  Progress (1): 5.0/6.0 MB
2026.05.20 22:55:10 INFO  Progress (1): 5.0/6.0 MB
2026.05.20 22:55:10 INFO  Progress (1): 5.1/6.0 MB
2026.05.20 22:55:10 INFO  Progress (1): 5.1/6.0 MB
2026.05.20 22:55:10 INFO  Progress (1): 5.1/6.0 MB
2026.05.20 22:55:10 INFO  Progress (1): 5.1/6.0 MB
2026.05.20 22:55:10 INFO  Progress (1): 5.1/6.0 MB
2026.05.20 22:55:10 INFO  Progress (1): 5.1/6.0 MB
2026.05.20 22:55:10 INFO  Progress (1): 5.2/6.0 MB
2026.05.20 22:55:10 INFO  Progress (1): 5.2/6.0 MB
2026.05.20 22:55:10 INFO  Progress (1): 5.2/6.0 MB
2026.05.20 22:55:10 INFO  Progress (1): 5.2/6.0 MB
2026.05.20 22:55:10 INFO  Progress (1): 5.2/6.0 MB
2026.05.20 22:55:10 INFO  Progress (1): 5.2/6.0 MB
2026.05.20 22:55:10 INFO  Progress (1): 5.2/6.0 MB
2026.05.20 22:55:10 INFO  Progress (1): 5.3/6.0 MB
2026.05.20 22:55:10 INFO  Progress (1): 5.3/6.0 MB
2026.05.20 22:55:10 INFO  Progress (1): 5.3/6.0 MB
2026.05.20 22:55:10 INFO  Progress (1): 5.3/6.0 MB
2026.05.20 22:55:10 INFO  Progress (1): 5.3/6.0 MB
2026.05.20 22:55:10 INFO  Progress (1): 5.3/6.0 MB
2026.05.20 22:55:10 INFO  Progress (1): 5.4/6.0 MB
2026.05.20 22:55:10 INFO  Progress (1): 5.4/6.0 MB
2026.05.20 22:55:10 INFO  Progress (1): 5.4/6.0 MB
2026.05.20 22:55:10 INFO  Progress (1): 5.4/6.0 MB
2026.05.20 22:55:10 INFO  Progress (1): 5.4/6.0 MB
2026.05.20 22:55:10 INFO  Progress (1): 5.4/6.0 MB
2026.05.20 22:55:10 INFO  Progress (1): 5.5/6.0 MB
2026.05.20 22:55:10 INFO  Progress (1): 5.5/6.0 MB
2026.05.20 22:55:10 INFO  Progress (1): 5.5/6.0 MB
2026.05.20 22:55:10 INFO  Progress (1): 5.5/6.0 MB
2026.05.20 22:55:10 INFO  Progress (1): 5.5/6.0 MB
2026.05.20 22:55:10 INFO  Progress (1): 5.5/6.0 MB
2026.05.20 22:55:10 INFO  Progress (1): 5.6/6.0 MB
2026.05.20 22:55:10 INFO  Progress (1): 5.6/6.0 MB
2026.05.20 22:55:10 INFO  Progress (1): 5.6/6.0 MB
2026.05.20 22:55:10 INFO  Progress (1): 5.6/6.0 MB
2026.05.20 22:55:10 INFO  Progress (1): 5.6/6.0 MB
2026.05.20 22:55:10 INFO  Progress (1): 5.6/6.0 MB
2026.05.20 22:55:10 INFO  Progress (1): 5.7/6.0 MB
2026.05.20 22:55:10 INFO  Progress (1): 5.7/6.0 MB
2026.05.20 22:55:10 INFO  Progress (1): 5.7/6.0 MB
2026.05.20 22:55:10 INFO  Progress (1): 5.7/6.0 MB
2026.05.20 22:55:10 INFO  Progress (1): 5.7/6.0 MB
2026.05.20 22:55:10 INFO  Progress (1): 5.7/6.0 MB
2026.05.20 22:55:10 INFO  Progress (1): 5.8/6.0 MB
2026.05.20 22:55:10 INFO  Progress (1): 5.8/6.0 MB
2026.05.20 22:55:10 INFO  Progress (1): 5.8/6.0 MB
2026.05.20 22:55:10 INFO  Progress (1): 5.8/6.0 MB
2026.05.20 22:55:10 INFO  Progress (1): 5.8/6.0 MB
2026.05.20 22:55:10 INFO  Progress (1): 5.8/6.0 MB
2026.05.20 22:55:10 INFO  Progress (1): 5.9/6.0 MB
2026.05.20 22:55:10 INFO  Progress (1): 5.9/6.0 MB
2026.05.20 22:55:10 INFO  Progress (1): 5.9/6.0 MB
2026.05.20 22:55:10 INFO  Progress (1): 5.9/6.0 MB
2026.05.20 22:55:10 INFO  Progress (1): 5.9/6.0 MB
2026.05.20 22:55:10 INFO  Progress (1): 5.9/6.0 MB
2026.05.20 22:55:10 INFO  Progress (1): 6.0/6.0 MB
2026.05.20 22:55:10 INFO  Progress (1): 6.0/6.0 MB
2026.05.20 22:55:10 INFO  Progress (1): 6.0/6.0 MB
2026.05.20 22:55:10 INFO  Progress (1): 6.0/6.0 MB
2026.05.20 22:55:10 INFO  Progress (1): 6.0 MB    
2026.05.20 22:55:10 INFO                      
2026.05.20 22:55:10 INFO  Downloaded from central: https://repo.maven.apache.org/maven2/org/scala-lang/scala-library/2.13.8/scala-library-2.13.8.jar (6.0 MB at 17 MB/s)
2026.05.20 22:55:10 INFO  Downloading from central: https://repo.maven.apache.org/maven2/ch/epfl/scala/bloop-config_2.13/2.3.3/bloop-config_2.13-2.3.3.jar
2026.05.20 22:55:10 INFO  Downloading from central: https://repo.maven.apache.org/maven2/com/github/plokhotnyuk/jsoniter-scala/jsoniter-scala-core_2.13/2.13.5.2/jsoniter-scala-core_2.13-2.13.5.2.jar
2026.05.20 22:55:10 INFO  Downloading from central: https://repo.maven.apache.org/maven2/com/lihaoyi/unroll-annotation_2.13/0.1.12/unroll-annotation_2.13-0.1.12.jar
2026.05.20 22:55:10 INFO  Downloading from central: https://repo.maven.apache.org/maven2/net/alchim31/maven/scala-maven-plugin/4.8.0/scala-maven-plugin-4.8.0.jar
2026.05.20 22:55:10 INFO  Downloading from central: https://repo.maven.apache.org/maven2/org/apache/maven/reporting/maven-reporting-api/3.1.1/maven-reporting-api-3.1.1.jar
2026.05.20 22:55:10 INFO  Progress (1): 7.7/176 kB
2026.05.20 22:55:10 INFO  Progress (1): 8.2/176 kB
2026.05.20 22:55:10 INFO  Progress (1): 25/176 kB 
2026.05.20 22:55:10 INFO  Progress (1): 41/176 kB
2026.05.20 22:55:10 INFO  Progress (1): 57/176 kB
2026.05.20 22:55:10 INFO  Progress (1): 74/176 kB
2026.05.20 22:55:10 INFO  Progress (1): 90/176 kB
2026.05.20 22:55:10 INFO  Progress (1): 106/176 kB
2026.05.20 22:55:10 INFO  Progress (1): 123/176 kB
2026.05.20 22:55:10 INFO  Progress (1): 139/176 kB
2026.05.20 22:55:10 INFO  Progress (1): 156/176 kB
2026.05.20 22:55:10 INFO  Progress (1): 172/176 kB
2026.05.20 22:55:10 INFO  Progress (1): 176 kB    
2026.05.20 22:55:10 INFO                      
2026.05.20 22:55:10 INFO  Downloaded from central: https://repo.maven.apache.org/maven2/com/github/plokhotnyuk/jsoniter-scala/jsoniter-scala-core_2.13/2.13.5.2/jsoniter-scala-core_2.13-2.13.5.2.jar (176 kB at 4.2 MB/s)
2026.05.20 22:55:10 INFO  Downloading from central: https://repo.maven.apache.org/maven2/org/apache/maven/doxia/doxia-sink-api/1.11.1/doxia-sink-api-1.11.1.jar
2026.05.20 22:55:10 INFO  Progress (1): 0.9/11 kB
2026.05.20 22:55:10 INFO  Progress (1): 2.3/11 kB
2026.05.20 22:55:10 INFO  Progress (1): 3.6/11 kB
2026.05.20 22:55:10 INFO  Progress (1): 5.0/11 kB
2026.05.20 22:55:10 INFO  Progress (2): 5.0/11 kB | 7.7/12 kB
2026.05.20 22:55:10 INFO  Progress (2): 6.4/11 kB | 7.7/12 kB
2026.05.20 22:55:10 INFO  Progress (2): 6.4/11 kB | 12 kB    
2026.05.20 22:55:10 INFO  Progress (2): 7.7/11 kB | 12 kB
2026.05.20 22:55:10 INFO  Progress (2): 9.1/11 kB | 12 kB
2026.05.20 22:55:10 INFO  Progress (2): 10/11 kB | 12 kB 
2026.05.20 22:55:10 INFO  Progress (2): 11 kB | 12 kB   
2026.05.20 22:55:10 INFO                             
2026.05.20 22:55:10 INFO  Downloaded from central: https://repo.maven.apache.org/maven2/org/apache/maven/doxia/doxia-sink-api/1.11.1/doxia-sink-api-1.11.1.jar (12 kB at 176 kB/s)
2026.05.20 22:55:10 INFO  Downloading from central: https://repo.maven.apache.org/maven2/org/apache/maven/doxia/doxia-logging-api/1.11.1/doxia-logging-api-1.11.1.jar
2026.05.20 22:55:10 INFO  Downloaded from central: https://repo.maven.apache.org/maven2/org/apache/maven/reporting/maven-reporting-api/3.1.1/maven-reporting-api-3.1.1.jar (11 kB at 153 kB/s)
2026.05.20 22:55:10 INFO  Downloading from central: https://repo.maven.apache.org/maven2/org/apache/maven/maven-archiver/3.6.0/maven-archiver-3.6.0.jar
2026.05.20 22:55:10 INFO  Progress (1): 0.9/1.3 kB
2026.05.20 22:55:10 INFO  Progress (1): 1.3 kB    
2026.05.20 22:55:10 INFO                      
2026.05.20 22:55:10 INFO  Downloaded from central: https://repo.maven.apache.org/maven2/com/lihaoyi/unroll-annotation_2.13/0.1.12/unroll-annotation_2.13-0.1.12.jar (1.3 kB at 17 kB/s)
2026.05.20 22:55:10 INFO  Downloading from central: https://repo.maven.apache.org/maven2/org/codehaus/plexus/plexus-io/3.4.0/plexus-io-3.4.0.jar
2026.05.20 22:55:10 INFO  Progress (1): 0.9/159 kB
2026.05.20 22:55:10 INFO  Progress (1): 2.3/159 kB
2026.05.20 22:55:10 INFO  Progress (1): 3.6/159 kB
2026.05.20 22:55:10 INFO  Progress (1): 5.0/159 kB
2026.05.20 22:55:10 INFO  Progress (1): 6.4/159 kB
2026.05.20 22:55:10 INFO  Progress (1): 7.7/159 kB
2026.05.20 22:55:10 INFO  Progress (1): 8.2/159 kB
2026.05.20 22:55:10 INFO  Progress (1): 9.6/159 kB
2026.05.20 22:55:10 INFO  Progress (1): 11/159 kB 
2026.05.20 22:55:10 INFO  Progress (1): 12/159 kB
2026.05.20 22:55:10 INFO  Progress (1): 14/159 kB
2026.05.20 22:55:10 INFO  Progress (1): 15/159 kB
2026.05.20 22:55:10 INFO  Progress (1): 16/159 kB
2026.05.20 22:55:10 INFO  Progress (1): 18/159 kB
2026.05.20 22:55:10 INFO  Progress (1): 19/159 kB
2026.05.20 22:55:10 INFO  Progress (1): 21/159 kB
2026.05.20 22:55:10 INFO  Progress (1): 22/159 kB
2026.05.20 22:55:10 INFO  Progress (1): 23/159 kB
2026.05.20 22:55:10 INFO  Progress (1): 25/159 kB
2026.05.20 22:55:10 INFO  Progress (1): 26/159 kB
2026.05.20 22:55:10 INFO  Progress (1): 27/159 kB
2026.05.20 22:55:10 INFO  Progress (1): 29/159 kB
2026.05.20 22:55:10 INFO  Progress (1): 30/159 kB
2026.05.20 22:55:10 INFO  Progress (1): 31/159 kB
2026.05.20 22:55:10 INFO  Progress (1): 33/159 kB
2026.05.20 22:55:10 INFO  Progress (1): 34/159 kB
2026.05.20 22:55:10 INFO  Progress (1): 36/159 kB
2026.05.20 22:55:10 INFO  Progress (1): 37/159 kB
2026.05.20 22:55:10 INFO  Progress (1): 38/159 kB
2026.05.20 22:55:10 INFO  Progress (1): 40/159 kB
2026.05.20 22:55:10 INFO  Progress (1): 41/159 kB
2026.05.20 22:55:10 INFO  Progress (1): 42/159 kB
2026.05.20 22:55:10 INFO  Progress (1): 44/159 kB
2026.05.20 22:55:10 INFO  Progress (1): 45/159 kB
2026.05.20 22:55:10 INFO  Progress (1): 46/159 kB
2026.05.20 22:55:10 INFO  Progress (1): 48/159 kB
2026.05.20 22:55:10 INFO  Progress (1): 49/159 kB
2026.05.20 22:55:10 INFO  Progress (1): 51/159 kB
2026.05.20 22:55:10 INFO  Progress (1): 52/159 kB
2026.05.20 22:55:10 INFO  Progress (2): 52/159 kB | 0.9/288 kB
2026.05.20 22:55:10 INFO  Progress (2): 52/159 kB | 2.3/288 kB
2026.05.20 22:55:10 INFO  Progress (2): 52/159 kB | 3.6/288 kB
2026.05.20 22:55:10 INFO  Progress (2): 52/159 kB | 5.0/288 kB
2026.05.20 22:55:10 INFO  Progress (2): 52/159 kB | 6.4/288 kB
2026.05.20 22:55:10 INFO  Progress (2): 52/159 kB | 7.7/288 kB
2026.05.20 22:55:10 INFO  Progress (2): 52/159 kB | 9.1/288 kB
2026.05.20 22:55:10 INFO  Progress (2): 52/159 kB | 10/288 kB 
2026.05.20 22:55:10 INFO  Progress (2): 52/159 kB | 12/288 kB
2026.05.20 22:55:10 INFO  Progress (2): 52/159 kB | 13/288 kB
2026.05.20 22:55:10 INFO  Progress (2): 52/159 kB | 15/288 kB
2026.05.20 22:55:10 INFO  Progress (2): 52/159 kB | 16/288 kB
2026.05.20 22:55:10 INFO  Progress (2): 53/159 kB | 16/288 kB
2026.05.20 22:55:10 INFO  Progress (2): 55/159 kB | 16/288 kB
2026.05.20 22:55:10 INFO  Progress (2): 59/159 kB | 16/288 kB
2026.05.20 22:55:10 INFO  Progress (2): 63/159 kB | 16/288 kB
2026.05.20 22:55:10 INFO  Progress (2): 66/159 kB | 16/288 kB
2026.05.20 22:55:10 INFO  Progress (2): 70/159 kB | 16/288 kB
2026.05.20 22:55:10 INFO  Progress (2): 74/159 kB | 16/288 kB
2026.05.20 22:55:10 INFO  Progress (3): 74/159 kB | 16/288 kB | 0.9/12 kB
2026.05.20 22:55:10 INFO  Progress (3): 78/159 kB | 16/288 kB | 0.9/12 kB
2026.05.20 22:55:10 INFO  Progress (3): 78/159 kB | 16/288 kB | 2.3/12 kB
2026.05.20 22:55:10 INFO  Progress (3): 82/159 kB | 16/288 kB | 2.3/12 kB
2026.05.20 22:55:10 INFO  Progress (3): 82/159 kB | 16/288 kB | 3.6/12 kB
2026.05.20 22:55:10 INFO  Progress (3): 82/159 kB | 16/288 kB | 5.0/12 kB
2026.05.20 22:55:10 INFO  Progress (3): 86/159 kB | 16/288 kB | 5.0/12 kB
2026.05.20 22:55:10 INFO  Progress (3): 86/159 kB | 16/288 kB | 6.4/12 kB
2026.05.20 22:55:10 INFO  Progress (3): 86/159 kB | 16/288 kB | 7.7/12 kB
2026.05.20 22:55:10 INFO  Progress (3): 90/159 kB | 16/288 kB | 7.7/12 kB
2026.05.20 22:55:10 INFO  Progress (3): 90/159 kB | 16/288 kB | 9.1/12 kB
2026.05.20 22:55:10 INFO  Progress (3): 90/159 kB | 17/288 kB | 9.1/12 kB
2026.05.20 22:55:10 INFO  Progress (3): 90/159 kB | 17/288 kB | 10/12 kB 
2026.05.20 22:55:10 INFO  Progress (3): 90/159 kB | 17/288 kB | 11/12 kB
2026.05.20 22:55:10 INFO  Progress (3): 90/159 kB | 19/288 kB | 11/12 kB
2026.05.20 22:55:10 INFO  Progress (3): 90/159 kB | 19/288 kB | 12 kB   
2026.05.20 22:55:10 INFO  Progress (3): 90/159 kB | 20/288 kB | 12 kB
2026.05.20 22:55:10 INFO  Progress (3): 90/159 kB | 21/288 kB | 12 kB
2026.05.20 22:55:10 INFO  Progress (3): 90/159 kB | 23/288 kB | 12 kB
2026.05.20 22:55:10 INFO  Progress (3): 90/159 kB | 24/288 kB | 12 kB
2026.05.20 22:55:10 INFO  Progress (3): 90/159 kB | 25/288 kB | 12 kB
2026.05.20 22:55:10 INFO  Progress (3): 90/159 kB | 27/288 kB | 12 kB
2026.05.20 22:55:10 INFO  Progress (3): 90/159 kB | 28/288 kB | 12 kB
2026.05.20 22:55:10 INFO  Progress (3): 90/159 kB | 30/288 kB | 12 kB
2026.05.20 22:55:10 INFO  Progress (3): 90/159 kB | 31/288 kB | 12 kB
2026.05.20 22:55:10 INFO  Progress (3): 90/159 kB | 32/288 kB | 12 kB
2026.05.20 22:55:10 INFO  Progress (3): 90/159 kB | 34/288 kB | 12 kB
2026.05.20 22:55:10 INFO  Progress (3): 90/159 kB | 35/288 kB | 12 kB
2026.05.20 22:55:10 INFO  Progress (3): 90/159 kB | 36/288 kB | 12 kB
2026.05.20 22:55:10 INFO  Progress (3): 90/159 kB | 38/288 kB | 12 kB
2026.05.20 22:55:10 INFO                                             
2026.05.20 22:55:10 INFO  Downloaded from central: https://repo.maven.apache.org/maven2/org/apache/maven/doxia/doxia-logging-api/1.11.1/doxia-logging-api-1.11.1.jar (12 kB at 133 kB/s)
2026.05.20 22:55:10 INFO  Downloading from central: https://repo.maven.apache.org/maven2/org/apache/commons/commons-exec/1.3/commons-exec-1.3.jar
2026.05.20 22:55:10 INFO  Progress (2): 90/159 kB | 39/288 kB
2026.05.20 22:55:10 INFO  Progress (2): 90/159 kB | 41/288 kB
2026.05.20 22:55:10 INFO  Progress (2): 90/159 kB | 42/288 kB
2026.05.20 22:55:10 INFO  Progress (2): 90/159 kB | 43/288 kB
2026.05.20 22:55:10 INFO  Progress (2): 90/159 kB | 45/288 kB
2026.05.20 22:55:10 INFO  Progress (2): 90/159 kB | 46/288 kB
2026.05.20 22:55:10 INFO  Progress (2): 90/159 kB | 47/288 kB
2026.05.20 22:55:10 INFO  Progress (2): 90/159 kB | 49/288 kB
2026.05.20 22:55:10 INFO  Progress (2): 90/159 kB | 50/288 kB
2026.05.20 22:55:10 INFO  Progress (2): 90/159 kB | 51/288 kB
2026.05.20 22:55:10 INFO  Progress (2): 90/159 kB | 53/288 kB
2026.05.20 22:55:10 INFO  Progress (2): 90/159 kB | 54/288 kB
2026.05.20 22:55:10 INFO  Progress (2): 95/159 kB | 54/288 kB
2026.05.20 22:55:10 INFO  Progress (2): 95/159 kB | 56/288 kB
2026.05.20 22:55:10 INFO  Progress (2): 99/159 kB | 56/288 kB
2026.05.20 22:55:10 INFO  Progress (3): 99/159 kB | 56/288 kB | 7.7/26 kB
2026.05.20 22:55:10 INFO  Progress (3): 99/159 kB | 56/288 kB | 8.2/26 kB
2026.05.20 22:55:10 INFO  Progress (3): 99/159 kB | 60/288 kB | 8.2/26 kB
2026.05.20 22:55:10 INFO  Progress (3): 99/159 kB | 64/288 kB | 8.2/26 kB
2026.05.20 22:55:10 INFO  Progress (3): 103/159 kB | 64/288 kB | 8.2/26 kB
2026.05.20 22:55:10 INFO  Progress (3): 103/159 kB | 64/288 kB | 25/26 kB 
2026.05.20 22:55:10 INFO  Progress (3): 107/159 kB | 64/288 kB | 25/26 kB
2026.05.20 22:55:10 INFO  Progress (3): 107/159 kB | 64/288 kB | 26 kB   
2026.05.20 22:55:10 INFO  Progress (3): 112/159 kB | 64/288 kB | 26 kB
2026.05.20 22:55:10 INFO  Progress (3): 115/159 kB | 64/288 kB | 26 kB
2026.05.20 22:55:10 INFO  Progress (3): 115/159 kB | 68/288 kB | 26 kB
2026.05.20 22:55:10 INFO  Progress (3): 115/159 kB | 73/288 kB | 26 kB
2026.05.20 22:55:10 INFO  Progress (3): 115/159 kB | 77/288 kB | 26 kB
2026.05.20 22:55:10 INFO                                              
2026.05.20 22:55:10 INFO  Downloaded from central: https://repo.maven.apache.org/maven2/org/apache/maven/maven-archiver/3.6.0/maven-archiver-3.6.0.jar (26 kB at 279 kB/s)
2026.05.20 22:55:10 INFO  Downloading from central: https://repo.maven.apache.org/maven2/org/codehaus/plexus/plexus-utils/3.5.0/plexus-utils-3.5.0.jar
2026.05.20 22:55:10 INFO  Progress (2): 119/159 kB | 77/288 kB
2026.05.20 22:55:10 INFO  Progress (2): 123/159 kB | 77/288 kB
2026.05.20 22:55:10 INFO  Progress (2): 127/159 kB | 77/288 kB
2026.05.20 22:55:10 INFO  Progress (2): 131/159 kB | 77/288 kB
2026.05.20 22:55:10 INFO  Progress (2): 135/159 kB | 77/288 kB
2026.05.20 22:55:10 INFO  Progress (2): 135/159 kB | 81/288 kB
2026.05.20 22:55:10 INFO  Progress (2): 135/159 kB | 85/288 kB
2026.05.20 22:55:10 INFO  Progress (2): 140/159 kB | 85/288 kB
2026.05.20 22:55:10 INFO  Progress (2): 144/159 kB | 85/288 kB
2026.05.20 22:55:10 INFO  Progress (2): 144/159 kB | 89/288 kB
2026.05.20 22:55:10 INFO  Progress (2): 147/159 kB | 89/288 kB
2026.05.20 22:55:10 INFO  Progress (2): 147/159 kB | 94/288 kB
2026.05.20 22:55:10 INFO  Progress (2): 152/159 kB | 94/288 kB
2026.05.20 22:55:10 INFO  Progress (2): 152/159 kB | 98/288 kB
2026.05.20 22:55:10 INFO  Progress (2): 156/159 kB | 98/288 kB
2026.05.20 22:55:10 INFO  Progress (2): 156/159 kB | 102/288 kB
2026.05.20 22:55:10 INFO  Progress (2): 159 kB | 102/288 kB    
2026.05.20 22:55:10 INFO  Progress (2): 159 kB | 106/288 kB
2026.05.20 22:55:10 INFO  Progress (2): 159 kB | 111/288 kB
2026.05.20 22:55:10 INFO  Progress (2): 159 kB | 115/288 kB
2026.05.20 22:55:10 INFO  Progress (2): 159 kB | 119/288 kB
2026.05.20 22:55:10 INFO  Progress (2): 159 kB | 123/288 kB
2026.05.20 22:55:10 INFO  Progress (2): 159 kB | 127/288 kB
2026.05.20 22:55:10 INFO                                   
2026.05.20 22:55:10 INFO  Downloaded from central: https://repo.maven.apache.org/maven2/net/alchim31/maven/scala-maven-plugin/4.8.0/scala-maven-plugin-4.8.0.jar (159 kB at 1.5 MB/s)
2026.05.20 22:55:10 INFO  Progress (1): 132/288 kB
2026.05.20 22:55:10 INFO                          
2026.05.20 22:55:10 INFO  Downloading from central: https://repo.maven.apache.org/maven2/org/codehaus/plexus/plexus-archiver/4.6.0/plexus-archiver-4.6.0.jar
2026.05.20 22:55:10 INFO  Progress (1): 136/288 kB
2026.05.20 22:55:10 INFO  Progress (1): 140/288 kB
2026.05.20 22:55:10 INFO  Progress (1): 144/288 kB
2026.05.20 22:55:10 INFO  Progress (2): 144/288 kB | 0.9/79 kB
2026.05.20 22:55:10 INFO  Progress (2): 149/288 kB | 0.9/79 kB
2026.05.20 22:55:10 INFO  Progress (2): 149/288 kB | 2.3/79 kB
2026.05.20 22:55:10 INFO  Progress (2): 153/288 kB | 2.3/79 kB
2026.05.20 22:55:10 INFO  Progress (2): 153/288 kB | 3.6/79 kB
2026.05.20 22:55:10 INFO  Progress (2): 155/288 kB | 3.6/79 kB
2026.05.20 22:55:10 INFO  Progress (2): 155/288 kB | 5.0/79 kB
2026.05.20 22:55:10 INFO  Progress (2): 155/288 kB | 6.4/79 kB
2026.05.20 22:55:10 INFO  Progress (2): 155/288 kB | 7.7/79 kB
2026.05.20 22:55:10 INFO  Progress (2): 155/288 kB | 9.1/79 kB
2026.05.20 22:55:10 INFO  Progress (2): 155/288 kB | 10/79 kB 
2026.05.20 22:55:10 INFO  Progress (2): 155/288 kB | 12/79 kB
2026.05.20 22:55:10 INFO  Progress (2): 155/288 kB | 13/79 kB
2026.05.20 22:55:10 INFO  Progress (2): 155/288 kB | 15/79 kB
2026.05.20 22:55:10 INFO  Progress (2): 159/288 kB | 15/79 kB
2026.05.20 22:55:10 INFO  Progress (2): 159/288 kB | 16/79 kB
2026.05.20 22:55:10 INFO  Progress (2): 159/288 kB | 17/79 kB
2026.05.20 22:55:10 INFO  Progress (2): 164/288 kB | 17/79 kB
2026.05.20 22:55:10 INFO  Progress (2): 164/288 kB | 19/79 kB
2026.05.20 22:55:10 INFO  Progress (2): 164/288 kB | 20/79 kB
2026.05.20 22:55:10 INFO  Progress (2): 164/288 kB | 21/79 kB
2026.05.20 22:55:10 INFO  Progress (2): 168/288 kB | 21/79 kB
2026.05.20 22:55:10 INFO  Progress (2): 168/288 kB | 23/79 kB
2026.05.20 22:55:10 INFO  Progress (2): 168/288 kB | 24/79 kB
2026.05.20 22:55:10 INFO  Progress (2): 172/288 kB | 24/79 kB
2026.05.20 22:55:10 INFO  Progress (2): 172/288 kB | 26/79 kB
2026.05.20 22:55:10 INFO  Progress (2): 172/288 kB | 27/79 kB
2026.05.20 22:55:10 INFO  Progress (2): 176/288 kB | 27/79 kB
2026.05.20 22:55:10 INFO  Progress (2): 176/288 kB | 28/79 kB
2026.05.20 22:55:10 INFO  Progress (2): 176/288 kB | 30/79 kB
2026.05.20 22:55:10 INFO  Progress (2): 176/288 kB | 31/79 kB
2026.05.20 22:55:10 INFO  Progress (2): 181/288 kB | 31/79 kB
2026.05.20 22:55:10 INFO  Progress (2): 181/288 kB | 32/79 kB
2026.05.20 22:55:10 INFO  Progress (2): 181/288 kB | 34/79 kB
2026.05.20 22:55:10 INFO  Progress (2): 181/288 kB | 35/79 kB
2026.05.20 22:55:10 INFO  Progress (2): 185/288 kB | 35/79 kB
2026.05.20 22:55:10 INFO  Progress (2): 185/288 kB | 36/79 kB
2026.05.20 22:55:10 INFO  Progress (2): 185/288 kB | 38/79 kB
2026.05.20 22:55:10 INFO  Progress (2): 185/288 kB | 39/79 kB
2026.05.20 22:55:10 INFO  Progress (2): 189/288 kB | 39/79 kB
2026.05.20 22:55:10 INFO  Progress (2): 189/288 kB | 41/79 kB
2026.05.20 22:55:10 INFO  Progress (2): 189/288 kB | 42/79 kB
2026.05.20 22:55:10 INFO  Progress (2): 189/288 kB | 43/79 kB
2026.05.20 22:55:10 INFO  Progress (2): 189/288 kB | 45/79 kB
2026.05.20 22:55:10 INFO  Progress (2): 189/288 kB | 46/79 kB
2026.05.20 22:55:10 INFO  Progress (2): 189/288 kB | 47/79 kB
2026.05.20 22:55:10 INFO  Progress (2): 189/288 kB | 49/79 kB
2026.05.20 22:55:10 INFO  Progress (2): 193/288 kB | 49/79 kB
2026.05.20 22:55:10 INFO  Progress (2): 197/288 kB | 49/79 kB
2026.05.20 22:55:10 INFO  Progress (2): 202/288 kB | 49/79 kB
2026.05.20 22:55:10 INFO  Progress (2): 206/288 kB | 49/79 kB
2026.05.20 22:55:10 INFO  Progress (2): 206/288 kB | 50/79 kB
2026.05.20 22:55:10 INFO  Progress (2): 210/288 kB | 50/79 kB
2026.05.20 22:55:10 INFO  Progress (2): 210/288 kB | 52/79 kB
2026.05.20 22:55:10 INFO  Progress (2): 214/288 kB | 52/79 kB
2026.05.20 22:55:10 INFO  Progress (2): 214/288 kB | 53/79 kB
2026.05.20 22:55:10 INFO  Progress (2): 219/288 kB | 53/79 kB
2026.05.20 22:55:10 INFO  Progress (2): 219/288 kB | 57/79 kB
2026.05.20 22:55:10 INFO  Progress (2): 219/288 kB | 61/79 kB
2026.05.20 22:55:10 INFO  Progress (2): 223/288 kB | 61/79 kB
2026.05.20 22:55:10 INFO  Progress (2): 223/288 kB | 65/79 kB
2026.05.20 22:55:10 INFO  Progress (2): 223/288 kB | 70/79 kB
2026.05.20 22:55:10 INFO  Progress (2): 239/288 kB | 70/79 kB
2026.05.20 22:55:10 INFO  Progress (2): 256/288 kB | 70/79 kB
2026.05.20 22:55:10 INFO  Progress (2): 256/288 kB | 74/79 kB
2026.05.20 22:55:10 INFO  Progress (2): 272/288 kB | 74/79 kB
2026.05.20 22:55:10 INFO  Progress (2): 272/288 kB | 78/79 kB
2026.05.20 22:55:10 INFO  Progress (2): 272/288 kB | 79 kB   
2026.05.20 22:55:10 INFO  Progress (2): 286/288 kB | 79 kB
2026.05.20 22:55:10 INFO                                  
2026.05.20 22:55:10 INFO  Downloaded from central: https://repo.maven.apache.org/maven2/org/codehaus/plexus/plexus-io/3.4.0/plexus-io-3.4.0.jar (79 kB at 715 kB/s)
2026.05.20 22:55:10 INFO  Downloading from central: https://repo.maven.apache.org/maven2/org/apache/commons/commons-compress/1.21/commons-compress-1.21.jar
2026.05.20 22:55:10 INFO  Progress (1): 288 kB
2026.05.20 22:55:10 INFO                      
2026.05.20 22:55:10 INFO  Downloaded from central: https://repo.maven.apache.org/maven2/ch/epfl/scala/bloop-config_2.13/2.3.3/bloop-config_2.13-2.3.3.jar (288 kB at 2.3 MB/s)
2026.05.20 22:55:10 INFO  Downloading from central: https://repo.maven.apache.org/maven2/com/github/luben/zstd-jni/1.5.2-5/zstd-jni-1.5.2-5.jar
2026.05.20 22:55:10 INFO  Progress (1): 7.7/267 kB
2026.05.20 22:55:10 INFO  Progress (1): 8.2/267 kB
2026.05.20 22:55:10 INFO  Progress (1): 25/267 kB 
2026.05.20 22:55:10 INFO  Progress (2): 25/267 kB | 0.9/54 kB
2026.05.20 22:55:10 INFO  Progress (2): 25/267 kB | 2.3/54 kB
2026.05.20 22:55:10 INFO  Progress (2): 25/267 kB | 3.6/54 kB
2026.05.20 22:55:10 INFO  Progress (2): 41/267 kB | 3.6/54 kB
2026.05.20 22:55:10 INFO  Progress (2): 41/267 kB | 5.0/54 kB
2026.05.20 22:55:10 INFO  Progress (2): 41/267 kB | 6.4/54 kB
2026.05.20 22:55:10 INFO  Progress (2): 41/267 kB | 7.7/54 kB
2026.05.20 22:55:10 INFO  Progress (2): 41/267 kB | 9.1/54 kB
2026.05.20 22:55:10 INFO  Progress (2): 57/267 kB | 9.1/54 kB
2026.05.20 22:55:10 INFO  Progress (2): 57/267 kB | 10/54 kB 
2026.05.20 22:55:10 INFO  Progress (2): 57/267 kB | 12/54 kB
2026.05.20 22:55:10 INFO  Progress (2): 57/267 kB | 13/54 kB
2026.05.20 22:55:10 INFO  Progress (2): 57/267 kB | 15/54 kB
2026.05.20 22:55:10 INFO  Progress (2): 57/267 kB | 16/54 kB
2026.05.20 22:55:10 INFO  Progress (2): 57/267 kB | 17/54 kB
2026.05.20 22:55:10 INFO  Progress (2): 74/267 kB | 17/54 kB
2026.05.20 22:55:10 INFO  Progress (2): 74/267 kB | 19/54 kB
2026.05.20 22:55:10 INFO  Progress (2): 74/267 kB | 20/54 kB
2026.05.20 22:55:10 INFO  Progress (2): 74/267 kB | 21/54 kB
2026.05.20 22:55:10 INFO  Progress (2): 74/267 kB | 23/54 kB
2026.05.20 22:55:10 INFO  Progress (2): 74/267 kB | 24/54 kB
2026.05.20 22:55:10 INFO  Progress (2): 74/267 kB | 25/54 kB
2026.05.20 22:55:10 INFO  Progress (2): 90/267 kB | 25/54 kB
2026.05.20 22:55:10 INFO  Progress (2): 90/267 kB | 26/54 kB
2026.05.20 22:55:10 INFO  Progress (2): 90/267 kB | 27/54 kB
2026.05.20 22:55:10 INFO  Progress (2): 90/267 kB | 29/54 kB
2026.05.20 22:55:10 INFO  Progress (2): 90/267 kB | 33/54 kB
2026.05.20 22:55:10 INFO  Progress (2): 90/267 kB | 37/54 kB
2026.05.20 22:55:10 INFO  Progress (2): 106/267 kB | 37/54 kB
2026.05.20 22:55:10 INFO  Progress (2): 123/267 kB | 37/54 kB
2026.05.20 22:55:10 INFO  Progress (2): 139/267 kB | 37/54 kB
2026.05.20 22:55:10 INFO  Progress (3): 139/267 kB | 37/54 kB | 3.8/216 kB
2026.05.20 22:55:10 INFO  Progress (3): 139/267 kB | 37/54 kB | 8.0/216 kB
2026.05.20 22:55:10 INFO  Progress (3): 139/267 kB | 37/54 kB | 8.2/216 kB
2026.05.20 22:55:10 INFO  Progress (3): 156/267 kB | 37/54 kB | 8.2/216 kB
2026.05.20 22:55:10 INFO  Progress (3): 156/267 kB | 37/54 kB | 12/216 kB 
2026.05.20 22:55:10 INFO  Progress (3): 156/267 kB | 37/54 kB | 17/216 kB
2026.05.20 22:55:10 INFO  Progress (3): 156/267 kB | 37/54 kB | 21/216 kB
2026.05.20 22:55:10 INFO  Progress (3): 156/267 kB | 37/54 kB | 25/216 kB
2026.05.20 22:55:10 INFO  Progress (3): 172/267 kB | 37/54 kB | 25/216 kB
2026.05.20 22:55:10 INFO  Progress (3): 172/267 kB | 37/54 kB | 29/216 kB
2026.05.20 22:55:10 INFO  Progress (3): 172/267 kB | 37/54 kB | 33/216 kB
2026.05.20 22:55:10 INFO  Progress (3): 180/267 kB | 37/54 kB | 33/216 kB
2026.05.20 22:55:10 INFO  Progress (3): 180/267 kB | 37/54 kB | 37/216 kB
2026.05.20 22:55:10 INFO  Progress (3): 197/267 kB | 37/54 kB | 37/216 kB
2026.05.20 22:55:10 INFO  Progress (3): 197/267 kB | 37/54 kB | 41/216 kB
2026.05.20 22:55:10 INFO  Progress (3): 197/267 kB | 37/54 kB | 46/216 kB
2026.05.20 22:55:10 INFO  Progress (3): 205/267 kB | 37/54 kB | 46/216 kB
2026.05.20 22:55:10 INFO  Progress (3): 205/267 kB | 37/54 kB | 50/216 kB
2026.05.20 22:55:10 INFO  Progress (3): 205/267 kB | 37/54 kB | 54/216 kB
2026.05.20 22:55:10 INFO  Progress (3): 205/267 kB | 37/54 kB | 57/216 kB
2026.05.20 22:55:10 INFO  Progress (3): 221/267 kB | 37/54 kB | 57/216 kB
2026.05.20 22:55:10 INFO  Progress (3): 238/267 kB | 37/54 kB | 57/216 kB
2026.05.20 22:55:10 INFO  Progress (3): 238/267 kB | 37/54 kB | 66/216 kB
2026.05.20 22:55:10 INFO  Progress (3): 254/267 kB | 37/54 kB | 66/216 kB
2026.05.20 22:55:10 INFO  Progress (3): 267 kB | 37/54 kB | 66/216 kB    
2026.05.20 22:55:10 INFO                                             
2026.05.20 22:55:10 INFO  Downloaded from central: https://repo.maven.apache.org/maven2/org/codehaus/plexus/plexus-utils/3.5.0/plexus-utils-3.5.0.jar (267 kB at 2.1 MB/s)
2026.05.20 22:55:10 INFO  Downloading from central: https://repo.maven.apache.org/maven2/org/codehaus/plexus/plexus-classworlds/2.7.0/plexus-classworlds-2.7.0.jar
2026.05.20 22:55:10 INFO  Progress (2): 41/54 kB | 66/216 kB
2026.05.20 22:55:10 INFO  Progress (2): 46/54 kB | 66/216 kB
2026.05.20 22:55:10 INFO  Progress (2): 50/54 kB | 66/216 kB
2026.05.20 22:55:10 INFO  Progress (2): 54/54 kB | 66/216 kB
2026.05.20 22:55:10 INFO  Progress (2): 54 kB | 66/216 kB   
2026.05.20 22:55:10 INFO  Progress (2): 54 kB | 82/216 kB
2026.05.20 22:55:10 INFO  Progress (2): 54 kB | 98/216 kB
2026.05.20 22:55:10 INFO                                 
2026.05.20 22:55:10 INFO  Downloaded from central: https://repo.maven.apache.org/maven2/org/apache/commons/commons-exec/1.3/commons-exec-1.3.jar (54 kB at 425 kB/s)
2026.05.20 22:55:10 INFO  Downloading from central: https://repo.maven.apache.org/maven2/org/scala-sbt/zinc_2.13/1.8.0/zinc_2.13-1.8.0.jar
2026.05.20 22:55:10 INFO  Progress (1): 115/216 kB
2026.05.20 22:55:10 INFO  Progress (1): 131/216 kB
2026.05.20 22:55:10 INFO  Progress (1): 147/216 kB
2026.05.20 22:55:10 INFO  Progress (2): 147/216 kB | 0/1.0 MB
2026.05.20 22:55:10 INFO  Progress (2): 147/216 kB | 0/1.0 MB
2026.05.20 22:55:10 INFO  Progress (2): 164/216 kB | 0/1.0 MB
2026.05.20 22:55:10 INFO  Progress (2): 164/216 kB | 0/1.0 MB
2026.05.20 22:55:10 INFO  Progress (2): 180/216 kB | 0/1.0 MB
2026.05.20 22:55:10 INFO  Progress (2): 180/216 kB | 0/1.0 MB
2026.05.20 22:55:10 INFO  Progress (2): 197/216 kB | 0/1.0 MB
2026.05.20 22:55:10 INFO  Progress (2): 197/216 kB | 0.1/1.0 MB
2026.05.20 22:55:10 INFO  Progress (2): 213/216 kB | 0.1/1.0 MB
2026.05.20 22:55:10 INFO  Progress (2): 216 kB | 0.1/1.0 MB    
2026.05.20 22:55:10 INFO  Progress (2): 216 kB | 0.1/1.0 MB
2026.05.20 22:55:10 INFO  Progress (2): 216 kB | 0.1/1.0 MB
2026.05.20 22:55:10 INFO  Progress (2): 216 kB | 0.1/1.0 MB
2026.05.20 22:55:10 INFO                                   
2026.05.20 22:55:10 INFO  Downloaded from central: https://repo.maven.apache.org/maven2/org/codehaus/plexus/plexus-archiver/4.6.0/plexus-archiver-4.6.0.jar (216 kB at 1.6 MB/s)
2026.05.20 22:55:10 INFO  Downloading from central: https://repo.maven.apache.org/maven2/org/scala-sbt/zinc-core_2.13/1.8.0/zinc-core_2.13-1.8.0.jar
2026.05.20 22:55:10 INFO  Progress (2): 0.1/1.0 MB | 0/6.3 MB
2026.05.20 22:55:10 INFO  Progress (2): 0.1/1.0 MB | 0/6.3 MB
2026.05.20 22:55:10 INFO  Progress (2): 0.1/1.0 MB | 0/6.3 MB
2026.05.20 22:55:10 INFO  Progress (2): 0.1/1.0 MB | 0/6.3 MB
2026.05.20 22:55:10 INFO  Progress (2): 0.1/1.0 MB | 0/6.3 MB
2026.05.20 22:55:10 INFO  Progress (2): 0.1/1.0 MB | 0/6.3 MB
2026.05.20 22:55:10 INFO  Progress (2): 0.1/1.0 MB | 0/6.3 MB
2026.05.20 22:55:10 INFO  Progress (2): 0.1/1.0 MB | 0/6.3 MB
2026.05.20 22:55:10 INFO  Progress (2): 0.1/1.0 MB | 0/6.3 MB
2026.05.20 22:55:10 INFO  Progress (2): 0.1/1.0 MB | 0/6.3 MB
2026.05.20 22:55:10 INFO  Progress (2): 0.1/1.0 MB | 0/6.3 MB
2026.05.20 22:55:10 INFO  Progress (2): 0.1/1.0 MB | 0/6.3 MB
2026.05.20 22:55:10 INFO  Progress (2): 0.1/1.0 MB | 0/6.3 MB
2026.05.20 22:55:10 INFO  Progress (2): 0.1/1.0 MB | 0/6.3 MB
2026.05.20 22:55:10 INFO  Progress (2): 0.1/1.0 MB | 0.1/6.3 MB
2026.05.20 22:55:10 INFO  Progress (2): 0.1/1.0 MB | 0.1/6.3 MB
2026.05.20 22:55:10 INFO  Progress (2): 0.2/1.0 MB | 0.1/6.3 MB
2026.05.20 22:55:10 INFO  Progress (2): 0.2/1.0 MB | 0.1/6.3 MB
2026.05.20 22:55:10 INFO  Progress (2): 0.2/1.0 MB | 0.1/6.3 MB
2026.05.20 22:55:10 INFO  Progress (2): 0.2/1.0 MB | 0.1/6.3 MB
2026.05.20 22:55:10 INFO  Progress (2): 0.2/1.0 MB | 0.1/6.3 MB
2026.05.20 22:55:10 INFO  Progress (2): 0.2/1.0 MB | 0.1/6.3 MB
2026.05.20 22:55:10 INFO  Progress (2): 0.2/1.0 MB | 0.1/6.3 MB
2026.05.20 22:55:10 INFO  Progress (2): 0.2/1.0 MB | 0.1/6.3 MB
2026.05.20 22:55:10 INFO  Progress (2): 0.2/1.0 MB | 0.1/6.3 MB
2026.05.20 22:55:10 INFO  Progress (2): 0.2/1.0 MB | 0.1/6.3 MB
2026.05.20 22:55:10 INFO  Progress (2): 0.2/1.0 MB | 0.1/6.3 MB
2026.05.20 22:55:10 INFO  Progress (2): 0.2/1.0 MB | 0.1/6.3 MB
2026.05.20 22:55:10 INFO  Progress (2): 0.2/1.0 MB | 0.1/6.3 MB
2026.05.20 22:55:10 INFO  Progress (2): 0.2/1.0 MB | 0.1/6.3 MB
2026.05.20 22:55:10 INFO  Progress (2): 0.2/1.0 MB | 0.1/6.3 MB
2026.05.20 22:55:10 INFO  Progress (2): 0.2/1.0 MB | 0.1/6.3 MB
2026.05.20 22:55:10 INFO  Progress (2): 0.2/1.0 MB | 0.1/6.3 MB
2026.05.20 22:55:10 INFO  Progress (2): 0.2/1.0 MB | 0.1/6.3 MB
2026.05.20 22:55:10 INFO  Progress (2): 0.2/1.0 MB | 0.1/6.3 MB
2026.05.20 22:55:10 INFO  Progress (3): 0.2/1.0 MB | 0.1/6.3 MB | 7.7/53 kB
2026.05.20 22:55:10 INFO  Progress (3): 0.2/1.0 MB | 0.1/6.3 MB | 8.2/53 kB
2026.05.20 22:55:10 INFO  Progress (3): 0.2/1.0 MB | 0.1/6.3 MB | 8.2/53 kB
2026.05.20 22:55:10 INFO  Progress (3): 0.2/1.0 MB | 0.1/6.3 MB | 25/53 kB 
2026.05.20 22:55:10 INFO  Progress (3): 0.2/1.0 MB | 0.1/6.3 MB | 25/53 kB
2026.05.20 22:55:10 INFO  Progress (3): 0.2/1.0 MB | 0.1/6.3 MB | 25/53 kB
2026.05.20 22:55:10 INFO  Progress (3): 0.2/1.0 MB | 0.1/6.3 MB | 25/53 kB
2026.05.20 22:55:10 INFO  Progress (3): 0.2/1.0 MB | 0.1/6.3 MB | 41/53 kB
2026.05.20 22:55:10 INFO  Progress (3): 0.2/1.0 MB | 0.1/6.3 MB | 41/53 kB
2026.05.20 22:55:10 INFO  Progress (3): 0.3/1.0 MB | 0.1/6.3 MB | 41/53 kB
2026.05.20 22:55:10 INFO  Progress (3): 0.3/1.0 MB | 0.1/6.3 MB | 53 kB   
2026.05.20 22:55:10 INFO  Progress (3): 0.3/1.0 MB | 0.1/6.3 MB | 53 kB
2026.05.20 22:55:10 INFO  Progress (3): 0.3/1.0 MB | 0.1/6.3 MB | 53 kB
2026.05.20 22:55:10 INFO  Progress (3): 0.3/1.0 MB | 0.1/6.3 MB | 53 kB
2026.05.20 22:55:10 INFO                                               
2026.05.20 22:55:10 INFO  Downloaded from central: https://repo.maven.apache.org/maven2/org/codehaus/plexus/plexus-classworlds/2.7.0/plexus-classworlds-2.7.0.jar (53 kB at 360 kB/s)
2026.05.20 22:55:10 INFO  Downloading from central: https://repo.maven.apache.org/maven2/org/scala-sbt/zinc-apiinfo_2.13/1.8.0/zinc-apiinfo_2.13-1.8.0.jar
2026.05.20 22:55:10 INFO  Progress (2): 0.3/1.0 MB | 0.2/6.3 MB
2026.05.20 22:55:10 INFO  Progress (2): 0.3/1.0 MB | 0.2/6.3 MB
2026.05.20 22:55:10 INFO  Progress (2): 0.3/1.0 MB | 0.2/6.3 MB
2026.05.20 22:55:10 INFO  Progress (3): 0.3/1.0 MB | 0.2/6.3 MB | 3.8/85 kB
2026.05.20 22:55:10 INFO  Progress (3): 0.3/1.0 MB | 0.2/6.3 MB | 8.0/85 kB
2026.05.20 22:55:10 INFO  Progress (3): 0.3/1.0 MB | 0.2/6.3 MB | 8.0/85 kB
2026.05.20 22:55:10 INFO  Progress (3): 0.3/1.0 MB | 0.2/6.3 MB | 8.2/85 kB
2026.05.20 22:55:10 INFO  Progress (3): 0.3/1.0 MB | 0.2/6.3 MB | 12/85 kB 
2026.05.20 22:55:10 INFO  Progress (3): 0.3/1.0 MB | 0.2/6.3 MB | 12/85 kB
2026.05.20 22:55:10 INFO  Progress (3): 0.3/1.0 MB | 0.2/6.3 MB | 17/85 kB
2026.05.20 22:55:10 INFO  Progress (3): 0.3/1.0 MB | 0.2/6.3 MB | 21/85 kB
2026.05.20 22:55:10 INFO  Progress (3): 0.3/1.0 MB | 0.2/6.3 MB | 25/85 kB
2026.05.20 22:55:10 INFO  Progress (3): 0.3/1.0 MB | 0.2/6.3 MB | 25/85 kB
2026.05.20 22:55:10 INFO  Progress (3): 0.3/1.0 MB | 0.2/6.3 MB | 25/85 kB
2026.05.20 22:55:10 INFO  Progress (3): 0.3/1.0 MB | 0.2/6.3 MB | 25/85 kB
2026.05.20 22:55:10 INFO  Progress (3): 0.3/1.0 MB | 0.2/6.3 MB | 29/85 kB
2026.05.20 22:55:10 INFO  Progress (3): 0.4/1.0 MB | 0.2/6.3 MB | 29/85 kB
2026.05.20 22:55:10 INFO  Progress (3): 0.4/1.0 MB | 0.2/6.3 MB | 33/85 kB
2026.05.20 22:55:10 INFO  Progress (3): 0.4/1.0 MB | 0.2/6.3 MB | 37/85 kB
2026.05.20 22:55:10 INFO  Progress (3): 0.4/1.0 MB | 0.2/6.3 MB | 37/85 kB
2026.05.20 22:55:10 INFO  Progress (3): 0.4/1.0 MB | 0.2/6.3 MB | 37/85 kB
2026.05.20 22:55:10 INFO  Progress (3): 0.4/1.0 MB | 0.2/6.3 MB | 41/85 kB
2026.05.20 22:55:10 INFO  Progress (3): 0.4/1.0 MB | 0.2/6.3 MB | 45/85 kB
2026.05.20 22:55:10 INFO  Progress (3): 0.4/1.0 MB | 0.2/6.3 MB | 49/85 kB
2026.05.20 22:55:10 INFO  Progress (3): 0.4/1.0 MB | 0.2/6.3 MB | 49/85 kB
2026.05.20 22:55:10 INFO  Progress (3): 0.4/1.0 MB | 0.2/6.3 MB | 49/85 kB
2026.05.20 22:55:10 INFO  Progress (3): 0.4/1.0 MB | 0.2/6.3 MB | 49/85 kB
2026.05.20 22:55:10 INFO  Progress (3): 0.4/1.0 MB | 0.3/6.3 MB | 49/85 kB
2026.05.20 22:55:10 INFO  Progress (3): 0.4/1.0 MB | 0.3/6.3 MB | 54/85 kB
2026.05.20 22:55:10 INFO  Progress (3): 0.4/1.0 MB | 0.3/6.3 MB | 58/85 kB
2026.05.20 22:55:10 INFO  Progress (3): 0.4/1.0 MB | 0.3/6.3 MB | 58/85 kB
2026.05.20 22:55:10 INFO  Progress (3): 0.4/1.0 MB | 0.3/6.3 MB | 58/85 kB
2026.05.20 22:55:10 INFO  Progress (3): 0.4/1.0 MB | 0.3/6.3 MB | 62/85 kB
2026.05.20 22:55:10 INFO  Progress (3): 0.4/1.0 MB | 0.3/6.3 MB | 66/85 kB
2026.05.20 22:55:10 INFO  Progress (3): 0.4/1.0 MB | 0.3/6.3 MB | 71/85 kB
2026.05.20 22:55:10 INFO  Progress (3): 0.4/1.0 MB | 0.3/6.3 MB | 71/85 kB
2026.05.20 22:55:10 INFO  Progress (3): 0.4/1.0 MB | 0.3/6.3 MB | 74/85 kB
2026.05.20 22:55:10 INFO  Progress (3): 0.4/1.0 MB | 0.3/6.3 MB | 78/85 kB
2026.05.20 22:55:10 INFO  Progress (3): 0.4/1.0 MB | 0.3/6.3 MB | 82/85 kB
2026.05.20 22:55:10 INFO  Progress (3): 0.4/1.0 MB | 0.3/6.3 MB | 85 kB   
2026.05.20 22:55:10 INFO  Progress (3): 0.5/1.0 MB | 0.3/6.3 MB | 85 kB
2026.05.20 22:55:10 INFO  Progress (3): 0.5/1.0 MB | 0.3/6.3 MB | 85 kB
2026.05.20 22:55:10 INFO  Progress (3): 0.5/1.0 MB | 0.3/6.3 MB | 85 kB
2026.05.20 22:55:10 INFO  Progress (3): 0.5/1.0 MB | 0.3/6.3 MB | 85 kB
2026.05.20 22:55:10 INFO  Progress (3): 0.5/1.0 MB | 0.3/6.3 MB | 85 kB
2026.05.20 22:55:10 INFO                                               
2026.05.20 22:55:10 INFO  Downloaded from central: https://repo.maven.apache.org/maven2/org/scala-sbt/zinc_2.13/1.8.0/zinc_2.13-1.8.0.jar (85 kB at 533 kB/s)
2026.05.20 22:55:10 INFO  Downloading from central: https://repo.maven.apache.org/maven2/org/scala-sbt/compiler-bridge_2.13/1.8.0/compiler-bridge_2.13-1.8.0.jar
2026.05.20 22:55:10 INFO  Progress (2): 0.5/1.0 MB | 0.3/6.3 MB
2026.05.20 22:55:10 INFO  Progress (2): 0.5/1.0 MB | 0.3/6.3 MB
2026.05.20 22:55:10 INFO  Progress (2): 0.5/1.0 MB | 0.3/6.3 MB
2026.05.20 22:55:10 INFO  Progress (2): 0.5/1.0 MB | 0.3/6.3 MB
2026.05.20 22:55:10 INFO  Progress (2): 0.5/1.0 MB | 0.3/6.3 MB
2026.05.20 22:55:10 INFO  Progress (3): 0.5/1.0 MB | 0.3/6.3 MB | 7.7/490 kB
2026.05.20 22:55:10 INFO  Progress (3): 0.5/1.0 MB | 0.3/6.3 MB | 8.2/490 kB
2026.05.20 22:55:10 INFO  Progress (3): 0.5/1.0 MB | 0.3/6.3 MB | 25/490 kB 
2026.05.20 22:55:10 INFO  Progress (3): 0.6/1.0 MB | 0.3/6.3 MB | 25/490 kB
2026.05.20 22:55:10 INFO  Progress (3): 0.6/1.0 MB | 0.3/6.3 MB | 41/490 kB
2026.05.20 22:55:10 INFO  Progress (3): 0.6/1.0 MB | 0.3/6.3 MB | 41/490 kB
2026.05.20 22:55:10 INFO  Progress (3): 0.6/1.0 MB | 0.3/6.3 MB | 41/490 kB
2026.05.20 22:55:10 INFO  Progress (3): 0.6/1.0 MB | 0.3/6.3 MB | 41/490 kB
2026.05.20 22:55:10 INFO  Progress (3): 0.6/1.0 MB | 0.3/6.3 MB | 41/490 kB
2026.05.20 22:55:10 INFO  Progress (3): 0.6/1.0 MB | 0.4/6.3 MB | 41/490 kB
2026.05.20 22:55:10 INFO  Progress (3): 0.6/1.0 MB | 0.4/6.3 MB | 41/490 kB
2026.05.20 22:55:10 INFO  Progress (3): 0.6/1.0 MB | 0.4/6.3 MB | 41/490 kB
2026.05.20 22:55:10 INFO  Progress (3): 0.6/1.0 MB | 0.4/6.3 MB | 41/490 kB
2026.05.20 22:55:10 INFO  Progress (3): 0.6/1.0 MB | 0.4/6.3 MB | 41/490 kB
2026.05.20 22:55:10 INFO  Progress (3): 0.6/1.0 MB | 0.4/6.3 MB | 41/490 kB
2026.05.20 22:55:10 INFO  Progress (3): 0.6/1.0 MB | 0.4/6.3 MB | 57/490 kB
2026.05.20 22:55:10 INFO  Progress (3): 0.6/1.0 MB | 0.4/6.3 MB | 57/490 kB
2026.05.20 22:55:10 INFO  Progress (3): 0.6/1.0 MB | 0.4/6.3 MB | 66/490 kB
2026.05.20 22:55:10 INFO  Progress (3): 0.6/1.0 MB | 0.4/6.3 MB | 66/490 kB
2026.05.20 22:55:10 INFO  Progress (3): 0.7/1.0 MB | 0.4/6.3 MB | 66/490 kB
2026.05.20 22:55:10 INFO  Progress (3): 0.7/1.0 MB | 0.4/6.3 MB | 74/490 kB
2026.05.20 22:55:10 INFO  Progress (3): 0.7/1.0 MB | 0.4/6.3 MB | 90/490 kB
2026.05.20 22:55:10 INFO  Progress (3): 0.7/1.0 MB | 0.4/6.3 MB | 98/490 kB
2026.05.20 22:55:10 INFO  Progress (3): 0.7/1.0 MB | 0.4/6.3 MB | 115/490 kB
2026.05.20 22:55:10 INFO  Progress (4): 0.7/1.0 MB | 0.4/6.3 MB | 115/490 kB | 7.7/165 kB
2026.05.20 22:55:10 INFO  Progress (4): 0.7/1.0 MB | 0.4/6.3 MB | 115/490 kB | 8.2/165 kB
2026.05.20 22:55:10 INFO  Progress (4): 0.7/1.0 MB | 0.4/6.3 MB | 115/490 kB | 25/165 kB 
2026.05.20 22:55:10 INFO  Progress (4): 0.7/1.0 MB | 0.4/6.3 MB | 115/490 kB | 25/165 kB
2026.05.20 22:55:10 INFO  Progress (4): 0.7/1.0 MB | 0.4/6.3 MB | 131/490 kB | 25/165 kB
2026.05.20 22:55:10 INFO  Progress (4): 0.7/1.0 MB | 0.4/6.3 MB | 131/490 kB | 41/165 kB
2026.05.20 22:55:10 INFO  Progress (4): 0.7/1.0 MB | 0.4/6.3 MB | 131/490 kB | 41/165 kB
2026.05.20 22:55:10 INFO  Progress (4): 0.7/1.0 MB | 0.4/6.3 MB | 147/490 kB | 41/165 kB
2026.05.20 22:55:10 INFO  Progress (4): 0.7/1.0 MB | 0.4/6.3 MB | 147/490 kB | 57/165 kB
2026.05.20 22:55:10 INFO  Progress (4): 0.7/1.0 MB | 0.4/6.3 MB | 147/490 kB | 57/165 kB
2026.05.20 22:55:10 INFO  Progress (4): 0.7/1.0 MB | 0.4/6.3 MB | 164/490 kB | 57/165 kB
2026.05.20 22:55:10 INFO  Progress (4): 0.7/1.0 MB | 0.4/6.3 MB | 164/490 kB | 74/165 kB
2026.05.20 22:55:10 INFO  Progress (4): 0.7/1.0 MB | 0.4/6.3 MB | 164/490 kB | 74/165 kB
2026.05.20 22:55:10 INFO  Progress (4): 0.7/1.0 MB | 0.4/6.3 MB | 164/490 kB | 74/165 kB
2026.05.20 22:55:10 INFO  Progress (4): 0.7/1.0 MB | 0.4/6.3 MB | 164/490 kB | 90/165 kB
2026.05.20 22:55:10 INFO  Progress (4): 0.7/1.0 MB | 0.4/6.3 MB | 164/490 kB | 90/165 kB
2026.05.20 22:55:10 INFO  Progress (4): 0.7/1.0 MB | 0.5/6.3 MB | 164/490 kB | 90/165 kB
2026.05.20 22:55:10 INFO  Progress (4): 0.7/1.0 MB | 0.5/6.3 MB | 164/490 kB | 106/165 kB
2026.05.20 22:55:10 INFO  Progress (4): 0.7/1.0 MB | 0.5/6.3 MB | 164/490 kB | 106/165 kB
2026.05.20 22:55:10 INFO  Progress (4): 0.7/1.0 MB | 0.5/6.3 MB | 164/490 kB | 123/165 kB
2026.05.20 22:55:10 INFO  Progress (4): 0.8/1.0 MB | 0.5/6.3 MB | 164/490 kB | 123/165 kB
2026.05.20 22:55:10 INFO  Progress (4): 0.8/1.0 MB | 0.5/6.3 MB | 164/490 kB | 131/165 kB
2026.05.20 22:55:10 INFO  Progress (4): 0.8/1.0 MB | 0.5/6.3 MB | 180/490 kB | 131/165 kB
2026.05.20 22:55:10 INFO  Progress (4): 0.8/1.0 MB | 0.5/6.3 MB | 180/490 kB | 131/165 kB
2026.05.20 22:55:10 INFO  Progress (4): 0.8/1.0 MB | 0.5/6.3 MB | 180/490 kB | 147/165 kB
2026.05.20 22:55:10 INFO  Progress (4): 0.8/1.0 MB | 0.5/6.3 MB | 180/490 kB | 147/165 kB
2026.05.20 22:55:10 INFO  Progress (4): 0.8/1.0 MB | 0.5/6.3 MB | 180/490 kB | 164/165 kB
2026.05.20 22:55:10 INFO  Progress (4): 0.8/1.0 MB | 0.5/6.3 MB | 180/490 kB | 165 kB    
2026.05.20 22:55:10 INFO  Progress (4): 0.8/1.0 MB | 0.5/6.3 MB | 180/490 kB | 165 kB
2026.05.20 22:55:10 INFO  Progress (4): 0.8/1.0 MB | 0.5/6.3 MB | 180/490 kB | 165 kB
2026.05.20 22:55:10 INFO                                                             
2026.05.20 22:55:10 INFO  Downloaded from central: https://repo.maven.apache.org/maven2/org/scala-sbt/zinc-apiinfo_2.13/1.8.0/zinc-apiinfo_2.13-1.8.0.jar (165 kB at 938 kB/s)
2026.05.20 22:55:10 INFO  Progress (3): 0.8/1.0 MB | 0.5/6.3 MB | 180/490 kB
2026.05.20 22:55:10 INFO                                                    
2026.05.20 22:55:10 INFO  Downloading from central: https://repo.maven.apache.org/maven2/org/scala-sbt/zinc-classpath_2.13/1.8.0/zinc-classpath_2.13-1.8.0.jar
2026.05.20 22:55:10 INFO  Progress (3): 0.9/1.0 MB | 0.5/6.3 MB | 180/490 kB
2026.05.20 22:55:10 INFO  Progress (3): 0.9/1.0 MB | 0.5/6.3 MB | 197/490 kB
2026.05.20 22:55:10 INFO  Progress (3): 0.9/1.0 MB | 0.5/6.3 MB | 213/490 kB
2026.05.20 22:55:10 INFO  Progress (3): 0.9/1.0 MB | 0.5/6.3 MB | 213/490 kB
2026.05.20 22:55:10 INFO  Progress (3): 0.9/1.0 MB | 0.5/6.3 MB | 213/490 kB
2026.05.20 22:55:10 INFO  Progress (3): 0.9/1.0 MB | 0.5/6.3 MB | 213/490 kB
2026.05.20 22:55:10 INFO  Progress (3): 0.9/1.0 MB | 0.5/6.3 MB | 213/490 kB
2026.05.20 22:55:10 INFO  Progress (3): 0.9/1.0 MB | 0.5/6.3 MB | 213/490 kB
2026.05.20 22:55:10 INFO  Progress (3): 0.9/1.0 MB | 0.5/6.3 MB | 213/490 kB
2026.05.20 22:55:10 INFO  Progress (4): 0.9/1.0 MB | 0.5/6.3 MB | 213/490 kB | 3.8/243 kB
2026.05.20 22:55:10 INFO  Progress (4): 0.9/1.0 MB | 0.5/6.3 MB | 213/490 kB | 8.0/243 kB
2026.05.20 22:55:10 INFO  Progress (4): 0.9/1.0 MB | 0.5/6.3 MB | 213/490 kB | 8.0/243 kB
2026.05.20 22:55:10 INFO  Progress (4): 0.9/1.0 MB | 0.5/6.3 MB | 229/490 kB | 8.0/243 kB
2026.05.20 22:55:10 INFO  Progress (4): 0.9/1.0 MB | 0.5/6.3 MB | 229/490 kB | 12/243 kB 
2026.05.20 22:55:10 INFO  Progress (4): 0.9/1.0 MB | 0.5/6.3 MB | 229/490 kB | 16/243 kB
2026.05.20 22:55:10 INFO  Progress (4): 0.9/1.0 MB | 0.5/6.3 MB | 229/490 kB | 21/243 kB
2026.05.20 22:55:10 INFO  Progress (4): 0.9/1.0 MB | 0.5/6.3 MB | 229/490 kB | 21/243 kB
2026.05.20 22:55:10 INFO  Progress (4): 0.9/1.0 MB | 0.5/6.3 MB | 246/490 kB | 21/243 kB
2026.05.20 22:55:10 INFO  Progress (4): 0.9/1.0 MB | 0.5/6.3 MB | 246/490 kB | 25/243 kB
2026.05.20 22:55:10 INFO  Progress (4): 1.0/1.0 MB | 0.5/6.3 MB | 246/490 kB | 25/243 kB
2026.05.20 22:55:10 INFO  Progress (4): 1.0/1.0 MB | 0.5/6.3 MB | 262/490 kB | 25/243 kB
2026.05.20 22:55:10 INFO  Progress (4): 1.0/1.0 MB | 0.5/6.3 MB | 262/490 kB | 25/243 kB
2026.05.20 22:55:10 INFO  Progress (4): 1.0/1.0 MB | 0.5/6.3 MB | 279/490 kB | 25/243 kB
2026.05.20 22:55:10 INFO  Progress (4): 1.0/1.0 MB | 0.5/6.3 MB | 279/490 kB | 25/243 kB
2026.05.20 22:55:10 INFO  Progress (4): 1.0/1.0 MB | 0.5/6.3 MB | 295/490 kB | 25/243 kB
2026.05.20 22:55:10 INFO  Progress (4): 1.0/1.0 MB | 0.5/6.3 MB | 295/490 kB | 25/243 kB
2026.05.20 22:55:10 INFO  Progress (4): 1.0/1.0 MB | 0.6/6.3 MB | 295/490 kB | 25/243 kB
2026.05.20 22:55:10 INFO  Progress (4): 1.0/1.0 MB | 0.6/6.3 MB | 295/490 kB | 25/243 kB
2026.05.20 22:55:10 INFO  Progress (4): 1.0/1.0 MB | 0.6/6.3 MB | 311/490 kB | 25/243 kB
2026.05.20 22:55:10 INFO  Progress (4): 1.0/1.0 MB | 0.6/6.3 MB | 328/490 kB | 25/243 kB
2026.05.20 22:55:10 INFO  Progress (4): 1.0/1.0 MB | 0.6/6.3 MB | 344/490 kB | 25/243 kB
2026.05.20 22:55:10 INFO  Progress (4): 1.0/1.0 MB | 0.6/6.3 MB | 360/490 kB | 25/243 kB
2026.05.20 22:55:10 INFO  Progress (4): 1.0/1.0 MB | 0.6/6.3 MB | 377/490 kB | 25/243 kB
2026.05.20 22:55:10 INFO  Progress (4): 1.0/1.0 MB | 0.6/6.3 MB | 377/490 kB | 29/243 kB
2026.05.20 22:55:10 INFO  Progress (4): 1.0/1.0 MB | 0.6/6.3 MB | 377/490 kB | 33/243 kB
2026.05.20 22:55:10 INFO  Progress (4): 1.0/1.0 MB | 0.6/6.3 MB | 377/490 kB | 37/243 kB
2026.05.20 22:55:10 INFO  Progress (4): 1.0/1.0 MB | 0.6/6.3 MB | 393/490 kB | 37/243 kB
2026.05.20 22:55:10 INFO  Progress (4): 1.0/1.0 MB | 0.6/6.3 MB | 393/490 kB | 41/243 kB
2026.05.20 22:55:10 INFO  Progress (4): 1.0/1.0 MB | 0.6/6.3 MB | 393/490 kB | 41/243 kB
2026.05.20 22:55:10 INFO  Progress (4): 1.0/1.0 MB | 0.6/6.3 MB | 410/490 kB | 41/243 kB
2026.05.20 22:55:10 INFO  Progress (4): 1.0/1.0 MB | 0.6/6.3 MB | 410/490 kB | 41/243 kB
2026.05.20 22:55:10 INFO  Progress (4): 1.0/1.0 MB | 0.6/6.3 MB | 410/490 kB | 41/243 kB
2026.05.20 22:55:10 INFO  Progress (4): 1.0/1.0 MB | 0.6/6.3 MB | 426/490 kB | 41/243 kB
2026.05.20 22:55:10 INFO  Progress (4): 1.0/1.0 MB | 0.6/6.3 MB | 426/490 kB | 41/243 kB
2026.05.20 22:55:10 INFO  Progress (4): 1.0 MB | 0.6/6.3 MB | 426/490 kB | 41/243 kB    
2026.05.20 22:55:10 INFO  Progress (4): 1.0 MB | 0.6/6.3 MB | 426/490 kB | 41/243 kB
2026.05.20 22:55:10 INFO  Progress (4): 1.0 MB | 0.6/6.3 MB | 442/490 kB | 41/243 kB
2026.05.20 22:55:10 INFO  Progress (4): 1.0 MB | 0.6/6.3 MB | 459/490 kB | 41/243 kB
2026.05.20 22:55:10 INFO                                                            
2026.05.20 22:55:10 INFO  Downloaded from central: https://repo.maven.apache.org/maven2/org/apache/commons/commons-compress/1.21/commons-compress-1.21.jar (1.0 MB at 5.4 MB/s)
2026.05.20 22:55:10 INFO  Downloading from central: https://repo.maven.apache.org/maven2/org/scala-lang/scala-compiler/2.13.8/scala-compiler-2.13.8.jar
2026.05.20 22:55:10 INFO  Progress (3): 0.6/6.3 MB | 475/490 kB | 41/243 kB
2026.05.20 22:55:10 INFO  Progress (3): 0.6/6.3 MB | 475/490 kB | 46/243 kB
2026.05.20 22:55:10 INFO  Progress (3): 0.6/6.3 MB | 490 kB | 46/243 kB    
2026.05.20 22:55:10 INFO  Progress (3): 0.6/6.3 MB | 490 kB | 46/243 kB
2026.05.20 22:55:10 INFO  Progress (3): 0.6/6.3 MB | 490 kB | 49/243 kB
2026.05.20 22:55:10 INFO  Progress (3): 0.6/6.3 MB | 490 kB | 57/243 kB
2026.05.20 22:55:10 INFO  Progress (3): 0.6/6.3 MB | 490 kB | 57/243 kB
2026.05.20 22:55:10 INFO  Progress (3): 0.7/6.3 MB | 490 kB | 57/243 kB
2026.05.20 22:55:10 INFO                                               
2026.05.20 22:55:10 INFO  Downloaded from central: https://repo.maven.apache.org/maven2/org/scala-sbt/zinc-core_2.13/1.8.0/zinc-core_2.13-1.8.0.jar (490 kB at 2.5 MB/s)
2026.05.20 22:55:10 INFO  Downloading from central: https://repo.maven.apache.org/maven2/org/scala-sbt/compiler-interface/1.8.0/compiler-interface-1.8.0.jar
2026.05.20 22:55:10 INFO  Progress (2): 0.7/6.3 MB | 57/243 kB
2026.05.20 22:55:10 INFO  Progress (2): 0.7/6.3 MB | 66/243 kB
2026.05.20 22:55:10 INFO  Progress (2): 0.7/6.3 MB | 74/243 kB
2026.05.20 22:55:10 INFO  Progress (3): 0.7/6.3 MB | 74/243 kB | 7.7/89 kB
2026.05.20 22:55:10 INFO  Progress (3): 0.7/6.3 MB | 74/243 kB | 8.2/89 kB
2026.05.20 22:55:10 INFO  Progress (3): 0.7/6.3 MB | 82/243 kB | 8.2/89 kB
2026.05.20 22:55:10 INFO  Progress (3): 0.7/6.3 MB | 82/243 kB | 16/89 kB 
2026.05.20 22:55:10 INFO  Progress (3): 0.7/6.3 MB | 82/243 kB | 16/89 kB
2026.05.20 22:55:10 INFO  Progress (3): 0.7/6.3 MB | 82/243 kB | 33/89 kB
2026.05.20 22:55:10 INFO  Progress (3): 0.7/6.3 MB | 82/243 kB | 33/89 kB
2026.05.20 22:55:10 INFO  Progress (3): 0.7/6.3 MB | 98/243 kB | 33/89 kB
2026.05.20 22:55:10 INFO  Progress (3): 0.7/6.3 MB | 98/243 kB | 41/89 kB
2026.05.20 22:55:10 INFO  Progress (3): 0.7/6.3 MB | 98/243 kB | 41/89 kB
2026.05.20 22:55:10 INFO  Progress (3): 0.7/6.3 MB | 115/243 kB | 41/89 kB
2026.05.20 22:55:10 INFO  Progress (3): 0.7/6.3 MB | 115/243 kB | 57/89 kB
2026.05.20 22:55:10 INFO  Progress (3): 0.7/6.3 MB | 115/243 kB | 57/89 kB
2026.05.20 22:55:10 INFO  Progress (3): 0.7/6.3 MB | 115/243 kB | 66/89 kB
2026.05.20 22:55:10 INFO  Progress (3): 0.7/6.3 MB | 115/243 kB | 82/89 kB
2026.05.20 22:55:10 INFO  Progress (3): 0.7/6.3 MB | 115/243 kB | 89 kB   
2026.05.20 22:55:10 INFO                                               
2026.05.20 22:55:10 INFO  Downloaded from central: https://repo.maven.apache.org/maven2/org/scala-sbt/zinc-classpath_2.13/1.8.0/zinc-classpath_2.13-1.8.0.jar (89 kB at 446 kB/s)
2026.05.20 22:55:10 INFO  Downloading from central: https://repo.maven.apache.org/maven2/org/scala-sbt/util-interface/1.8.0/util-interface-1.8.0.jar
2026.05.20 22:55:10 INFO  Progress (2): 0.7/6.3 MB | 123/243 kB
2026.05.20 22:55:10 INFO  Progress (2): 0.7/6.3 MB | 131/243 kB
2026.05.20 22:55:10 INFO  Progress (2): 0.7/6.3 MB | 147/243 kB
2026.05.20 22:55:10 INFO  Progress (2): 0.8/6.3 MB | 147/243 kB
2026.05.20 22:55:10 INFO  Progress (2): 0.8/6.3 MB | 147/243 kB
2026.05.20 22:55:10 INFO  Progress (2): 0.8/6.3 MB | 147/243 kB
2026.05.20 22:55:10 INFO  Progress (2): 0.8/6.3 MB | 156/243 kB
2026.05.20 22:55:10 INFO  Progress (2): 0.8/6.3 MB | 172/243 kB
2026.05.20 22:55:10 INFO  Progress (2): 0.8/6.3 MB | 172/243 kB
2026.05.20 22:55:10 INFO  Progress (2): 0.8/6.3 MB | 172/243 kB
2026.05.20 22:55:10 INFO  Progress (2): 0.8/6.3 MB | 172/243 kB
2026.05.20 22:55:10 INFO  Progress (2): 0.8/6.3 MB | 188/243 kB
2026.05.20 22:55:10 INFO  Progress (2): 0.9/6.3 MB | 188/243 kB
2026.05.20 22:55:10 INFO  Progress (2): 0.9/6.3 MB | 188/243 kB
2026.05.20 22:55:10 INFO  Progress (2): 0.9/6.3 MB | 188/243 kB
2026.05.20 22:55:10 INFO  Progress (2): 0.9/6.3 MB | 205/243 kB
2026.05.20 22:55:10 INFO  Progress (2): 0.9/6.3 MB | 221/243 kB
2026.05.20 22:55:10 INFO  Progress (2): 0.9/6.3 MB | 221/243 kB
2026.05.20 22:55:10 INFO  Progress (2): 0.9/6.3 MB | 238/243 kB
2026.05.20 22:55:10 INFO  Progress (2): 0.9/6.3 MB | 243 kB    
2026.05.20 22:55:10 INFO  Progress (2): 0.9/6.3 MB | 243 kB
2026.05.20 22:55:10 INFO  Progress (2): 0.9/6.3 MB | 243 kB
2026.05.20 22:55:10 INFO                                   
2026.05.20 22:55:10 INFO  Downloaded from central: https://repo.maven.apache.org/maven2/org/scala-sbt/compiler-bridge_2.13/1.8.0/compiler-bridge_2.13-1.8.0.jar (243 kB at 1.2 MB/s)
2026.05.20 22:55:10 INFO  Downloading from central: https://repo.maven.apache.org/maven2/org/scala-sbt/zinc-persist-core-assembly/1.8.0/zinc-persist-core-assembly-1.8.0.jar
2026.05.20 22:55:10 INFO  Progress (1): 1.0/6.3 MB
2026.05.20 22:55:10 INFO  Progress (1): 1.0/6.3 MB
2026.05.20 22:55:10 INFO  Progress (2): 1.0/6.3 MB | 7.7/112 kB
2026.05.20 22:55:10 INFO  Progress (2): 1.0/6.3 MB | 8.2/112 kB
2026.05.20 22:55:10 INFO  Progress (2): 1.0/6.3 MB | 25/112 kB 
2026.05.20 22:55:10 INFO  Progress (2): 1.0/6.3 MB | 25/112 kB
2026.05.20 22:55:10 INFO  Progress (2): 1.0/6.3 MB | 25/112 kB
2026.05.20 22:55:10 INFO  Progress (2): 1.0/6.3 MB | 41/112 kB
2026.05.20 22:55:10 INFO  Progress (2): 1.0/6.3 MB | 57/112 kB
2026.05.20 22:55:10 INFO  Progress (2): 1.0/6.3 MB | 57/112 kB
2026.05.20 22:55:10 INFO  Progress (2): 1.0/6.3 MB | 74/112 kB
2026.05.20 22:55:10 INFO  Progress (2): 1.0/6.3 MB | 74/112 kB
2026.05.20 22:55:10 INFO  Progress (2): 1.0/6.3 MB | 90/112 kB
2026.05.20 22:55:10 INFO  Progress (2): 1.1/6.3 MB | 90/112 kB
2026.05.20 22:55:10 INFO  Progress (2): 1.1/6.3 MB | 106/112 kB
2026.05.20 22:55:10 INFO  Progress (2): 1.1/6.3 MB | 106/112 kB
2026.05.20 22:55:10 INFO  Progress (2): 1.1/6.3 MB | 112 kB    
2026.05.20 22:55:10 INFO  Progress (2): 1.1/6.3 MB | 112 kB
2026.05.20 22:55:10 INFO  Progress (2): 1.1/6.3 MB | 112 kB
2026.05.20 22:55:10 INFO                                   
2026.05.20 22:55:10 INFO  Downloaded from central: https://repo.maven.apache.org/maven2/org/scala-sbt/compiler-interface/1.8.0/compiler-interface-1.8.0.jar (112 kB at 513 kB/s)
2026.05.20 22:55:10 INFO  Downloading from central: https://repo.maven.apache.org/maven2/org/scala-lang/modules/scala-parallel-collections_2.13/0.2.0/scala-parallel-collections_2.13-0.2.0.jar
2026.05.20 22:55:10 INFO  Progress (2): 1.1/6.3 MB | 3.3 kB
2026.05.20 22:55:10 INFO  Progress (2): 1.1/6.3 MB | 3.3 kB
2026.05.20 22:55:10 INFO  Progress (2): 1.1/6.3 MB | 3.3 kB
2026.05.20 22:55:10 INFO  Progress (2): 1.2/6.3 MB | 3.3 kB
2026.05.20 22:55:10 INFO                                   
2026.05.20 22:55:10 INFO  Downloaded from central: https://repo.maven.apache.org/maven2/org/scala-sbt/util-interface/1.8.0/util-interface-1.8.0.jar (3.3 kB at 15 kB/s)
2026.05.20 22:55:10 INFO  Downloading from central: https://repo.maven.apache.org/maven2/org/scala-sbt/io_2.13/1.8.0/io_2.13-1.8.0.jar
2026.05.20 22:55:10 INFO  Progress (2): 1.2/6.3 MB | 0/12 MB
2026.05.20 22:55:10 INFO  Progress (2): 1.2/6.3 MB | 0/12 MB
2026.05.20 22:55:10 INFO  Progress (2): 1.2/6.3 MB | 0/12 MB
2026.05.20 22:55:10 INFO  Progress (2): 1.2/6.3 MB | 0/12 MB
2026.05.20 22:55:10 INFO  Progress (2): 1.2/6.3 MB | 0/12 MB
2026.05.20 22:55:10 INFO  Progress (2): 1.2/6.3 MB | 0/12 MB
2026.05.20 22:55:10 INFO  Progress (2): 1.2/6.3 MB | 0.1/12 MB
2026.05.20 22:55:10 INFO  Progress (2): 1.2/6.3 MB | 0.1/12 MB
2026.05.20 22:55:10 INFO  Progress (2): 1.2/6.3 MB | 0.1/12 MB
2026.05.20 22:55:10 INFO  Progress (2): 1.2/6.3 MB | 0.1/12 MB
2026.05.20 22:55:10 INFO  Progress (2): 1.2/6.3 MB | 0.1/12 MB
2026.05.20 22:55:10 INFO  Progress (2): 1.2/6.3 MB | 0.1/12 MB
2026.05.20 22:55:10 INFO  Progress (2): 1.2/6.3 MB | 0.1/12 MB
2026.05.20 22:55:10 INFO  Progress (2): 1.2/6.3 MB | 0.1/12 MB
2026.05.20 22:55:10 INFO  Progress (2): 1.2/6.3 MB | 0.1/12 MB
2026.05.20 22:55:10 INFO  Progress (2): 1.3/6.3 MB | 0.1/12 MB
2026.05.20 22:55:10 INFO  Progress (2): 1.3/6.3 MB | 0.2/12 MB
2026.05.20 22:55:10 INFO  Progress (2): 1.3/6.3 MB | 0.2/12 MB
2026.05.20 22:55:10 INFO  Progress (2): 1.3/6.3 MB | 0.2/12 MB
2026.05.20 22:55:10 INFO  Progress (2): 1.3/6.3 MB | 0.2/12 MB
2026.05.20 22:55:10 INFO  Progress (2): 1.3/6.3 MB | 0.2/12 MB
2026.05.20 22:55:10 INFO  Progress (2): 1.3/6.3 MB | 0.2/12 MB
2026.05.20 22:55:10 INFO  Progress (2): 1.3/6.3 MB | 0.2/12 MB
2026.05.20 22:55:10 INFO  Progress (2): 1.3/6.3 MB | 0.2/12 MB
2026.05.20 22:55:10 INFO  Progress (2): 1.4/6.3 MB | 0.2/12 MB
2026.05.20 22:55:10 INFO  Progress (2): 1.4/6.3 MB | 0.2/12 MB
2026.05.20 22:55:10 INFO  Progress (2): 1.4/6.3 MB | 0.2/12 MB
2026.05.20 22:55:10 INFO  Progress (2): 1.4/6.3 MB | 0.2/12 MB
2026.05.20 22:55:10 INFO  Progress (2): 1.4/6.3 MB | 0.2/12 MB
2026.05.20 22:55:10 INFO  Progress (2): 1.4/6.3 MB | 0.2/12 MB
2026.05.20 22:55:10 INFO  Progress (2): 1.4/6.3 MB | 0.2/12 MB
2026.05.20 22:55:10 INFO  Progress (3): 1.4/6.3 MB | 0.2/12 MB | 0/2.6 MB
2026.05.20 22:55:10 INFO  Progress (3): 1.4/6.3 MB | 0.2/12 MB | 0/2.6 MB
2026.05.20 22:55:10 INFO  Progress (3): 1.4/6.3 MB | 0.2/12 MB | 0/2.6 MB
2026.05.20 22:55:10 INFO  Progress (3): 1.4/6.3 MB | 0.3/12 MB | 0/2.6 MB
2026.05.20 22:55:10 INFO  Progress (3): 1.4/6.3 MB | 0.3/12 MB | 0/2.6 MB
2026.05.20 22:55:10 INFO  Progress (3): 1.4/6.3 MB | 0.3/12 MB | 0/2.6 MB
2026.05.20 22:55:10 INFO  Progress (3): 1.4/6.3 MB | 0.3/12 MB | 0/2.6 MB
2026.05.20 22:55:10 INFO  Progress (3): 1.4/6.3 MB | 0.3/12 MB | 0/2.6 MB
2026.05.20 22:55:10 INFO  Progress (3): 1.4/6.3 MB | 0.3/12 MB | 0/2.6 MB
2026.05.20 22:55:10 INFO  Progress (3): 1.4/6.3 MB | 0.3/12 MB | 0/2.6 MB
2026.05.20 22:55:10 INFO  Progress (3): 1.4/6.3 MB | 0.3/12 MB | 0.1/2.6 MB
2026.05.20 22:55:10 INFO  Progress (3): 1.4/6.3 MB | 0.3/12 MB | 0.1/2.6 MB
2026.05.20 22:55:10 INFO  Progress (3): 1.4/6.3 MB | 0.3/12 MB | 0.1/2.6 MB
2026.05.20 22:55:10 INFO  Progress (3): 1.4/6.3 MB | 0.3/12 MB | 0.1/2.6 MB
2026.05.20 22:55:10 INFO  Progress (3): 1.5/6.3 MB | 0.3/12 MB | 0.1/2.6 MB
2026.05.20 22:55:10 INFO  Progress (3): 1.5/6.3 MB | 0.3/12 MB | 0.1/2.6 MB
2026.05.20 22:55:10 INFO  Progress (3): 1.5/6.3 MB | 0.3/12 MB | 0.1/2.6 MB
2026.05.20 22:55:10 INFO  Progress (3): 1.5/6.3 MB | 0.3/12 MB | 0.1/2.6 MB
2026.05.20 22:55:10 INFO  Progress (3): 1.5/6.3 MB | 0.3/12 MB | 0.1/2.6 MB
2026.05.20 22:55:10 INFO  Progress (3): 1.5/6.3 MB | 0.3/12 MB | 0.1/2.6 MB
2026.05.20 22:55:10 INFO  Progress (3): 1.5/6.3 MB | 0.3/12 MB | 0.1/2.6 MB
2026.05.20 22:55:10 INFO  Progress (3): 1.5/6.3 MB | 0.3/12 MB | 0.1/2.6 MB
2026.05.20 22:55:10 INFO  Progress (3): 1.5/6.3 MB | 0.4/12 MB | 0.1/2.6 MB
2026.05.20 22:55:10 INFO  Progress (3): 1.5/6.3 MB | 0.4/12 MB | 0.1/2.6 MB
2026.05.20 22:55:10 INFO  Progress (3): 1.5/6.3 MB | 0.4/12 MB | 0.1/2.6 MB
2026.05.20 22:55:10 INFO  Progress (3): 1.5/6.3 MB | 0.4/12 MB | 0.1/2.6 MB
2026.05.20 22:55:10 INFO  Progress (3): 1.5/6.3 MB | 0.4/12 MB | 0.1/2.6 MB
2026.05.20 22:55:10 INFO  Progress (3): 1.5/6.3 MB | 0.4/12 MB | 0.1/2.6 MB
2026.05.20 22:55:10 INFO  Progress (3): 1.5/6.3 MB | 0.4/12 MB | 0.1/2.6 MB
2026.05.20 22:55:10 INFO  Progress (3): 1.6/6.3 MB | 0.4/12 MB | 0.1/2.6 MB
2026.05.20 22:55:10 INFO  Progress (3): 1.6/6.3 MB | 0.4/12 MB | 0.1/2.6 MB
2026.05.20 22:55:10 INFO  Progress (3): 1.6/6.3 MB | 0.4/12 MB | 0.1/2.6 MB
2026.05.20 22:55:10 INFO  Progress (3): 1.6/6.3 MB | 0.4/12 MB | 0.1/2.6 MB
2026.05.20 22:55:10 INFO  Progress (3): 1.6/6.3 MB | 0.4/12 MB | 0.1/2.6 MB
2026.05.20 22:55:10 INFO  Progress (3): 1.6/6.3 MB | 0.4/12 MB | 0.1/2.6 MB
2026.05.20 22:55:10 INFO  Progress (3): 1.6/6.3 MB | 0.4/12 MB | 0.1/2.6 MB
2026.05.20 22:55:10 INFO  Progress (3): 1.6/6.3 MB | 0.4/12 MB | 0.1/2.6 MB
2026.05.20 22:55:10 INFO  Progress (3): 1.6/6.3 MB | 0.4/12 MB | 0.2/2.6 MB
2026.05.20 22:55:10 INFO  Progress (3): 1.6/6.3 MB | 0.4/12 MB | 0.2/2.6 MB
2026.05.20 22:55:10 INFO  Progress (3): 1.6/6.3 MB | 0.5/12 MB | 0.2/2.6 MB
2026.05.20 22:55:10 INFO  Progress (3): 1.6/6.3 MB | 0.5/12 MB | 0.2/2.6 MB
2026.05.20 22:55:10 INFO  Progress (3): 1.6/6.3 MB | 0.5/12 MB | 0.2/2.6 MB
2026.05.20 22:55:10 INFO  Progress (3): 1.6/6.3 MB | 0.5/12 MB | 0.2/2.6 MB
2026.05.20 22:55:10 INFO  Progress (3): 1.6/6.3 MB | 0.5/12 MB | 0.2/2.6 MB
2026.05.20 22:55:10 INFO  Progress (3): 1.6/6.3 MB | 0.5/12 MB | 0.2/2.6 MB
2026.05.20 22:55:10 INFO  Progress (3): 1.7/6.3 MB | 0.5/12 MB | 0.2/2.6 MB
2026.05.20 22:55:10 INFO  Progress (3): 1.7/6.3 MB | 0.5/12 MB | 0.2/2.6 MB
2026.05.20 22:55:10 INFO  Progress (3): 1.7/6.3 MB | 0.5/12 MB | 0.2/2.6 MB
2026.05.20 22:55:10 INFO  Progress (4): 1.7/6.3 MB | 0.5/12 MB | 0.2/2.6 MB | 7.7/636 kB
2026.05.20 22:55:10 INFO  Progress (4): 1.7/6.3 MB | 0.5/12 MB | 0.2/2.6 MB | 8.2/636 kB
2026.05.20 22:55:10 INFO  Progress (4): 1.7/6.3 MB | 0.5/12 MB | 0.2/2.6 MB | 8.2/636 kB
2026.05.20 22:55:10 INFO  Progress (4): 1.7/6.3 MB | 0.5/12 MB | 0.2/2.6 MB | 8.2/636 kB
2026.05.20 22:55:10 INFO  Progress (4): 1.7/6.3 MB | 0.5/12 MB | 0.2/2.6 MB | 8.2/636 kB
2026.05.20 22:55:10 INFO  Progress (4): 1.7/6.3 MB | 0.5/12 MB | 0.2/2.6 MB | 8.2/636 kB
2026.05.20 22:55:10 INFO  Progress (4): 1.7/6.3 MB | 0.5/12 MB | 0.2/2.6 MB | 8.2/636 kB
2026.05.20 22:55:10 INFO  Progress (4): 1.7/6.3 MB | 0.5/12 MB | 0.2/2.6 MB | 8.2/636 kB
2026.05.20 22:55:10 INFO  Progress (4): 1.7/6.3 MB | 0.5/12 MB | 0.2/2.6 MB | 8.2/636 kB
2026.05.20 22:55:10 INFO  Progress (4): 1.7/6.3 MB | 0.5/12 MB | 0.2/2.6 MB | 16/636 kB 
2026.05.20 22:55:10 INFO  Progress (4): 1.7/6.3 MB | 0.6/12 MB | 0.2/2.6 MB | 16/636 kB
2026.05.20 22:55:10 INFO  Progress (4): 1.7/6.3 MB | 0.6/12 MB | 0.2/2.6 MB | 33/636 kB
2026.05.20 22:55:10 INFO  Progress (4): 1.7/6.3 MB | 0.6/12 MB | 0.2/2.6 MB | 33/636 kB
2026.05.20 22:55:10 INFO  Progress (4): 1.7/6.3 MB | 0.6/12 MB | 0.2/2.6 MB | 33/636 kB
2026.05.20 22:55:10 INFO  Progress (4): 1.8/6.3 MB | 0.6/12 MB | 0.2/2.6 MB | 33/636 kB
2026.05.20 22:55:10 INFO  Progress (4): 1.8/6.3 MB | 0.6/12 MB | 0.2/2.6 MB | 33/636 kB
2026.05.20 22:55:10 INFO  Progress (4): 1.8/6.3 MB | 0.6/12 MB | 0.2/2.6 MB | 33/636 kB
2026.05.20 22:55:10 INFO  Progress (4): 1.8/6.3 MB | 0.6/12 MB | 0.2/2.6 MB | 33/636 kB
2026.05.20 22:55:10 INFO  Progress (4): 1.8/6.3 MB | 0.6/12 MB | 0.2/2.6 MB | 33/636 kB
2026.05.20 22:55:10 INFO  Progress (4): 1.8/6.3 MB | 0.6/12 MB | 0.2/2.6 MB | 33/636 kB
2026.05.20 22:55:10 INFO  Progress (4): 1.8/6.3 MB | 0.6/12 MB | 0.2/2.6 MB | 33/636 kB
2026.05.20 22:55:10 INFO  Progress (4): 1.8/6.3 MB | 0.6/12 MB | 0.2/2.6 MB | 33/636 kB
2026.05.20 22:55:10 INFO  Progress (4): 1.8/6.3 MB | 0.6/12 MB | 0.2/2.6 MB | 33/636 kB
2026.05.20 22:55:10 INFO  Progress (4): 1.8/6.3 MB | 0.6/12 MB | 0.2/2.6 MB | 33/636 kB
2026.05.20 22:55:10 INFO  Progress (4): 1.8/6.3 MB | 0.6/12 MB | 0.2/2.6 MB | 33/636 kB
2026.05.20 22:55:10 INFO  Progress (4): 1.8/6.3 MB | 0.7/12 MB | 0.2/2.6 MB | 33/636 kB
2026.05.20 22:55:10 INFO  Progress (4): 1.8/6.3 MB | 0.7/12 MB | 0.3/2.6 MB | 33/636 kB
2026.05.20 22:55:10 INFO  Progress (5): 1.8/6.3 MB | 0.7/12 MB | 0.3/2.6 MB | 33/636 kB | 0/1.1 MB
2026.05.20 22:55:10 INFO  Progress (5): 1.8/6.3 MB | 0.7/12 MB | 0.3/2.6 MB | 33/636 kB | 0/1.1 MB
2026.05.20 22:55:10 INFO  Progress (5): 1.8/6.3 MB | 0.7/12 MB | 0.3/2.6 MB | 33/636 kB | 0/1.1 MB
2026.05.20 22:55:10 INFO  Progress (5): 1.8/6.3 MB | 0.7/12 MB | 0.3/2.6 MB | 33/636 kB | 0/1.1 MB
2026.05.20 22:55:10 INFO  Progress (5): 1.8/6.3 MB | 0.7/12 MB | 0.3/2.6 MB | 33/636 kB | 0/1.1 MB
2026.05.20 22:55:10 INFO  Progress (5): 1.8/6.3 MB | 0.7/12 MB | 0.3/2.6 MB | 33/636 kB | 0/1.1 MB
2026.05.20 22:55:10 INFO  Progress (5): 1.8/6.3 MB | 0.7/12 MB | 0.3/2.6 MB | 33/636 kB | 0/1.1 MB
2026.05.20 22:55:10 INFO  Progress (5): 1.8/6.3 MB | 0.7/12 MB | 0.3/2.6 MB | 33/636 kB | 0/1.1 MB
2026.05.20 22:55:10 INFO  Progress (5): 1.8/6.3 MB | 0.7/12 MB | 0.3/2.6 MB | 33/636 kB | 0/1.1 MB
2026.05.20 22:55:10 INFO  Progress (5): 1.8/6.3 MB | 0.7/12 MB | 0.3/2.6 MB | 33/636 kB | 0.1/1.1 MB
2026.05.20 22:55:10 INFO  Progress (5): 1.8/6.3 MB | 0.7/12 MB | 0.3/2.6 MB | 49/636 kB | 0.1/1.1 MB
2026.05.20 22:55:10 INFO  Progress (5): 1.8/6.3 MB | 0.7/12 MB | 0.3/2.6 MB | 49/636 kB | 0.1/1.1 MB
2026.05.20 22:55:10 INFO  Progress (5): 1.8/6.3 MB | 0.7/12 MB | 0.3/2.6 MB | 49/636 kB | 0.1/1.1 MB
2026.05.20 22:55:10 INFO  Progress (5): 1.8/6.3 MB | 0.7/12 MB | 0.3/2.6 MB | 66/636 kB | 0.1/1.1 MB
2026.05.20 22:55:10 INFO  Progress (5): 1.8/6.3 MB | 0.7/12 MB | 0.3/2.6 MB | 66/636 kB | 0.1/1.1 MB
2026.05.20 22:55:10 INFO  Progress (5): 1.8/6.3 MB | 0.7/12 MB | 0.3/2.6 MB | 74/636 kB | 0.1/1.1 MB
2026.05.20 22:55:10 INFO  Progress (5): 1.8/6.3 MB | 0.7/12 MB | 0.3/2.6 MB | 74/636 kB | 0.1/1.1 MB
2026.05.20 22:55:10 INFO  Progress (5): 1.8/6.3 MB | 0.7/12 MB | 0.3/2.6 MB | 90/636 kB | 0.1/1.1 MB
2026.05.20 22:55:10 INFO  Progress (5): 1.8/6.3 MB | 0.7/12 MB | 0.3/2.6 MB | 90/636 kB | 0.1/1.1 MB
2026.05.20 22:55:10 INFO  Progress (5): 1.8/6.3 MB | 0.7/12 MB | 0.3/2.6 MB | 98/636 kB | 0.1/1.1 MB
2026.05.20 22:55:10 INFO  Progress (5): 1.8/6.3 MB | 0.7/12 MB | 0.3/2.6 MB | 98/636 kB | 0.1/1.1 MB
2026.05.20 22:55:10 INFO  Progress (5): 1.8/6.3 MB | 0.7/12 MB | 0.3/2.6 MB | 98/636 kB | 0.1/1.1 MB
2026.05.20 22:55:10 INFO  Progress (5): 1.8/6.3 MB | 0.7/12 MB | 0.3/2.6 MB | 98/636 kB | 0.1/1.1 MB
2026.05.20 22:55:10 INFO  Progress (5): 1.8/6.3 MB | 0.7/12 MB | 0.3/2.6 MB | 98/636 kB | 0.2/1.1 MB
2026.05.20 22:55:10 INFO  Progress (5): 1.8/6.3 MB | 0.7/12 MB | 0.3/2.6 MB | 98/636 kB | 0.2/1.1 MB
2026.05.20 22:55:10 INFO  Progress (5): 1.8/6.3 MB | 0.7/12 MB | 0.3/2.6 MB | 98/636 kB | 0.2/1.1 MB
2026.05.20 22:55:10 INFO  Progress (5): 1.8/6.3 MB | 0.7/12 MB | 0.3/2.6 MB | 98/636 kB | 0.2/1.1 MB
2026.05.20 22:55:10 INFO  Progress (5): 1.8/6.3 MB | 0.7/12 MB | 0.3/2.6 MB | 98/636 kB | 0.2/1.1 MB
2026.05.20 22:55:10 INFO  Progress (5): 1.8/6.3 MB | 0.7/12 MB | 0.3/2.6 MB | 98/636 kB | 0.2/1.1 MB
2026.05.20 22:55:10 INFO  Progress (5): 1.8/6.3 MB | 0.7/12 MB | 0.3/2.6 MB | 98/636 kB | 0.2/1.1 MB
2026.05.20 22:55:10 INFO  Progress (5): 1.8/6.3 MB | 0.7/12 MB | 0.3/2.6 MB | 115/636 kB | 0.2/1.1 MB
2026.05.20 22:55:10 INFO  Progress (5): 1.8/6.3 MB | 0.7/12 MB | 0.3/2.6 MB | 115/636 kB | 0.2/1.1 MB
2026.05.20 22:55:10 INFO  Progress (5): 1.8/6.3 MB | 0.7/12 MB | 0.3/2.6 MB | 123/636 kB | 0.2/1.1 MB
2026.05.20 22:55:10 INFO  Progress (5): 1.9/6.3 MB | 0.7/12 MB | 0.3/2.6 MB | 123/636 kB | 0.2/1.1 MB
2026.05.20 22:55:10 INFO  Progress (5): 1.9/6.3 MB | 0.7/12 MB | 0.3/2.6 MB | 131/636 kB | 0.2/1.1 MB
2026.05.20 22:55:10 INFO  Progress (5): 1.9/6.3 MB | 0.7/12 MB | 0.3/2.6 MB | 131/636 kB | 0.2/1.1 MB
2026.05.20 22:55:10 INFO  Progress (5): 1.9/6.3 MB | 0.7/12 MB | 0.3/2.6 MB | 147/636 kB | 0.2/1.1 MB
2026.05.20 22:55:10 INFO  Progress (5): 1.9/6.3 MB | 0.7/12 MB | 0.3/2.6 MB | 147/636 kB | 0.2/1.1 MB
2026.05.20 22:55:10 INFO  Progress (5): 1.9/6.3 MB | 0.7/12 MB | 0.3/2.6 MB | 147/636 kB | 0.2/1.1 MB
2026.05.20 22:55:10 INFO  Progress (5): 1.9/6.3 MB | 0.7/12 MB | 0.3/2.6 MB | 164/636 kB | 0.2/1.1 MB
2026.05.20 22:55:10 INFO  Progress (5): 1.9/6.3 MB | 0.7/12 MB | 0.3/2.6 MB | 164/636 kB | 0.2/1.1 MB
2026.05.20 22:55:10 INFO  Progress (5): 1.9/6.3 MB | 0.7/12 MB | 0.4/2.6 MB | 164/636 kB | 0.2/1.1 MB
2026.05.20 22:55:10 INFO  Progress (5): 1.9/6.3 MB | 0.7/12 MB | 0.4/2.6 MB | 164/636 kB | 0.2/1.1 MB
2026.05.20 22:55:10 INFO  Progress (5): 1.9/6.3 MB | 0.7/12 MB | 0.4/2.6 MB | 164/636 kB | 0.2/1.1 MB
2026.05.20 22:55:10 INFO  Progress (5): 1.9/6.3 MB | 0.7/12 MB | 0.4/2.6 MB | 180/636 kB | 0.2/1.1 MB
2026.05.20 22:55:10 INFO  Progress (5): 1.9/6.3 MB | 0.7/12 MB | 0.4/2.6 MB | 180/636 kB | 0.3/1.1 MB
2026.05.20 22:55:10 INFO  Progress (5): 1.9/6.3 MB | 0.7/12 MB | 0.4/2.6 MB | 197/636 kB | 0.3/1.1 MB
2026.05.20 22:55:10 INFO  Progress (5): 1.9/6.3 MB | 0.7/12 MB | 0.4/2.6 MB | 197/636 kB | 0.3/1.1 MB
2026.05.20 22:55:10 INFO  Progress (5): 1.9/6.3 MB | 0.7/12 MB | 0.4/2.6 MB | 213/636 kB | 0.3/1.1 MB
2026.05.20 22:55:10 INFO  Progress (5): 1.9/6.3 MB | 0.7/12 MB | 0.4/2.6 MB | 229/636 kB | 0.3/1.1 MB
2026.05.20 22:55:10 INFO  Progress (5): 1.9/6.3 MB | 0.7/12 MB | 0.4/2.6 MB | 229/636 kB | 0.3/1.1 MB
2026.05.20 22:55:10 INFO  Progress (5): 1.9/6.3 MB | 0.8/12 MB | 0.4/2.6 MB | 229/636 kB | 0.3/1.1 MB
2026.05.20 22:55:10 INFO  Progress (5): 1.9/6.3 MB | 0.8/12 MB | 0.4/2.6 MB | 246/636 kB | 0.3/1.1 MB
2026.05.20 22:55:10 INFO  Progress (5): 1.9/6.3 MB | 0.8/12 MB | 0.4/2.6 MB | 246/636 kB | 0.3/1.1 MB
2026.05.20 22:55:10 INFO  Progress (5): 1.9/6.3 MB | 0.8/12 MB | 0.4/2.6 MB | 262/636 kB | 0.3/1.1 MB
2026.05.20 22:55:10 INFO  Progress (5): 1.9/6.3 MB | 0.8/12 MB | 0.4/2.6 MB | 262/636 kB | 0.3/1.1 MB
2026.05.20 22:55:10 INFO  Progress (5): 1.9/6.3 MB | 0.8/12 MB | 0.4/2.6 MB | 279/636 kB | 0.3/1.1 MB
2026.05.20 22:55:10 INFO  Progress (5): 1.9/6.3 MB | 0.8/12 MB | 0.4/2.6 MB | 279/636 kB | 0.3/1.1 MB
2026.05.20 22:55:10 INFO  Progress (5): 1.9/6.3 MB | 0.8/12 MB | 0.4/2.6 MB | 295/636 kB | 0.3/1.1 MB
2026.05.20 22:55:10 INFO  Progress (5): 1.9/6.3 MB | 0.8/12 MB | 0.4/2.6 MB | 311/636 kB | 0.3/1.1 MB
2026.05.20 22:55:10 INFO  Progress (5): 1.9/6.3 MB | 0.8/12 MB | 0.4/2.6 MB | 328/636 kB | 0.3/1.1 MB
2026.05.20 22:55:10 INFO  Progress (5): 1.9/6.3 MB | 0.8/12 MB | 0.4/2.6 MB | 344/636 kB | 0.3/1.1 MB
2026.05.20 22:55:10 INFO  Progress (5): 1.9/6.3 MB | 0.8/12 MB | 0.4/2.6 MB | 360/636 kB | 0.3/1.1 MB
2026.05.20 22:55:10 INFO  Progress (5): 1.9/6.3 MB | 0.8/12 MB | 0.4/2.6 MB | 360/636 kB | 0.3/1.1 MB
2026.05.20 22:55:10 INFO  Progress (5): 1.9/6.3 MB | 0.8/12 MB | 0.4/2.6 MB | 377/636 kB | 0.3/1.1 MB
2026.05.20 22:55:10 INFO  Progress (5): 1.9/6.3 MB | 0.8/12 MB | 0.4/2.6 MB | 377/636 kB | 0.3/1.1 MB
2026.05.20 22:55:10 INFO  Progress (5): 1.9/6.3 MB | 0.8/12 MB | 0.4/2.6 MB | 377/636 kB | 0.3/1.1 MB
2026.05.20 22:55:10 INFO  Progress (5): 1.9/6.3 MB | 0.8/12 MB | 0.4/2.6 MB | 393/636 kB | 0.3/1.1 MB
2026.05.20 22:55:10 INFO  Progress (5): 1.9/6.3 MB | 0.8/12 MB | 0.4/2.6 MB | 393/636 kB | 0.3/1.1 MB
2026.05.20 22:55:10 INFO  Progress (5): 1.9/6.3 MB | 0.8/12 MB | 0.4/2.6 MB | 410/636 kB | 0.3/1.1 MB
2026.05.20 22:55:10 INFO  Progress (5): 1.9/6.3 MB | 0.8/12 MB | 0.4/2.6 MB | 410/636 kB | 0.3/1.1 MB
2026.05.20 22:55:10 INFO  Progress (5): 1.9/6.3 MB | 0.8/12 MB | 0.4/2.6 MB | 410/636 kB | 0.3/1.1 MB
2026.05.20 22:55:10 INFO  Progress (5): 1.9/6.3 MB | 0.8/12 MB | 0.4/2.6 MB | 426/636 kB | 0.3/1.1 MB
2026.05.20 22:55:10 INFO  Progress (5): 1.9/6.3 MB | 0.8/12 MB | 0.5/2.6 MB | 426/636 kB | 0.3/1.1 MB
2026.05.20 22:55:10 INFO  Progress (5): 1.9/6.3 MB | 0.8/12 MB | 0.5/2.6 MB | 426/636 kB | 0.3/1.1 MB
2026.05.20 22:55:10 INFO  Progress (5): 1.9/6.3 MB | 0.8/12 MB | 0.5/2.6 MB | 426/636 kB | 0.3/1.1 MB
2026.05.20 22:55:10 INFO  Progress (5): 1.9/6.3 MB | 0.8/12 MB | 0.5/2.6 MB | 442/636 kB | 0.3/1.1 MB
2026.05.20 22:55:10 INFO  Progress (5): 1.9/6.3 MB | 0.8/12 MB | 0.5/2.6 MB | 442/636 kB | 0.3/1.1 MB
2026.05.20 22:55:10 INFO  Progress (5): 1.9/6.3 MB | 0.8/12 MB | 0.5/2.6 MB | 442/636 kB | 0.3/1.1 MB
2026.05.20 22:55:10 INFO  Progress (5): 1.9/6.3 MB | 0.8/12 MB | 0.5/2.6 MB | 442/636 kB | 0.3/1.1 MB
2026.05.20 22:55:10 INFO  Progress (5): 1.9/6.3 MB | 0.8/12 MB | 0.5/2.6 MB | 442/636 kB | 0.3/1.1 MB
2026.05.20 22:55:10 INFO  Progress (5): 1.9/6.3 MB | 0.8/12 MB | 0.5/2.6 MB | 459/636 kB | 0.3/1.1 MB
2026.05.20 22:55:10 INFO  Progress (5): 1.9/6.3 MB | 0.8/12 MB | 0.5/2.6 MB | 459/636 kB | 0.3/1.1 MB
2026.05.20 22:55:10 INFO  Progress (5): 1.9/6.3 MB | 0.8/12 MB | 0.5/2.6 MB | 459/636 kB | 0.3/1.1 MB
2026.05.20 22:55:10 INFO  Progress (5): 2.0/6.3 MB | 0.8/12 MB | 0.5/2.6 MB | 459/636 kB | 0.3/1.1 MB
2026.05.20 22:55:10 INFO  Progress (5): 2.0/6.3 MB | 0.8/12 MB | 0.5/2.6 MB | 475/636 kB | 0.3/1.1 MB
2026.05.20 22:55:10 INFO  Progress (5): 2.0/6.3 MB | 0.8/12 MB | 0.5/2.6 MB | 475/636 kB | 0.3/1.1 MB
2026.05.20 22:55:10 INFO  Progress (5): 2.0/6.3 MB | 0.8/12 MB | 0.5/2.6 MB | 492/636 kB | 0.3/1.1 MB
2026.05.20 22:55:10 INFO  Progress (5): 2.0/6.3 MB | 0.8/12 MB | 0.5/2.6 MB | 508/636 kB | 0.3/1.1 MB
2026.05.20 22:55:10 INFO  Progress (5): 2.0/6.3 MB | 0.8/12 MB | 0.5/2.6 MB | 508/636 kB | 0.3/1.1 MB
2026.05.20 22:55:10 INFO  Progress (5): 2.0/6.3 MB | 0.8/12 MB | 0.5/2.6 MB | 508/636 kB | 0.3/1.1 MB
2026.05.20 22:55:10 INFO  Progress (5): 2.0/6.3 MB | 0.8/12 MB | 0.5/2.6 MB | 508/636 kB | 0.3/1.1 MB
2026.05.20 22:55:10 INFO  Progress (5): 2.0/6.3 MB | 0.8/12 MB | 0.5/2.6 MB | 508/636 kB | 0.4/1.1 MB
2026.05.20 22:55:10 INFO  Progress (5): 2.0/6.3 MB | 0.8/12 MB | 0.5/2.6 MB | 508/636 kB | 0.4/1.1 MB
2026.05.20 22:55:10 INFO  Progress (5): 2.0/6.3 MB | 0.8/12 MB | 0.5/2.6 MB | 508/636 kB | 0.4/1.1 MB
2026.05.20 22:55:10 INFO  Progress (5): 2.0/6.3 MB | 0.8/12 MB | 0.5/2.6 MB | 508/636 kB | 0.4/1.1 MB
2026.05.20 22:55:10 INFO  Progress (5): 2.0/6.3 MB | 0.8/12 MB | 0.5/2.6 MB | 508/636 kB | 0.4/1.1 MB
2026.05.20 22:55:10 INFO  Progress (5): 2.0/6.3 MB | 0.8/12 MB | 0.5/2.6 MB | 508/636 kB | 0.4/1.1 MB
2026.05.20 22:55:10 INFO  Progress (5): 2.0/6.3 MB | 0.8/12 MB | 0.5/2.6 MB | 508/636 kB | 0.4/1.1 MB
2026.05.20 22:55:10 INFO  Progress (5): 2.0/6.3 MB | 0.8/12 MB | 0.5/2.6 MB | 508/636 kB | 0.4/1.1 MB
2026.05.20 22:55:10 INFO  Progress (5): 2.0/6.3 MB | 0.8/12 MB | 0.5/2.6 MB | 508/636 kB | 0.4/1.1 MB
2026.05.20 22:55:10 INFO  Progress (5): 2.0/6.3 MB | 0.8/12 MB | 0.5/2.6 MB | 508/636 kB | 0.4/1.1 MB
2026.05.20 22:55:10 INFO  Progress (5): 2.0/6.3 MB | 0.8/12 MB | 0.5/2.6 MB | 508/636 kB | 0.5/1.1 MB
2026.05.20 22:55:10 INFO  Progress (5): 2.0/6.3 MB | 0.9/12 MB | 0.5/2.6 MB | 508/636 kB | 0.5/1.1 MB
2026.05.20 22:55:10 INFO  Progress (5): 2.0/6.3 MB | 0.9/12 MB | 0.5/2.6 MB | 508/636 kB | 0.5/1.1 MB
2026.05.20 22:55:10 INFO  Progress (5): 2.0/6.3 MB | 0.9/12 MB | 0.5/2.6 MB | 508/636 kB | 0.5/1.1 MB
2026.05.20 22:55:10 INFO  Progress (5): 2.0/6.3 MB | 0.9/12 MB | 0.5/2.6 MB | 508/636 kB | 0.5/1.1 MB
2026.05.20 22:55:10 INFO  Progress (5): 2.0/6.3 MB | 0.9/12 MB | 0.5/2.6 MB | 508/636 kB | 0.5/1.1 MB
2026.05.20 22:55:10 INFO  Progress (5): 2.0/6.3 MB | 0.9/12 MB | 0.5/2.6 MB | 508/636 kB | 0.5/1.1 MB
2026.05.20 22:55:10 INFO  Progress (5): 2.0/6.3 MB | 0.9/12 MB | 0.6/2.6 MB | 508/636 kB | 0.5/1.1 MB
2026.05.20 22:55:10 INFO  Progress (5): 2.0/6.3 MB | 0.9/12 MB | 0.6/2.6 MB | 508/636 kB | 0.5/1.1 MB
2026.05.20 22:55:10 INFO  Progress (5): 2.0/6.3 MB | 0.9/12 MB | 0.6/2.6 MB | 508/636 kB | 0.5/1.1 MB
2026.05.20 22:55:10 INFO  Progress (5): 2.0/6.3 MB | 0.9/12 MB | 0.6/2.6 MB | 508/636 kB | 0.5/1.1 MB
2026.05.20 22:55:10 INFO  Progress (5): 2.0/6.3 MB | 0.9/12 MB | 0.6/2.6 MB | 524/636 kB | 0.5/1.1 MB
2026.05.20 22:55:10 INFO  Progress (5): 2.0/6.3 MB | 0.9/12 MB | 0.6/2.6 MB | 524/636 kB | 0.5/1.1 MB
2026.05.20 22:55:10 INFO  Progress (5): 2.0/6.3 MB | 0.9/12 MB | 0.6/2.6 MB | 524/636 kB | 0.5/1.1 MB
2026.05.20 22:55:10 INFO  Progress (5): 2.0/6.3 MB | 0.9/12 MB | 0.6/2.6 MB | 541/636 kB | 0.5/1.1 MB
2026.05.20 22:55:10 INFO  Progress (5): 2.0/6.3 MB | 0.9/12 MB | 0.6/2.6 MB | 541/636 kB | 0.5/1.1 MB
2026.05.20 22:55:10 INFO  Progress (5): 2.0/6.3 MB | 0.9/12 MB | 0.6/2.6 MB | 541/636 kB | 0.6/1.1 MB
2026.05.20 22:55:10 INFO  Progress (5): 2.0/6.3 MB | 0.9/12 MB | 0.6/2.6 MB | 557/636 kB | 0.6/1.1 MB
2026.05.20 22:55:10 INFO  Progress (5): 2.0/6.3 MB | 0.9/12 MB | 0.6/2.6 MB | 557/636 kB | 0.6/1.1 MB
2026.05.20 22:55:10 INFO  Progress (5): 2.0/6.3 MB | 0.9/12 MB | 0.6/2.6 MB | 557/636 kB | 0.6/1.1 MB
2026.05.20 22:55:10 INFO  Progress (5): 2.0/6.3 MB | 0.9/12 MB | 0.6/2.6 MB | 557/636 kB | 0.6/1.1 MB
2026.05.20 22:55:10 INFO  Progress (5): 2.1/6.3 MB | 0.9/12 MB | 0.6/2.6 MB | 557/636 kB | 0.6/1.1 MB
2026.05.20 22:55:10 INFO  Progress (5): 2.1/6.3 MB | 0.9/12 MB | 0.6/2.6 MB | 557/636 kB | 0.6/1.1 MB
2026.05.20 22:55:10 INFO  Progress (5): 2.1/6.3 MB | 0.9/12 MB | 0.6/2.6 MB | 557/636 kB | 0.6/1.1 MB
2026.05.20 22:55:10 INFO  Progress (5): 2.1/6.3 MB | 0.9/12 MB | 0.6/2.6 MB | 557/636 kB | 0.6/1.1 MB
2026.05.20 22:55:10 INFO  Progress (5): 2.1/6.3 MB | 0.9/12 MB | 0.6/2.6 MB | 557/636 kB | 0.6/1.1 MB
2026.05.20 22:55:10 INFO  Progress (5): 2.1/6.3 MB | 1.0/12 MB | 0.6/2.6 MB | 557/636 kB | 0.6/1.1 MB
2026.05.20 22:55:10 INFO  Progress (5): 2.1/6.3 MB | 1.0/12 MB | 0.6/2.6 MB | 557/636 kB | 0.6/1.1 MB
2026.05.20 22:55:10 INFO  Progress (5): 2.1/6.3 MB | 1.0/12 MB | 0.6/2.6 MB | 557/636 kB | 0.6/1.1 MB
2026.05.20 22:55:10 INFO  Progress (5): 2.1/6.3 MB | 1.0/12 MB | 0.6/2.6 MB | 557/636 kB | 0.6/1.1 MB
2026.05.20 22:55:10 INFO  Progress (5): 2.1/6.3 MB | 1.0/12 MB | 0.6/2.6 MB | 557/636 kB | 0.6/1.1 MB
2026.05.20 22:55:10 INFO  Progress (5): 2.1/6.3 MB | 1.0/12 MB | 0.6/2.6 MB | 557/636 kB | 0.6/1.1 MB
2026.05.20 22:55:10 INFO  Progress (5): 2.1/6.3 MB | 1.0/12 MB | 0.6/2.6 MB | 557/636 kB | 0.6/1.1 MB
2026.05.20 22:55:10 INFO  Progress (5): 2.2/6.3 MB | 1.0/12 MB | 0.6/2.6 MB | 557/636 kB | 0.6/1.1 MB
2026.05.20 22:55:10 INFO  Progress (5): 2.2/6.3 MB | 1.0/12 MB | 0.6/2.6 MB | 557/636 kB | 0.6/1.1 MB
2026.05.20 22:55:10 INFO  Progress (5): 2.2/6.3 MB | 1.0/12 MB | 0.6/2.6 MB | 557/636 kB | 0.6/1.1 MB
2026.05.20 22:55:10 INFO  Progress (5): 2.2/6.3 MB | 1.0/12 MB | 0.6/2.6 MB | 573/636 kB | 0.6/1.1 MB
2026.05.20 22:55:10 INFO  Progress (5): 2.2/6.3 MB | 1.0/12 MB | 0.6/2.6 MB | 573/636 kB | 0.6/1.1 MB
2026.05.20 22:55:10 INFO  Progress (5): 2.2/6.3 MB | 1.0/12 MB | 0.6/2.6 MB | 573/636 kB | 0.6/1.1 MB
2026.05.20 22:55:10 INFO  Progress (5): 2.2/6.3 MB | 1.1/12 MB | 0.6/2.6 MB | 573/636 kB | 0.6/1.1 MB
2026.05.20 22:55:10 INFO  Progress (5): 2.2/6.3 MB | 1.1/12 MB | 0.6/2.6 MB | 573/636 kB | 0.6/1.1 MB
2026.05.20 22:55:10 INFO  Progress (5): 2.2/6.3 MB | 1.1/12 MB | 0.6/2.6 MB | 590/636 kB | 0.6/1.1 MB
2026.05.20 22:55:10 INFO  Progress (5): 2.2/6.3 MB | 1.1/12 MB | 0.6/2.6 MB | 590/636 kB | 0.6/1.1 MB
2026.05.20 22:55:10 INFO  Progress (5): 2.2/6.3 MB | 1.1/12 MB | 0.6/2.6 MB | 590/636 kB | 0.6/1.1 MB
2026.05.20 22:55:10 INFO  Progress (5): 2.2/6.3 MB | 1.1/12 MB | 0.6/2.6 MB | 590/636 kB | 0.6/1.1 MB
2026.05.20 22:55:10 INFO  Progress (5): 2.2/6.3 MB | 1.1/12 MB | 0.6/2.6 MB | 606/636 kB | 0.6/1.1 MB
2026.05.20 22:55:10 INFO  Progress (5): 2.2/6.3 MB | 1.1/12 MB | 0.6/2.6 MB | 606/636 kB | 0.6/1.1 MB
2026.05.20 22:55:10 INFO  Progress (5): 2.2/6.3 MB | 1.1/12 MB | 0.7/2.6 MB | 606/636 kB | 0.6/1.1 MB
2026.05.20 22:55:10 INFO  Progress (5): 2.2/6.3 MB | 1.1/12 MB | 0.7/2.6 MB | 606/636 kB | 0.6/1.1 MB
2026.05.20 22:55:10 INFO  Progress (5): 2.2/6.3 MB | 1.1/12 MB | 0.7/2.6 MB | 623/636 kB | 0.6/1.1 MB
2026.05.20 22:55:10 INFO  Progress (5): 2.2/6.3 MB | 1.1/12 MB | 0.7/2.6 MB | 623/636 kB | 0.6/1.1 MB
2026.05.20 22:55:10 INFO  Progress (5): 2.2/6.3 MB | 1.1/12 MB | 0.7/2.6 MB | 623/636 kB | 0.6/1.1 MB
2026.05.20 22:55:10 INFO  Progress (5): 2.2/6.3 MB | 1.1/12 MB | 0.7/2.6 MB | 623/636 kB | 0.6/1.1 MB
2026.05.20 22:55:10 INFO  Progress (5): 2.2/6.3 MB | 1.1/12 MB | 0.7/2.6 MB | 623/636 kB | 0.6/1.1 MB
2026.05.20 22:55:10 INFO  Progress (5): 2.2/6.3 MB | 1.1/12 MB | 0.7/2.6 MB | 623/636 kB | 0.6/1.1 MB
2026.05.20 22:55:10 INFO  Progress (5): 2.2/6.3 MB | 1.1/12 MB | 0.7/2.6 MB | 623/636 kB | 0.6/1.1 MB
2026.05.20 22:55:10 INFO  Progress (5): 2.2/6.3 MB | 1.1/12 MB | 0.7/2.6 MB | 623/636 kB | 0.6/1.1 MB
2026.05.20 22:55:10 INFO  Progress (5): 2.2/6.3 MB | 1.1/12 MB | 0.7/2.6 MB | 623/636 kB | 0.6/1.1 MB
2026.05.20 22:55:10 INFO  Progress (5): 2.2/6.3 MB | 1.1/12 MB | 0.7/2.6 MB | 623/636 kB | 0.6/1.1 MB
2026.05.20 22:55:10 INFO  Progress (5): 2.2/6.3 MB | 1.1/12 MB | 0.7/2.6 MB | 623/636 kB | 0.6/1.1 MB
2026.05.20 22:55:10 INFO  Progress (5): 2.2/6.3 MB | 1.1/12 MB | 0.7/2.6 MB | 623/636 kB | 0.6/1.1 MB
2026.05.20 22:55:10 INFO  Progress (5): 2.2/6.3 MB | 1.1/12 MB | 0.7/2.6 MB | 623/636 kB | 0.6/1.1 MB
2026.05.20 22:55:10 INFO  Progress (5): 2.2/6.3 MB | 1.1/12 MB | 0.7/2.6 MB | 623/636 kB | 0.7/1.1 MB
2026.05.20 22:55:10 INFO  Progress (5): 2.2/6.3 MB | 1.2/12 MB | 0.7/2.6 MB | 623/636 kB | 0.7/1.1 MB
2026.05.20 22:55:10 INFO  Progress (5): 2.2/6.3 MB | 1.2/12 MB | 0.7/2.6 MB | 623/636 kB | 0.7/1.1 MB
2026.05.20 22:55:10 INFO  Progress (5): 2.2/6.3 MB | 1.2/12 MB | 0.7/2.6 MB | 623/636 kB | 0.7/1.1 MB
2026.05.20 22:55:10 INFO  Progress (5): 2.2/6.3 MB | 1.2/12 MB | 0.7/2.6 MB | 623/636 kB | 0.7/1.1 MB
2026.05.20 22:55:10 INFO  Progress (5): 2.2/6.3 MB | 1.2/12 MB | 0.7/2.6 MB | 623/636 kB | 0.7/1.1 MB
2026.05.20 22:55:10 INFO  Progress (5): 2.2/6.3 MB | 1.2/12 MB | 0.7/2.6 MB | 623/636 kB | 0.7/1.1 MB
2026.05.20 22:55:10 INFO  Progress (5): 2.2/6.3 MB | 1.2/12 MB | 0.8/2.6 MB | 623/636 kB | 0.7/1.1 MB
2026.05.20 22:55:10 INFO  Progress (5): 2.2/6.3 MB | 1.2/12 MB | 0.8/2.6 MB | 623/636 kB | 0.7/1.1 MB
2026.05.20 22:55:10 INFO  Progress (5): 2.2/6.3 MB | 1.2/12 MB | 0.8/2.6 MB | 623/636 kB | 0.7/1.1 MB
2026.05.20 22:55:10 INFO  Progress (5): 2.2/6.3 MB | 1.2/12 MB | 0.8/2.6 MB | 636 kB | 0.7/1.1 MB    
2026.05.20 22:55:10 INFO  Progress (5): 2.2/6.3 MB | 1.2/12 MB | 0.8/2.6 MB | 636 kB | 0.7/1.1 MB
2026.05.20 22:55:10 INFO  Progress (5): 2.3/6.3 MB | 1.2/12 MB | 0.8/2.6 MB | 636 kB | 0.7/1.1 MB
2026.05.20 22:55:10 INFO  Progress (5): 2.3/6.3 MB | 1.2/12 MB | 0.8/2.6 MB | 636 kB | 0.7/1.1 MB
2026.05.20 22:55:10 INFO  Progress (5): 2.3/6.3 MB | 1.2/12 MB | 0.8/2.6 MB | 636 kB | 0.7/1.1 MB
2026.05.20 22:55:10 INFO  Progress (5): 2.3/6.3 MB | 1.2/12 MB | 0.8/2.6 MB | 636 kB | 0.7/1.1 MB
2026.05.20 22:55:10 INFO  Progress (5): 2.3/6.3 MB | 1.2/12 MB | 0.8/2.6 MB | 636 kB | 0.7/1.1 MB
2026.05.20 22:55:10 INFO  Progress (5): 2.3/6.3 MB | 1.2/12 MB | 0.8/2.6 MB | 636 kB | 0.7/1.1 MB
2026.05.20 22:55:10 INFO  Progress (5): 2.3/6.3 MB | 1.2/12 MB | 0.8/2.6 MB | 636 kB | 0.7/1.1 MB
2026.05.20 22:55:10 INFO  Progress (5): 2.3/6.3 MB | 1.2/12 MB | 0.8/2.6 MB | 636 kB | 0.8/1.1 MB
2026.05.20 22:55:10 INFO  Progress (5): 2.3/6.3 MB | 1.2/12 MB | 0.8/2.6 MB | 636 kB | 0.8/1.1 MB
2026.05.20 22:55:10 INFO                                                                         
2026.05.20 22:55:10 INFO  Downloaded from central: https://repo.maven.apache.org/maven2/org/scala-sbt/io_2.13/1.8.0/io_2.13-1.8.0.jar (636 kB at 2.2 MB/s)
2026.05.20 22:55:10 INFO  Downloading from central: https://repo.maven.apache.org/maven2/com/swoval/file-tree-views/2.1.9/file-tree-views-2.1.9.jar
2026.05.20 22:55:10 INFO  Progress (4): 2.3/6.3 MB | 1.2/12 MB | 0.8/2.6 MB | 0.8/1.1 MB
2026.05.20 22:55:10 INFO  Progress (4): 2.3/6.3 MB | 1.2/12 MB | 0.8/2.6 MB | 0.8/1.1 MB
2026.05.20 22:55:10 INFO  Progress (4): 2.3/6.3 MB | 1.2/12 MB | 0.8/2.6 MB | 0.8/1.1 MB
2026.05.20 22:55:10 INFO  Progress (4): 2.3/6.3 MB | 1.2/12 MB | 0.8/2.6 MB | 0.8/1.1 MB
2026.05.20 22:55:10 INFO  Progress (4): 2.3/6.3 MB | 1.3/12 MB | 0.8/2.6 MB | 0.8/1.1 MB
2026.05.20 22:55:10 INFO  Progress (4): 2.3/6.3 MB | 1.3/12 MB | 0.8/2.6 MB | 0.8/1.1 MB
2026.05.20 22:55:10 INFO  Progress (4): 2.3/6.3 MB | 1.3/12 MB | 0.8/2.6 MB | 0.8/1.1 MB
2026.05.20 22:55:10 INFO  Progress (4): 2.3/6.3 MB | 1.3/12 MB | 0.8/2.6 MB | 0.8/1.1 MB
2026.05.20 22:55:10 INFO  Progress (4): 2.3/6.3 MB | 1.3/12 MB | 0.8/2.6 MB | 0.8/1.1 MB
2026.05.20 22:55:10 INFO  Progress (4): 2.3/6.3 MB | 1.3/12 MB | 0.8/2.6 MB | 0.8/1.1 MB
2026.05.20 22:55:10 INFO  Progress (4): 2.4/6.3 MB | 1.3/12 MB | 0.8/2.6 MB | 0.8/1.1 MB
2026.05.20 22:55:10 INFO  Progress (4): 2.4/6.3 MB | 1.3/12 MB | 0.8/2.6 MB | 0.8/1.1 MB
2026.05.20 22:55:10 INFO  Progress (4): 2.4/6.3 MB | 1.3/12 MB | 0.8/2.6 MB | 0.8/1.1 MB
2026.05.20 22:55:10 INFO  Progress (4): 2.4/6.3 MB | 1.3/12 MB | 0.8/2.6 MB | 0.8/1.1 MB
2026.05.20 22:55:10 INFO  Progress (4): 2.4/6.3 MB | 1.3/12 MB | 0.8/2.6 MB | 0.8/1.1 MB
2026.05.20 22:55:10 INFO  Progress (4): 2.4/6.3 MB | 1.3/12 MB | 0.8/2.6 MB | 0.8/1.1 MB
2026.05.20 22:55:10 INFO  Progress (4): 2.4/6.3 MB | 1.3/12 MB | 0.9/2.6 MB | 0.8/1.1 MB
2026.05.20 22:55:10 INFO  Progress (4): 2.4/6.3 MB | 1.3/12 MB | 0.9/2.6 MB | 0.8/1.1 MB
2026.05.20 22:55:10 INFO  Progress (4): 2.4/6.3 MB | 1.3/12 MB | 0.9/2.6 MB | 0.8/1.1 MB
2026.05.20 22:55:10 INFO  Progress (4): 2.4/6.3 MB | 1.3/12 MB | 0.9/2.6 MB | 0.8/1.1 MB
2026.05.20 22:55:10 INFO  Progress (4): 2.4/6.3 MB | 1.3/12 MB | 0.9/2.6 MB | 0.8/1.1 MB
2026.05.20 22:55:10 INFO  Progress (4): 2.4/6.3 MB | 1.3/12 MB | 0.9/2.6 MB | 0.8/1.1 MB
2026.05.20 22:55:10 INFO  Progress (4): 2.4/6.3 MB | 1.3/12 MB | 0.9/2.6 MB | 0.8/1.1 MB
2026.05.20 22:55:10 INFO  Progress (4): 2.4/6.3 MB | 1.3/12 MB | 0.9/2.6 MB | 0.8/1.1 MB
2026.05.20 22:55:10 INFO  Progress (4): 2.4/6.3 MB | 1.3/12 MB | 0.9/2.6 MB | 0.8/1.1 MB
2026.05.20 22:55:10 INFO  Progress (4): 2.4/6.3 MB | 1.3/12 MB | 0.9/2.6 MB | 0.8/1.1 MB
2026.05.20 22:55:10 INFO  Progress (4): 2.4/6.3 MB | 1.3/12 MB | 0.9/2.6 MB | 0.9/1.1 MB
2026.05.20 22:55:10 INFO  Progress (4): 2.5/6.3 MB | 1.3/12 MB | 0.9/2.6 MB | 0.9/1.1 MB
2026.05.20 22:55:10 INFO  Progress (4): 2.5/6.3 MB | 1.4/12 MB | 0.9/2.6 MB | 0.9/1.1 MB
2026.05.20 22:55:10 INFO  Progress (4): 2.5/6.3 MB | 1.4/12 MB | 0.9/2.6 MB | 0.9/1.1 MB
2026.05.20 22:55:10 INFO  Progress (4): 2.5/6.3 MB | 1.4/12 MB | 0.9/2.6 MB | 0.9/1.1 MB
2026.05.20 22:55:10 INFO  Progress (4): 2.5/6.3 MB | 1.4/12 MB | 0.9/2.6 MB | 0.9/1.1 MB
2026.05.20 22:55:10 INFO  Progress (4): 2.5/6.3 MB | 1.4/12 MB | 0.9/2.6 MB | 0.9/1.1 MB
2026.05.20 22:55:10 INFO  Progress (4): 2.5/6.3 MB | 1.4/12 MB | 0.9/2.6 MB | 0.9/1.1 MB
2026.05.20 22:55:10 INFO  Progress (4): 2.5/6.3 MB | 1.4/12 MB | 0.9/2.6 MB | 0.9/1.1 MB
2026.05.20 22:55:10 INFO  Progress (4): 2.5/6.3 MB | 1.5/12 MB | 0.9/2.6 MB | 0.9/1.1 MB
2026.05.20 22:55:10 INFO  Progress (4): 2.5/6.3 MB | 1.5/12 MB | 0.9/2.6 MB | 0.9/1.1 MB
2026.05.20 22:55:10 INFO  Progress (4): 2.5/6.3 MB | 1.5/12 MB | 0.9/2.6 MB | 0.9/1.1 MB
2026.05.20 22:55:10 INFO  Progress (4): 2.5/6.3 MB | 1.5/12 MB | 0.9/2.6 MB | 0.9/1.1 MB
2026.05.20 22:55:10 INFO  Progress (4): 2.5/6.3 MB | 1.5/12 MB | 0.9/2.6 MB | 0.9/1.1 MB
2026.05.20 22:55:10 INFO  Progress (4): 2.5/6.3 MB | 1.5/12 MB | 0.9/2.6 MB | 0.9/1.1 MB
2026.05.20 22:55:10 INFO  Progress (4): 2.5/6.3 MB | 1.5/12 MB | 0.9/2.6 MB | 0.9/1.1 MB
2026.05.20 22:55:10 INFO  Progress (4): 2.5/6.3 MB | 1.5/12 MB | 0.9/2.6 MB | 0.9/1.1 MB
2026.05.20 22:55:10 INFO  Progress (4): 2.5/6.3 MB | 1.5/12 MB | 0.9/2.6 MB | 0.9/1.1 MB
2026.05.20 22:55:10 INFO  Progress (4): 2.5/6.3 MB | 1.5/12 MB | 0.9/2.6 MB | 0.9/1.1 MB
2026.05.20 22:55:10 INFO  Progress (4): 2.5/6.3 MB | 1.5/12 MB | 0.9/2.6 MB | 0.9/1.1 MB
2026.05.20 22:55:10 INFO  Progress (4): 2.5/6.3 MB | 1.5/12 MB | 0.9/2.6 MB | 0.9/1.1 MB
2026.05.20 22:55:10 INFO  Progress (4): 2.5/6.3 MB | 1.5/12 MB | 0.9/2.6 MB | 1.0/1.1 MB
2026.05.20 22:55:10 INFO  Progress (4): 2.5/6.3 MB | 1.5/12 MB | 0.9/2.6 MB | 1.0/1.1 MB
2026.05.20 22:55:10 INFO  Progress (4): 2.5/6.3 MB | 1.5/12 MB | 0.9/2.6 MB | 1.0/1.1 MB
2026.05.20 22:55:10 INFO  Progress (4): 2.5/6.3 MB | 1.5/12 MB | 0.9/2.6 MB | 1.0/1.1 MB
2026.05.20 22:55:10 INFO  Progress (4): 2.5/6.3 MB | 1.5/12 MB | 0.9/2.6 MB | 1.0/1.1 MB
2026.05.20 22:55:10 INFO  Progress (4): 2.5/6.3 MB | 1.5/12 MB | 0.9/2.6 MB | 1.0/1.1 MB
2026.05.20 22:55:10 INFO  Progress (4): 2.5/6.3 MB | 1.5/12 MB | 1.0/2.6 MB | 1.0/1.1 MB
2026.05.20 22:55:10 INFO  Progress (4): 2.5/6.3 MB | 1.5/12 MB | 1.0/2.6 MB | 1.0/1.1 MB
2026.05.20 22:55:10 INFO  Progress (4): 2.5/6.3 MB | 1.5/12 MB | 1.0/2.6 MB | 1.0/1.1 MB
2026.05.20 22:55:10 INFO  Progress (4): 2.5/6.3 MB | 1.5/12 MB | 1.0/2.6 MB | 1.0/1.1 MB
2026.05.20 22:55:10 INFO  Progress (4): 2.5/6.3 MB | 1.5/12 MB | 1.0/2.6 MB | 1.0/1.1 MB
2026.05.20 22:55:10 INFO  Progress (4): 2.5/6.3 MB | 1.5/12 MB | 1.0/2.6 MB | 1.0/1.1 MB
2026.05.20 22:55:10 INFO  Progress (4): 2.5/6.3 MB | 1.5/12 MB | 1.0/2.6 MB | 1.0/1.1 MB
2026.05.20 22:55:10 INFO  Progress (4): 2.5/6.3 MB | 1.5/12 MB | 1.0/2.6 MB | 1.0/1.1 MB
2026.05.20 22:55:10 INFO  Progress (4): 2.5/6.3 MB | 1.6/12 MB | 1.0/2.6 MB | 1.0/1.1 MB
2026.05.20 22:55:10 INFO  Progress (4): 2.5/6.3 MB | 1.6/12 MB | 1.0/2.6 MB | 1.0/1.1 MB
2026.05.20 22:55:10 INFO  Progress (4): 2.5/6.3 MB | 1.6/12 MB | 1.0/2.6 MB | 1.1/1.1 MB
2026.05.20 22:55:10 INFO  Progress (4): 2.5/6.3 MB | 1.6/12 MB | 1.0/2.6 MB | 1.1/1.1 MB
2026.05.20 22:55:10 INFO  Progress (4): 2.5/6.3 MB | 1.6/12 MB | 1.0/2.6 MB | 1.1/1.1 MB
2026.05.20 22:55:10 INFO  Progress (4): 2.5/6.3 MB | 1.6/12 MB | 1.0/2.6 MB | 1.1/1.1 MB
2026.05.20 22:55:10 INFO  Progress (4): 2.5/6.3 MB | 1.6/12 MB | 1.0/2.6 MB | 1.1/1.1 MB
2026.05.20 22:55:10 INFO  Progress (4): 2.6/6.3 MB | 1.6/12 MB | 1.0/2.6 MB | 1.1/1.1 MB
2026.05.20 22:55:10 INFO  Progress (4): 2.6/6.3 MB | 1.6/12 MB | 1.0/2.6 MB | 1.1/1.1 MB
2026.05.20 22:55:10 INFO  Progress (4): 2.6/6.3 MB | 1.6/12 MB | 1.0/2.6 MB | 1.1/1.1 MB
2026.05.20 22:55:10 INFO  Progress (4): 2.6/6.3 MB | 1.6/12 MB | 1.0/2.6 MB | 1.1/1.1 MB
2026.05.20 22:55:10 INFO  Progress (4): 2.6/6.3 MB | 1.6/12 MB | 1.0/2.6 MB | 1.1/1.1 MB
2026.05.20 22:55:10 INFO  Progress (4): 2.6/6.3 MB | 1.6/12 MB | 1.0/2.6 MB | 1.1/1.1 MB
2026.05.20 22:55:10 INFO  Progress (4): 2.6/6.3 MB | 1.6/12 MB | 1.0/2.6 MB | 1.1/1.1 MB
2026.05.20 22:55:10 INFO  Progress (5): 2.6/6.3 MB | 1.6/12 MB | 1.0/2.6 MB | 1.1/1.1 MB | 7.7/229 kB
2026.05.20 22:55:10 INFO  Progress (5): 2.6/6.3 MB | 1.6/12 MB | 1.0/2.6 MB | 1.1/1.1 MB | 16/229 kB 
2026.05.20 22:55:10 INFO  Progress (5): 2.6/6.3 MB | 1.6/12 MB | 1.1/2.6 MB | 1.1/1.1 MB | 16/229 kB
2026.05.20 22:55:10 INFO  Progress (5): 2.6/6.3 MB | 1.6/12 MB | 1.1/2.6 MB | 1.1/1.1 MB | 16/229 kB
2026.05.20 22:55:10 INFO  Progress (5): 2.6/6.3 MB | 1.6/12 MB | 1.1/2.6 MB | 1.1/1.1 MB | 25/229 kB
2026.05.20 22:55:10 INFO  Progress (5): 2.6/6.3 MB | 1.6/12 MB | 1.1/2.6 MB | 1.1/1.1 MB | 25/229 kB
2026.05.20 22:55:10 INFO  Progress (5): 2.6/6.3 MB | 1.6/12 MB | 1.1/2.6 MB | 1.1/1.1 MB | 41/229 kB
2026.05.20 22:55:10 INFO  Progress (5): 2.6/6.3 MB | 1.6/12 MB | 1.1/2.6 MB | 1.1/1.1 MB | 41/229 kB
2026.05.20 22:55:10 INFO  Progress (5): 2.6/6.3 MB | 1.6/12 MB | 1.1/2.6 MB | 1.1/1.1 MB | 41/229 kB
2026.05.20 22:55:10 INFO  Progress (5): 2.6/6.3 MB | 1.6/12 MB | 1.1/2.6 MB | 1.1/1.1 MB | 41/229 kB
2026.05.20 22:55:10 INFO  Progress (5): 2.6/6.3 MB | 1.6/12 MB | 1.1/2.6 MB | 1.1/1.1 MB | 57/229 kB
2026.05.20 22:55:10 INFO  Progress (5): 2.6/6.3 MB | 1.6/12 MB | 1.1/2.6 MB | 1.1/1.1 MB | 57/229 kB
2026.05.20 22:55:10 INFO  Progress (5): 2.6/6.3 MB | 1.6/12 MB | 1.1/2.6 MB | 1.1/1.1 MB | 57/229 kB
2026.05.20 22:55:10 INFO  Progress (5): 2.6/6.3 MB | 1.6/12 MB | 1.1/2.6 MB | 1.1/1.1 MB | 57/229 kB
2026.05.20 22:55:10 INFO  Progress (5): 2.6/6.3 MB | 1.6/12 MB | 1.1/2.6 MB | 1.1/1.1 MB | 74/229 kB
2026.05.20 22:55:10 INFO  Progress (5): 2.6/6.3 MB | 1.6/12 MB | 1.1/2.6 MB | 1.1/1.1 MB | 74/229 kB
2026.05.20 22:55:10 INFO  Progress (5): 2.6/6.3 MB | 1.6/12 MB | 1.1/2.6 MB | 1.1/1.1 MB | 90/229 kB
2026.05.20 22:55:10 INFO  Progress (5): 2.6/6.3 MB | 1.6/12 MB | 1.1/2.6 MB | 1.1/1.1 MB | 90/229 kB
2026.05.20 22:55:10 INFO  Progress (5): 2.6/6.3 MB | 1.7/12 MB | 1.1/2.6 MB | 1.1/1.1 MB | 90/229 kB
2026.05.20 22:55:10 INFO  Progress (5): 2.6/6.3 MB | 1.7/12 MB | 1.1/2.6 MB | 1.1/1.1 MB | 90/229 kB
2026.05.20 22:55:10 INFO  Progress (5): 2.6/6.3 MB | 1.7/12 MB | 1.1/2.6 MB | 1.1/1.1 MB | 106/229 kB
2026.05.20 22:55:10 INFO  Progress (5): 2.6/6.3 MB | 1.7/12 MB | 1.1/2.6 MB | 1.1/1.1 MB | 106/229 kB
2026.05.20 22:55:10 INFO  Progress (5): 2.6/6.3 MB | 1.7/12 MB | 1.1/2.6 MB | 1.1/1.1 MB | 106/229 kB
2026.05.20 22:55:10 INFO  Progress (5): 2.6/6.3 MB | 1.7/12 MB | 1.1/2.6 MB | 1.1/1.1 MB | 123/229 kB
2026.05.20 22:55:10 INFO  Progress (5): 2.6/6.3 MB | 1.7/12 MB | 1.2/2.6 MB | 1.1/1.1 MB | 123/229 kB
2026.05.20 22:55:10 INFO  Progress (5): 2.6/6.3 MB | 1.7/12 MB | 1.2/2.6 MB | 1.1/1.1 MB | 123/229 kB
2026.05.20 22:55:10 INFO  Progress (5): 2.6/6.3 MB | 1.7/12 MB | 1.2/2.6 MB | 1.1/1.1 MB | 123/229 kB
2026.05.20 22:55:10 INFO  Progress (5): 2.6/6.3 MB | 1.7/12 MB | 1.2/2.6 MB | 1.1/1.1 MB | 139/229 kB
2026.05.20 22:55:10 INFO  Progress (5): 2.6/6.3 MB | 1.7/12 MB | 1.2/2.6 MB | 1.1/1.1 MB | 139/229 kB
2026.05.20 22:55:10 INFO  Progress (5): 2.7/6.3 MB | 1.7/12 MB | 1.2/2.6 MB | 1.1/1.1 MB | 139/229 kB
2026.05.20 22:55:10 INFO  Progress (5): 2.7/6.3 MB | 1.7/12 MB | 1.2/2.6 MB | 1.1/1.1 MB | 139/229 kB
2026.05.20 22:55:10 INFO  Progress (5): 2.7/6.3 MB | 1.7/12 MB | 1.2/2.6 MB | 1.1/1.1 MB | 156/229 kB
2026.05.20 22:55:10 INFO  Progress (5): 2.7/6.3 MB | 1.7/12 MB | 1.2/2.6 MB | 1.1/1.1 MB | 156/229 kB
2026.05.20 22:55:10 INFO  Progress (5): 2.7/6.3 MB | 1.7/12 MB | 1.2/2.6 MB | 1.1/1.1 MB | 156/229 kB
2026.05.20 22:55:10 INFO  Progress (5): 2.7/6.3 MB | 1.7/12 MB | 1.2/2.6 MB | 1.1/1.1 MB | 156/229 kB
2026.05.20 22:55:10 INFO  Progress (5): 2.7/6.3 MB | 1.7/12 MB | 1.2/2.6 MB | 1.1/1.1 MB | 172/229 kB
2026.05.20 22:55:10 INFO  Progress (5): 2.7/6.3 MB | 1.7/12 MB | 1.2/2.6 MB | 1.1/1.1 MB | 172/229 kB
2026.05.20 22:55:10 INFO  Progress (5): 2.7/6.3 MB | 1.7/12 MB | 1.2/2.6 MB | 1.1/1.1 MB | 172/229 kB
2026.05.20 22:55:10 INFO  Progress (5): 2.7/6.3 MB | 1.7/12 MB | 1.2/2.6 MB | 1.1/1.1 MB | 172/229 kB
2026.05.20 22:55:10 INFO  Progress (5): 2.7/6.3 MB | 1.7/12 MB | 1.2/2.6 MB | 1.1/1.1 MB | 172/229 kB
2026.05.20 22:55:10 INFO  Progress (5): 2.7/6.3 MB | 1.7/12 MB | 1.2/2.6 MB | 1.1/1.1 MB | 172/229 kB
2026.05.20 22:55:10 INFO  Progress (5): 2.7/6.3 MB | 1.7/12 MB | 1.2/2.6 MB | 1.1/1.1 MB | 172/229 kB
2026.05.20 22:55:10 INFO  Progress (5): 2.7/6.3 MB | 1.8/12 MB | 1.2/2.6 MB | 1.1/1.1 MB | 172/229 kB
2026.05.20 22:55:10 INFO  Progress (5): 2.7/6.3 MB | 1.8/12 MB | 1.2/2.6 MB | 1.1/1.1 MB | 172/229 kB
2026.05.20 22:55:10 INFO  Progress (5): 2.7/6.3 MB | 1.8/12 MB | 1.2/2.6 MB | 1.1/1.1 MB | 172/229 kB
2026.05.20 22:55:10 INFO  Progress (5): 2.7/6.3 MB | 1.8/12 MB | 1.2/2.6 MB | 1.1/1.1 MB | 172/229 kB
2026.05.20 22:55:10 INFO  Progress (5): 2.7/6.3 MB | 1.8/12 MB | 1.2/2.6 MB | 1.1/1.1 MB | 188/229 kB
2026.05.20 22:55:10 INFO  Progress (5): 2.7/6.3 MB | 1.8/12 MB | 1.2/2.6 MB | 1.1/1.1 MB | 188/229 kB
2026.05.20 22:55:10 INFO  Progress (5): 2.7/6.3 MB | 1.8/12 MB | 1.2/2.6 MB | 1.1/1.1 MB | 197/229 kB
2026.05.20 22:55:10 INFO  Progress (5): 2.7/6.3 MB | 1.8/12 MB | 1.2/2.6 MB | 1.1/1.1 MB | 213/229 kB
2026.05.20 22:55:10 INFO  Progress (5): 2.7/6.3 MB | 1.8/12 MB | 1.2/2.6 MB | 1.1/1.1 MB | 213/229 kB
2026.05.20 22:55:10 INFO  Progress (5): 2.7/6.3 MB | 1.8/12 MB | 1.2/2.6 MB | 1.1/1.1 MB | 213/229 kB
2026.05.20 22:55:10 INFO  Progress (5): 2.7/6.3 MB | 1.8/12 MB | 1.2/2.6 MB | 1.1/1.1 MB | 213/229 kB
2026.05.20 22:55:10 INFO  Progress (5): 2.7/6.3 MB | 1.9/12 MB | 1.2/2.6 MB | 1.1/1.1 MB | 213/229 kB
2026.05.20 22:55:10 INFO  Progress (5): 2.7/6.3 MB | 1.9/12 MB | 1.2/2.6 MB | 1.1/1.1 MB | 213/229 kB
2026.05.20 22:55:10 INFO  Progress (5): 2.7/6.3 MB | 1.9/12 MB | 1.2/2.6 MB | 1.1/1.1 MB | 213/229 kB
2026.05.20 22:55:10 INFO  Progress (5): 2.7/6.3 MB | 1.9/12 MB | 1.2/2.6 MB | 1.1/1.1 MB | 229 kB    
2026.05.20 22:55:10 INFO  Progress (5): 2.7/6.3 MB | 1.9/12 MB | 1.3/2.6 MB | 1.1/1.1 MB | 229 kB
2026.05.20 22:55:10 INFO  Progress (5): 2.7/6.3 MB | 1.9/12 MB | 1.3/2.6 MB | 1.1/1.1 MB | 229 kB
2026.05.20 22:55:10 INFO  Progress (5): 2.7/6.3 MB | 1.9/12 MB | 1.3/2.6 MB | 1.1/1.1 MB | 229 kB
2026.05.20 22:55:10 INFO  Progress (5): 2.7/6.3 MB | 1.9/12 MB | 1.3/2.6 MB | 1.1/1.1 MB | 229 kB
2026.05.20 22:55:10 INFO  Progress (5): 2.7/6.3 MB | 1.9/12 MB | 1.3/2.6 MB | 1.1/1.1 MB | 229 kB
2026.05.20 22:55:10 INFO  Progress (5): 2.7/6.3 MB | 1.9/12 MB | 1.3/2.6 MB | 1.1/1.1 MB | 229 kB
2026.05.20 22:55:10 INFO  Progress (5): 2.7/6.3 MB | 1.9/12 MB | 1.3/2.6 MB | 1.1/1.1 MB | 229 kB
2026.05.20 22:55:10 INFO  Progress (5): 2.8/6.3 MB | 1.9/12 MB | 1.3/2.6 MB | 1.1/1.1 MB | 229 kB
2026.05.20 22:55:10 INFO  Progress (5): 2.8/6.3 MB | 1.9/12 MB | 1.3/2.6 MB | 1.1/1.1 MB | 229 kB
2026.05.20 22:55:10 INFO                                                                         
2026.05.20 22:55:10 INFO  Downloaded from central: https://repo.maven.apache.org/maven2/com/swoval/file-tree-views/2.1.9/file-tree-views-2.1.9.jar (229 kB at 701 kB/s)
2026.05.20 22:55:10 INFO  Downloading from central: https://repo.maven.apache.org/maven2/net/java/dev/jna/jna/5.12.0/jna-5.12.0.jar
2026.05.20 22:55:10 INFO  Progress (4): 2.8/6.3 MB | 1.9/12 MB | 1.3/2.6 MB | 1.1/1.1 MB
2026.05.20 22:55:10 INFO  Progress (4): 2.8/6.3 MB | 1.9/12 MB | 1.3/2.6 MB | 1.1/1.1 MB
2026.05.20 22:55:10 INFO  Progress (4): 2.8/6.3 MB | 2.0/12 MB | 1.3/2.6 MB | 1.1/1.1 MB
2026.05.20 22:55:10 INFO  Progress (4): 2.8/6.3 MB | 2.0/12 MB | 1.3/2.6 MB | 1.1/1.1 MB
2026.05.20 22:55:10 INFO  Progress (4): 2.8/6.3 MB | 2.0/12 MB | 1.3/2.6 MB | 1.1/1.1 MB
2026.05.20 22:55:10 INFO  Progress (4): 2.8/6.3 MB | 2.0/12 MB | 1.3/2.6 MB | 1.1/1.1 MB
2026.05.20 22:55:10 INFO  Progress (4): 2.8/6.3 MB | 2.0/12 MB | 1.3/2.6 MB | 1.1/1.1 MB
2026.05.20 22:55:10 INFO  Progress (4): 2.8/6.3 MB | 2.0/12 MB | 1.3/2.6 MB | 1.1/1.1 MB
2026.05.20 22:55:10 INFO  Progress (4): 2.8/6.3 MB | 2.0/12 MB | 1.3/2.6 MB | 1.1/1.1 MB
2026.05.20 22:55:10 INFO  Progress (4): 2.8/6.3 MB | 2.0/12 MB | 1.3/2.6 MB | 1.1/1.1 MB
2026.05.20 22:55:10 INFO  Progress (4): 2.8/6.3 MB | 2.0/12 MB | 1.3/2.6 MB | 1.1/1.1 MB
2026.05.20 22:55:10 INFO  Progress (4): 2.8/6.3 MB | 2.0/12 MB | 1.3/2.6 MB | 1.1/1.1 MB
2026.05.20 22:55:10 INFO  Progress (4): 2.8/6.3 MB | 2.0/12 MB | 1.3/2.6 MB | 1.1/1.1 MB
2026.05.20 22:55:10 INFO  Progress (4): 2.8/6.3 MB | 2.0/12 MB | 1.3/2.6 MB | 1.1 MB    
2026.05.20 22:55:10 INFO  Progress (4): 2.8/6.3 MB | 2.0/12 MB | 1.3/2.6 MB | 1.1 MB
2026.05.20 22:55:10 INFO  Progress (4): 2.8/6.3 MB | 2.0/12 MB | 1.3/2.6 MB | 1.1 MB
2026.05.20 22:55:10 INFO                                                            
2026.05.20 22:55:10 INFO  Downloaded from central: https://repo.maven.apache.org/maven2/org/scala-lang/modules/scala-parallel-collections_2.13/0.2.0/scala-parallel-collections_2.13-0.2.0.jar (1.1 MB at 3.4 MB/s)
2026.05.20 22:55:10 INFO  Downloading from central: https://repo.maven.apache.org/maven2/net/java/dev/jna/jna-platform/5.12.0/jna-platform-5.12.0.jar
2026.05.20 22:55:10 INFO  Progress (3): 2.8/6.3 MB | 2.1/12 MB | 1.3/2.6 MB
2026.05.20 22:55:10 INFO  Progress (3): 2.8/6.3 MB | 2.1/12 MB | 1.3/2.6 MB
2026.05.20 22:55:10 INFO  Progress (3): 2.8/6.3 MB | 2.1/12 MB | 1.3/2.6 MB
2026.05.20 22:55:10 INFO  Progress (3): 2.8/6.3 MB | 2.1/12 MB | 1.3/2.6 MB
2026.05.20 22:55:10 INFO  Progress (3): 2.8/6.3 MB | 2.1/12 MB | 1.3/2.6 MB
2026.05.20 22:55:10 INFO  Progress (3): 2.8/6.3 MB | 2.1/12 MB | 1.3/2.6 MB
2026.05.20 22:55:10 INFO  Progress (3): 2.9/6.3 MB | 2.1/12 MB | 1.3/2.6 MB
2026.05.20 22:55:10 INFO  Progress (3): 2.9/6.3 MB | 2.1/12 MB | 1.4/2.6 MB
2026.05.20 22:55:10 INFO  Progress (3): 2.9/6.3 MB | 2.1/12 MB | 1.4/2.6 MB
2026.05.20 22:55:10 INFO  Progress (3): 2.9/6.3 MB | 2.1/12 MB | 1.4/2.6 MB
2026.05.20 22:55:10 INFO  Progress (3): 2.9/6.3 MB | 2.1/12 MB | 1.4/2.6 MB
2026.05.20 22:55:10 INFO  Progress (3): 2.9/6.3 MB | 2.1/12 MB | 1.4/2.6 MB
2026.05.20 22:55:10 INFO  Progress (3): 2.9/6.3 MB | 2.1/12 MB | 1.4/2.6 MB
2026.05.20 22:55:10 INFO  Progress (3): 2.9/6.3 MB | 2.1/12 MB | 1.4/2.6 MB
2026.05.20 22:55:10 INFO  Progress (3): 2.9/6.3 MB | 2.1/12 MB | 1.4/2.6 MB
2026.05.20 22:55:10 INFO  Progress (3): 2.9/6.3 MB | 2.1/12 MB | 1.4/2.6 MB
2026.05.20 22:55:10 INFO  Progress (3): 2.9/6.3 MB | 2.1/12 MB | 1.4/2.6 MB
2026.05.20 22:55:10 INFO  Progress (3): 3.0/6.3 MB | 2.1/12 MB | 1.4/2.6 MB
2026.05.20 22:55:10 INFO  Progress (3): 3.0/6.3 MB | 2.1/12 MB | 1.4/2.6 MB
2026.05.20 22:55:10 INFO  Progress (3): 3.0/6.3 MB | 2.1/12 MB | 1.4/2.6 MB
2026.05.20 22:55:10 INFO  Progress (3): 3.0/6.3 MB | 2.1/12 MB | 1.4/2.6 MB
2026.05.20 22:55:10 INFO  Progress (3): 3.0/6.3 MB | 2.1/12 MB | 1.4/2.6 MB
2026.05.20 22:55:10 INFO  Progress (3): 3.0/6.3 MB | 2.2/12 MB | 1.4/2.6 MB
2026.05.20 22:55:10 INFO  Progress (3): 3.0/6.3 MB | 2.2/12 MB | 1.4/2.6 MB
2026.05.20 22:55:10 INFO  Progress (3): 3.0/6.3 MB | 2.2/12 MB | 1.4/2.6 MB
2026.05.20 22:55:10 INFO  Progress (3): 3.0/6.3 MB | 2.2/12 MB | 1.4/2.6 MB
2026.05.20 22:55:10 INFO  Progress (3): 3.0/6.3 MB | 2.2/12 MB | 1.4/2.6 MB
2026.05.20 22:55:10 INFO  Progress (3): 3.0/6.3 MB | 2.2/12 MB | 1.4/2.6 MB
2026.05.20 22:55:10 INFO  Progress (3): 3.1/6.3 MB | 2.2/12 MB | 1.4/2.6 MB
2026.05.20 22:55:10 INFO  Progress (3): 3.1/6.3 MB | 2.2/12 MB | 1.4/2.6 MB
2026.05.20 22:55:10 INFO  Progress (3): 3.1/6.3 MB | 2.2/12 MB | 1.4/2.6 MB
2026.05.20 22:55:10 INFO  Progress (3): 3.1/6.3 MB | 2.2/12 MB | 1.4/2.6 MB
2026.05.20 22:55:10 INFO  Progress (3): 3.1/6.3 MB | 2.2/12 MB | 1.4/2.6 MB
2026.05.20 22:55:10 INFO  Progress (3): 3.1/6.3 MB | 2.2/12 MB | 1.5/2.6 MB
2026.05.20 22:55:10 INFO  Progress (3): 3.1/6.3 MB | 2.2/12 MB | 1.5/2.6 MB
2026.05.20 22:55:10 INFO  Progress (3): 3.1/6.3 MB | 2.2/12 MB | 1.5/2.6 MB
2026.05.20 22:55:10 INFO  Progress (3): 3.1/6.3 MB | 2.2/12 MB | 1.5/2.6 MB
2026.05.20 22:55:10 INFO  Progress (3): 3.1/6.3 MB | 2.2/12 MB | 1.5/2.6 MB
2026.05.20 22:55:10 INFO  Progress (3): 3.2/6.3 MB | 2.2/12 MB | 1.5/2.6 MB
2026.05.20 22:55:10 INFO  Progress (3): 3.2/6.3 MB | 2.2/12 MB | 1.5/2.6 MB
2026.05.20 22:55:10 INFO  Progress (3): 3.2/6.3 MB | 2.2/12 MB | 1.5/2.6 MB
2026.05.20 22:55:10 INFO  Progress (3): 3.2/6.3 MB | 2.2/12 MB | 1.5/2.6 MB
2026.05.20 22:55:10 INFO  Progress (3): 3.2/6.3 MB | 2.2/12 MB | 1.5/2.6 MB
2026.05.20 22:55:10 INFO  Progress (3): 3.2/6.3 MB | 2.2/12 MB | 1.5/2.6 MB
2026.05.20 22:55:10 INFO  Progress (3): 3.2/6.3 MB | 2.2/12 MB | 1.5/2.6 MB
2026.05.20 22:55:10 INFO  Progress (3): 3.2/6.3 MB | 2.2/12 MB | 1.5/2.6 MB
2026.05.20 22:55:10 INFO  Progress (3): 3.2/6.3 MB | 2.2/12 MB | 1.5/2.6 MB
2026.05.20 22:55:10 INFO  Progress (3): 3.2/6.3 MB | 2.3/12 MB | 1.5/2.6 MB
2026.05.20 22:55:10 INFO  Progress (4): 3.2/6.3 MB | 2.3/12 MB | 1.5/2.6 MB | 0/1.9 MB
2026.05.20 22:55:10 INFO  Progress (4): 3.2/6.3 MB | 2.3/12 MB | 1.5/2.6 MB | 0/1.9 MB
2026.05.20 22:55:10 INFO  Progress (4): 3.2/6.3 MB | 2.3/12 MB | 1.5/2.6 MB | 0/1.9 MB
2026.05.20 22:55:10 INFO  Progress (4): 3.2/6.3 MB | 2.3/12 MB | 1.5/2.6 MB | 0/1.9 MB
2026.05.20 22:55:10 INFO  Progress (4): 3.2/6.3 MB | 2.3/12 MB | 1.5/2.6 MB | 0/1.9 MB
2026.05.20 22:55:10 INFO  Progress (4): 3.2/6.3 MB | 2.3/12 MB | 1.5/2.6 MB | 0/1.9 MB
2026.05.20 22:55:10 INFO  Progress (4): 3.2/6.3 MB | 2.3/12 MB | 1.5/2.6 MB | 0/1.9 MB
2026.05.20 22:55:10 INFO  Progress (4): 3.3/6.3 MB | 2.3/12 MB | 1.5/2.6 MB | 0/1.9 MB
2026.05.20 22:55:10 INFO  Progress (4): 3.3/6.3 MB | 2.3/12 MB | 1.5/2.6 MB | 0/1.9 MB
2026.05.20 22:55:10 INFO  Progress (4): 3.3/6.3 MB | 2.3/12 MB | 1.5/2.6 MB | 0/1.9 MB
2026.05.20 22:55:10 INFO  Progress (4): 3.3/6.3 MB | 2.3/12 MB | 1.5/2.6 MB | 0/1.9 MB
2026.05.20 22:55:10 INFO  Progress (4): 3.3/6.3 MB | 2.3/12 MB | 1.5/2.6 MB | 0/1.9 MB
2026.05.20 22:55:10 INFO  Progress (4): 3.3/6.3 MB | 2.3/12 MB | 1.5/2.6 MB | 0/1.9 MB
2026.05.20 22:55:10 INFO  Progress (4): 3.3/6.3 MB | 2.3/12 MB | 1.5/2.6 MB | 0/1.9 MB
2026.05.20 22:55:10 INFO  Progress (4): 3.3/6.3 MB | 2.3/12 MB | 1.6/2.6 MB | 0/1.9 MB
2026.05.20 22:55:10 INFO  Progress (4): 3.3/6.3 MB | 2.3/12 MB | 1.6/2.6 MB | 0/1.9 MB
2026.05.20 22:55:10 INFO  Progress (4): 3.3/6.3 MB | 2.3/12 MB | 1.6/2.6 MB | 0/1.9 MB
2026.05.20 22:55:10 INFO  Progress (4): 3.4/6.3 MB | 2.3/12 MB | 1.6/2.6 MB | 0/1.9 MB
2026.05.20 22:55:10 INFO  Progress (4): 3.4/6.3 MB | 2.3/12 MB | 1.6/2.6 MB | 0/1.9 MB
2026.05.20 22:55:10 INFO  Progress (4): 3.4/6.3 MB | 2.3/12 MB | 1.6/2.6 MB | 0/1.9 MB
2026.05.20 22:55:10 INFO  Progress (4): 3.4/6.3 MB | 2.3/12 MB | 1.6/2.6 MB | 0/1.9 MB
2026.05.20 22:55:10 INFO  Progress (4): 3.4/6.3 MB | 2.3/12 MB | 1.6/2.6 MB | 0/1.9 MB
2026.05.20 22:55:10 INFO  Progress (4): 3.4/6.3 MB | 2.3/12 MB | 1.6/2.6 MB | 0/1.9 MB
2026.05.20 22:55:10 INFO  Progress (4): 3.4/6.3 MB | 2.3/12 MB | 1.6/2.6 MB | 0/1.9 MB
2026.05.20 22:55:10 INFO  Progress (4): 3.4/6.3 MB | 2.3/12 MB | 1.6/2.6 MB | 0.1/1.9 MB
2026.05.20 22:55:10 INFO  Progress (4): 3.4/6.3 MB | 2.3/12 MB | 1.6/2.6 MB | 0.1/1.9 MB
2026.05.20 22:55:10 INFO  Progress (4): 3.4/6.3 MB | 2.3/12 MB | 1.6/2.6 MB | 0.1/1.9 MB
2026.05.20 22:55:10 INFO  Progress (4): 3.4/6.3 MB | 2.3/12 MB | 1.6/2.6 MB | 0.1/1.9 MB
2026.05.20 22:55:10 INFO  Progress (4): 3.4/6.3 MB | 2.3/12 MB | 1.6/2.6 MB | 0.1/1.9 MB
2026.05.20 22:55:10 INFO  Progress (4): 3.4/6.3 MB | 2.3/12 MB | 1.6/2.6 MB | 0.1/1.9 MB
2026.05.20 22:55:10 INFO  Progress (4): 3.4/6.3 MB | 2.3/12 MB | 1.6/2.6 MB | 0.1/1.9 MB
2026.05.20 22:55:10 INFO  Progress (4): 3.4/6.3 MB | 2.3/12 MB | 1.6/2.6 MB | 0.1/1.9 MB
2026.05.20 22:55:10 INFO  Progress (4): 3.4/6.3 MB | 2.3/12 MB | 1.6/2.6 MB | 0.1/1.9 MB
2026.05.20 22:55:10 INFO  Progress (4): 3.4/6.3 MB | 2.3/12 MB | 1.6/2.6 MB | 0.1/1.9 MB
2026.05.20 22:55:10 INFO  Progress (4): 3.4/6.3 MB | 2.3/12 MB | 1.6/2.6 MB | 0.1/1.9 MB
2026.05.20 22:55:10 INFO  Progress (4): 3.4/6.3 MB | 2.3/12 MB | 1.6/2.6 MB | 0.1/1.9 MB
2026.05.20 22:55:10 INFO  Progress (4): 3.4/6.3 MB | 2.3/12 MB | 1.6/2.6 MB | 0.1/1.9 MB
2026.05.20 22:55:10 INFO  Progress (4): 3.4/6.3 MB | 2.4/12 MB | 1.6/2.6 MB | 0.1/1.9 MB
2026.05.20 22:55:10 INFO  Progress (4): 3.4/6.3 MB | 2.4/12 MB | 1.7/2.6 MB | 0.1/1.9 MB
2026.05.20 22:55:10 INFO  Progress (4): 3.5/6.3 MB | 2.4/12 MB | 1.7/2.6 MB | 0.1/1.9 MB
2026.05.20 22:55:10 INFO  Progress (4): 3.5/6.3 MB | 2.4/12 MB | 1.7/2.6 MB | 0.1/1.9 MB
2026.05.20 22:55:10 INFO  Progress (4): 3.5/6.3 MB | 2.4/12 MB | 1.7/2.6 MB | 0.1/1.9 MB
2026.05.20 22:55:10 INFO  Progress (4): 3.5/6.3 MB | 2.4/12 MB | 1.7/2.6 MB | 0.1/1.9 MB
2026.05.20 22:55:10 INFO  Progress (4): 3.5/6.3 MB | 2.4/12 MB | 1.7/2.6 MB | 0.1/1.9 MB
2026.05.20 22:55:10 INFO  Progress (4): 3.5/6.3 MB | 2.4/12 MB | 1.7/2.6 MB | 0.1/1.9 MB
2026.05.20 22:55:10 INFO  Progress (4): 3.5/6.3 MB | 2.4/12 MB | 1.7/2.6 MB | 0.1/1.9 MB
2026.05.20 22:55:10 INFO  Progress (4): 3.5/6.3 MB | 2.4/12 MB | 1.7/2.6 MB | 0.1/1.9 MB
2026.05.20 22:55:10 INFO  Progress (4): 3.5/6.3 MB | 2.4/12 MB | 1.7/2.6 MB | 0.2/1.9 MB
2026.05.20 22:55:10 INFO  Progress (4): 3.5/6.3 MB | 2.4/12 MB | 1.7/2.6 MB | 0.2/1.9 MB
2026.05.20 22:55:10 INFO  Progress (4): 3.5/6.3 MB | 2.4/12 MB | 1.7/2.6 MB | 0.2/1.9 MB
2026.05.20 22:55:10 INFO  Progress (4): 3.5/6.3 MB | 2.4/12 MB | 1.7/2.6 MB | 0.2/1.9 MB
2026.05.20 22:55:10 INFO  Progress (4): 3.5/6.3 MB | 2.4/12 MB | 1.7/2.6 MB | 0.2/1.9 MB
2026.05.20 22:55:10 INFO  Progress (4): 3.5/6.3 MB | 2.4/12 MB | 1.7/2.6 MB | 0.2/1.9 MB
2026.05.20 22:55:10 INFO  Progress (4): 3.5/6.3 MB | 2.4/12 MB | 1.7/2.6 MB | 0.2/1.9 MB
2026.05.20 22:55:10 INFO  Progress (4): 3.5/6.3 MB | 2.4/12 MB | 1.7/2.6 MB | 0.2/1.9 MB
2026.05.20 22:55:10 INFO  Progress (4): 3.5/6.3 MB | 2.4/12 MB | 1.7/2.6 MB | 0.2/1.9 MB
2026.05.20 22:55:10 INFO  Progress (4): 3.5/6.3 MB | 2.4/12 MB | 1.7/2.6 MB | 0.2/1.9 MB
2026.05.20 22:55:10 INFO  Progress (4): 3.5/6.3 MB | 2.4/12 MB | 1.7/2.6 MB | 0.2/1.9 MB
2026.05.20 22:55:10 INFO  Progress (4): 3.5/6.3 MB | 2.4/12 MB | 1.7/2.6 MB | 0.2/1.9 MB
2026.05.20 22:55:10 INFO  Progress (4): 3.5/6.3 MB | 2.4/12 MB | 1.7/2.6 MB | 0.2/1.9 MB
2026.05.20 22:55:10 INFO  Progress (4): 3.5/6.3 MB | 2.5/12 MB | 1.7/2.6 MB | 0.2/1.9 MB
2026.05.20 22:55:10 INFO  Progress (4): 3.5/6.3 MB | 2.5/12 MB | 1.7/2.6 MB | 0.2/1.9 MB
2026.05.20 22:55:10 INFO  Progress (4): 3.5/6.3 MB | 2.5/12 MB | 1.8/2.6 MB | 0.2/1.9 MB
2026.05.20 22:55:10 INFO  Progress (4): 3.5/6.3 MB | 2.5/12 MB | 1.8/2.6 MB | 0.2/1.9 MB
2026.05.20 22:55:10 INFO  Progress (4): 3.5/6.3 MB | 2.5/12 MB | 1.8/2.6 MB | 0.2/1.9 MB
2026.05.20 22:55:10 INFO  Progress (4): 3.5/6.3 MB | 2.5/12 MB | 1.8/2.6 MB | 0.2/1.9 MB
2026.05.20 22:55:10 INFO  Progress (4): 3.5/6.3 MB | 2.5/12 MB | 1.8/2.6 MB | 0.2/1.9 MB
2026.05.20 22:55:10 INFO  Progress (4): 3.5/6.3 MB | 2.5/12 MB | 1.8/2.6 MB | 0.2/1.9 MB
2026.05.20 22:55:10 INFO  Progress (5): 3.5/6.3 MB | 2.5/12 MB | 1.8/2.6 MB | 0.2/1.9 MB | 0/1.4 MB
2026.05.20 22:55:10 INFO  Progress (5): 3.5/6.3 MB | 2.5/12 MB | 1.8/2.6 MB | 0.2/1.9 MB | 0/1.4 MB
2026.05.20 22:55:10 INFO  Progress (5): 3.5/6.3 MB | 2.5/12 MB | 1.8/2.6 MB | 0.2/1.9 MB | 0/1.4 MB
2026.05.20 22:55:10 INFO  Progress (5): 3.5/6.3 MB | 2.5/12 MB | 1.8/2.6 MB | 0.2/1.9 MB | 0/1.4 MB
2026.05.20 22:55:10 INFO  Progress (5): 3.5/6.3 MB | 2.5/12 MB | 1.8/2.6 MB | 0.2/1.9 MB | 0/1.4 MB
2026.05.20 22:55:10 INFO  Progress (5): 3.5/6.3 MB | 2.5/12 MB | 1.8/2.6 MB | 0.2/1.9 MB | 0/1.4 MB
2026.05.20 22:55:10 INFO  Progress (5): 3.5/6.3 MB | 2.5/12 MB | 1.8/2.6 MB | 0.2/1.9 MB | 0/1.4 MB
2026.05.20 22:55:10 INFO  Progress (5): 3.5/6.3 MB | 2.5/12 MB | 1.8/2.6 MB | 0.2/1.9 MB | 0/1.4 MB
2026.05.20 22:55:10 INFO  Progress (5): 3.5/6.3 MB | 2.5/12 MB | 1.8/2.6 MB | 0.2/1.9 MB | 0/1.4 MB
2026.05.20 22:55:10 INFO  Progress (5): 3.5/6.3 MB | 2.5/12 MB | 1.8/2.6 MB | 0.2/1.9 MB | 0/1.4 MB
2026.05.20 22:55:10 INFO  Progress (5): 3.5/6.3 MB | 2.5/12 MB | 1.8/2.6 MB | 0.2/1.9 MB | 0/1.4 MB
2026.05.20 22:55:10 INFO  Progress (5): 3.5/6.3 MB | 2.6/12 MB | 1.8/2.6 MB | 0.2/1.9 MB | 0/1.4 MB
2026.05.20 22:55:10 INFO  Progress (5): 3.5/6.3 MB | 2.6/12 MB | 1.8/2.6 MB | 0.2/1.9 MB | 0/1.4 MB
2026.05.20 22:55:10 INFO  Progress (5): 3.5/6.3 MB | 2.6/12 MB | 1.8/2.6 MB | 0.2/1.9 MB | 0/1.4 MB
2026.05.20 22:55:10 INFO  Progress (5): 3.5/6.3 MB | 2.6/12 MB | 1.8/2.6 MB | 0.2/1.9 MB | 0/1.4 MB
2026.05.20 22:55:10 INFO  Progress (5): 3.5/6.3 MB | 2.6/12 MB | 1.8/2.6 MB | 0.2/1.9 MB | 0/1.4 MB
2026.05.20 22:55:10 INFO  Progress (5): 3.5/6.3 MB | 2.6/12 MB | 1.9/2.6 MB | 0.2/1.9 MB | 0/1.4 MB
2026.05.20 22:55:10 INFO  Progress (5): 3.5/6.3 MB | 2.6/12 MB | 1.9/2.6 MB | 0.2/1.9 MB | 0/1.4 MB
2026.05.20 22:55:10 INFO  Progress (5): 3.5/6.3 MB | 2.6/12 MB | 1.9/2.6 MB | 0.2/1.9 MB | 0/1.4 MB
2026.05.20 22:55:10 INFO  Progress (5): 3.5/6.3 MB | 2.6/12 MB | 1.9/2.6 MB | 0.2/1.9 MB | 0/1.4 MB
2026.05.20 22:55:10 INFO  Progress (5): 3.6/6.3 MB | 2.6/12 MB | 1.9/2.6 MB | 0.2/1.9 MB | 0/1.4 MB
2026.05.20 22:55:10 INFO  Progress (5): 3.6/6.3 MB | 2.6/12 MB | 1.9/2.6 MB | 0.2/1.9 MB | 0/1.4 MB
2026.05.20 22:55:10 INFO  Progress (5): 3.6/6.3 MB | 2.6/12 MB | 1.9/2.6 MB | 0.2/1.9 MB | 0.1/1.4 MB
2026.05.20 22:55:10 INFO  Progress (5): 3.6/6.3 MB | 2.6/12 MB | 1.9/2.6 MB | 0.2/1.9 MB | 0.1/1.4 MB
2026.05.20 22:55:10 INFO  Progress (5): 3.6/6.3 MB | 2.6/12 MB | 1.9/2.6 MB | 0.2/1.9 MB | 0.1/1.4 MB
2026.05.20 22:55:10 INFO  Progress (5): 3.6/6.3 MB | 2.6/12 MB | 1.9/2.6 MB | 0.2/1.9 MB | 0.1/1.4 MB
2026.05.20 22:55:10 INFO  Progress (5): 3.6/6.3 MB | 2.6/12 MB | 1.9/2.6 MB | 0.2/1.9 MB | 0.1/1.4 MB
2026.05.20 22:55:10 INFO  Progress (5): 3.6/6.3 MB | 2.6/12 MB | 1.9/2.6 MB | 0.3/1.9 MB | 0.1/1.4 MB
2026.05.20 22:55:10 INFO  Progress (5): 3.6/6.3 MB | 2.7/12 MB | 1.9/2.6 MB | 0.3/1.9 MB | 0.1/1.4 MB
2026.05.20 22:55:10 INFO  Progress (5): 3.6/6.3 MB | 2.7/12 MB | 1.9/2.6 MB | 0.3/1.9 MB | 0.1/1.4 MB
2026.05.20 22:55:10 INFO  Progress (5): 3.6/6.3 MB | 2.7/12 MB | 1.9/2.6 MB | 0.3/1.9 MB | 0.1/1.4 MB
2026.05.20 22:55:10 INFO  Progress (5): 3.6/6.3 MB | 2.7/12 MB | 1.9/2.6 MB | 0.3/1.9 MB | 0.1/1.4 MB
2026.05.20 22:55:10 INFO  Progress (5): 3.6/6.3 MB | 2.7/12 MB | 1.9/2.6 MB | 0.3/1.9 MB | 0.1/1.4 MB
2026.05.20 22:55:10 INFO  Progress (5): 3.6/6.3 MB | 2.7/12 MB | 1.9/2.6 MB | 0.3/1.9 MB | 0.1/1.4 MB
2026.05.20 22:55:10 INFO  Progress (5): 3.6/6.3 MB | 2.7/12 MB | 1.9/2.6 MB | 0.3/1.9 MB | 0.1/1.4 MB
2026.05.20 22:55:10 INFO  Progress (5): 3.6/6.3 MB | 2.7/12 MB | 1.9/2.6 MB | 0.3/1.9 MB | 0.1/1.4 MB
2026.05.20 22:55:10 INFO  Progress (5): 3.6/6.3 MB | 2.7/12 MB | 2.0/2.6 MB | 0.3/1.9 MB | 0.1/1.4 MB
2026.05.20 22:55:10 INFO  Progress (5): 3.6/6.3 MB | 2.7/12 MB | 2.0/2.6 MB | 0.3/1.9 MB | 0.1/1.4 MB
2026.05.20 22:55:10 INFO  Progress (5): 3.6/6.3 MB | 2.7/12 MB | 2.0/2.6 MB | 0.3/1.9 MB | 0.1/1.4 MB
2026.05.20 22:55:10 INFO  Progress (5): 3.6/6.3 MB | 2.7/12 MB | 2.0/2.6 MB | 0.3/1.9 MB | 0.1/1.4 MB
2026.05.20 22:55:10 INFO  Progress (5): 3.6/6.3 MB | 2.7/12 MB | 2.0/2.6 MB | 0.3/1.9 MB | 0.1/1.4 MB
2026.05.20 22:55:10 INFO  Progress (5): 3.6/6.3 MB | 2.7/12 MB | 2.0/2.6 MB | 0.3/1.9 MB | 0.1/1.4 MB
2026.05.20 22:55:10 INFO  Progress (5): 3.6/6.3 MB | 2.7/12 MB | 2.0/2.6 MB | 0.3/1.9 MB | 0.1/1.4 MB
2026.05.20 22:55:10 INFO  Progress (5): 3.6/6.3 MB | 2.7/12 MB | 2.0/2.6 MB | 0.4/1.9 MB | 0.1/1.4 MB
2026.05.20 22:55:10 INFO  Progress (5): 3.6/6.3 MB | 2.7/12 MB | 2.0/2.6 MB | 0.4/1.9 MB | 0.1/1.4 MB
2026.05.20 22:55:10 INFO  Progress (5): 3.6/6.3 MB | 2.7/12 MB | 2.0/2.6 MB | 0.4/1.9 MB | 0.1/1.4 MB
2026.05.20 22:55:10 INFO  Progress (5): 3.6/6.3 MB | 2.7/12 MB | 2.0/2.6 MB | 0.4/1.9 MB | 0.1/1.4 MB
2026.05.20 22:55:10 INFO  Progress (5): 3.6/6.3 MB | 2.8/12 MB | 2.0/2.6 MB | 0.4/1.9 MB | 0.1/1.4 MB
2026.05.20 22:55:10 INFO  Progress (5): 3.6/6.3 MB | 2.8/12 MB | 2.0/2.6 MB | 0.4/1.9 MB | 0.1/1.4 MB
2026.05.20 22:55:10 INFO  Progress (5): 3.6/6.3 MB | 2.8/12 MB | 2.0/2.6 MB | 0.4/1.9 MB | 0.1/1.4 MB
2026.05.20 22:55:10 INFO  Progress (5): 3.6/6.3 MB | 2.8/12 MB | 2.0/2.6 MB | 0.4/1.9 MB | 0.1/1.4 MB
2026.05.20 22:55:10 INFO  Progress (5): 3.6/6.3 MB | 2.8/12 MB | 2.0/2.6 MB | 0.4/1.9 MB | 0.1/1.4 MB
2026.05.20 22:55:10 INFO  Progress (5): 3.6/6.3 MB | 2.8/12 MB | 2.0/2.6 MB | 0.4/1.9 MB | 0.1/1.4 MB
2026.05.20 22:55:10 INFO  Progress (5): 3.6/6.3 MB | 2.8/12 MB | 2.0/2.6 MB | 0.4/1.9 MB | 0.1/1.4 MB
2026.05.20 22:55:10 INFO  Progress (5): 3.6/6.3 MB | 2.8/12 MB | 2.0/2.6 MB | 0.4/1.9 MB | 0.1/1.4 MB
2026.05.20 22:55:10 INFO  Progress (5): 3.6/6.3 MB | 2.8/12 MB | 2.0/2.6 MB | 0.4/1.9 MB | 0.1/1.4 MB
2026.05.20 22:55:10 INFO  Progress (5): 3.6/6.3 MB | 2.8/12 MB | 2.0/2.6 MB | 0.4/1.9 MB | 0.1/1.4 MB
2026.05.20 22:55:10 INFO  Progress (5): 3.6/6.3 MB | 2.8/12 MB | 2.0/2.6 MB | 0.4/1.9 MB | 0.1/1.4 MB
2026.05.20 22:55:10 INFO  Progress (5): 3.6/6.3 MB | 2.8/12 MB | 2.0/2.6 MB | 0.4/1.9 MB | 0.1/1.4 MB
2026.05.20 22:55:10 INFO  Progress (5): 3.6/6.3 MB | 2.8/12 MB | 2.0/2.6 MB | 0.4/1.9 MB | 0.1/1.4 MB
2026.05.20 22:55:10 INFO  Progress (5): 3.6/6.3 MB | 2.8/12 MB | 2.0/2.6 MB | 0.4/1.9 MB | 0.1/1.4 MB
2026.05.20 22:55:10 INFO  Progress (5): 3.6/6.3 MB | 2.8/12 MB | 2.0/2.6 MB | 0.4/1.9 MB | 0.1/1.4 MB
2026.05.20 22:55:10 INFO  Progress (5): 3.6/6.3 MB | 2.8/12 MB | 2.0/2.6 MB | 0.4/1.9 MB | 0.1/1.4 MB
2026.05.20 22:55:10 INFO  Progress (5): 3.6/6.3 MB | 2.8/12 MB | 2.0/2.6 MB | 0.4/1.9 MB | 0.1/1.4 MB
2026.05.20 22:55:10 INFO  Progress (5): 3.6/6.3 MB | 2.8/12 MB | 2.0/2.6 MB | 0.5/1.9 MB | 0.1/1.4 MB
2026.05.20 22:55:10 INFO  Progress (5): 3.6/6.3 MB | 2.8/12 MB | 2.0/2.6 MB | 0.5/1.9 MB | 0.1/1.4 MB
2026.05.20 22:55:10 INFO  Progress (5): 3.6/6.3 MB | 2.8/12 MB | 2.1/2.6 MB | 0.5/1.9 MB | 0.1/1.4 MB
2026.05.20 22:55:10 INFO  Progress (5): 3.6/6.3 MB | 2.8/12 MB | 2.1/2.6 MB | 0.5/1.9 MB | 0.2/1.4 MB
2026.05.20 22:55:10 INFO  Progress (5): 3.6/6.3 MB | 2.8/12 MB | 2.1/2.6 MB | 0.5/1.9 MB | 0.2/1.4 MB
2026.05.20 22:55:10 INFO  Progress (5): 3.6/6.3 MB | 2.9/12 MB | 2.1/2.6 MB | 0.5/1.9 MB | 0.2/1.4 MB
2026.05.20 22:55:10 INFO  Progress (5): 3.6/6.3 MB | 2.9/12 MB | 2.1/2.6 MB | 0.5/1.9 MB | 0.2/1.4 MB
2026.05.20 22:55:10 INFO  Progress (5): 3.6/6.3 MB | 2.9/12 MB | 2.1/2.6 MB | 0.5/1.9 MB | 0.2/1.4 MB
2026.05.20 22:55:10 INFO  Progress (5): 3.6/6.3 MB | 2.9/12 MB | 2.1/2.6 MB | 0.5/1.9 MB | 0.2/1.4 MB
2026.05.20 22:55:10 INFO  Progress (5): 3.6/6.3 MB | 2.9/12 MB | 2.1/2.6 MB | 0.5/1.9 MB | 0.2/1.4 MB
2026.05.20 22:55:10 INFO  Progress (5): 3.6/6.3 MB | 2.9/12 MB | 2.1/2.6 MB | 0.5/1.9 MB | 0.2/1.4 MB
2026.05.20 22:55:10 INFO  Progress (5): 3.6/6.3 MB | 2.9/12 MB | 2.1/2.6 MB | 0.5/1.9 MB | 0.2/1.4 MB
2026.05.20 22:55:10 INFO  Progress (5): 3.6/6.3 MB | 2.9/12 MB | 2.1/2.6 MB | 0.5/1.9 MB | 0.2/1.4 MB
2026.05.20 22:55:10 INFO  Progress (5): 3.6/6.3 MB | 2.9/12 MB | 2.1/2.6 MB | 0.5/1.9 MB | 0.2/1.4 MB
2026.05.20 22:55:10 INFO  Progress (5): 3.6/6.3 MB | 2.9/12 MB | 2.1/2.6 MB | 0.5/1.9 MB | 0.2/1.4 MB
2026.05.20 22:55:10 INFO  Progress (5): 3.6/6.3 MB | 2.9/12 MB | 2.1/2.6 MB | 0.5/1.9 MB | 0.2/1.4 MB
2026.05.20 22:55:10 INFO  Progress (5): 3.6/6.3 MB | 2.9/12 MB | 2.1/2.6 MB | 0.5/1.9 MB | 0.2/1.4 MB
2026.05.20 22:55:10 INFO  Progress (5): 3.6/6.3 MB | 2.9/12 MB | 2.1/2.6 MB | 0.5/1.9 MB | 0.2/1.4 MB
2026.05.20 22:55:10 INFO  Progress (5): 3.6/6.3 MB | 2.9/12 MB | 2.1/2.6 MB | 0.5/1.9 MB | 0.2/1.4 MB
2026.05.20 22:55:10 INFO  Progress (5): 3.6/6.3 MB | 2.9/12 MB | 2.1/2.6 MB | 0.5/1.9 MB | 0.2/1.4 MB
2026.05.20 22:55:10 INFO  Progress (5): 3.6/6.3 MB | 2.9/12 MB | 2.1/2.6 MB | 0.5/1.9 MB | 0.2/1.4 MB
2026.05.20 22:55:10 INFO  Progress (5): 3.6/6.3 MB | 2.9/12 MB | 2.1/2.6 MB | 0.5/1.9 MB | 0.2/1.4 MB
2026.05.20 22:55:10 INFO  Progress (5): 3.6/6.3 MB | 2.9/12 MB | 2.1/2.6 MB | 0.5/1.9 MB | 0.2/1.4 MB
2026.05.20 22:55:10 INFO  Progress (5): 3.6/6.3 MB | 2.9/12 MB | 2.1/2.6 MB | 0.5/1.9 MB | 0.2/1.4 MB
2026.05.20 22:55:10 INFO  Progress (5): 3.6/6.3 MB | 2.9/12 MB | 2.1/2.6 MB | 0.5/1.9 MB | 0.2/1.4 MB
2026.05.20 22:55:10 INFO  Progress (5): 3.6/6.3 MB | 2.9/12 MB | 2.1/2.6 MB | 0.5/1.9 MB | 0.2/1.4 MB
2026.05.20 22:55:10 INFO  Progress (5): 3.6/6.3 MB | 2.9/12 MB | 2.1/2.6 MB | 0.6/1.9 MB | 0.2/1.4 MB
2026.05.20 22:55:10 INFO  Progress (5): 3.6/6.3 MB | 2.9/12 MB | 2.1/2.6 MB | 0.6/1.9 MB | 0.2/1.4 MB
2026.05.20 22:55:10 INFO  Progress (5): 3.6/6.3 MB | 2.9/12 MB | 2.1/2.6 MB | 0.6/1.9 MB | 0.2/1.4 MB
2026.05.20 22:55:10 INFO  Progress (5): 3.6/6.3 MB | 2.9/12 MB | 2.1/2.6 MB | 0.6/1.9 MB | 0.2/1.4 MB
2026.05.20 22:55:10 INFO  Progress (5): 3.6/6.3 MB | 2.9/12 MB | 2.1/2.6 MB | 0.6/1.9 MB | 0.2/1.4 MB
2026.05.20 22:55:10 INFO  Progress (5): 3.6/6.3 MB | 2.9/12 MB | 2.1/2.6 MB | 0.6/1.9 MB | 0.2/1.4 MB
2026.05.20 22:55:10 INFO  Progress (5): 3.6/6.3 MB | 2.9/12 MB | 2.1/2.6 MB | 0.6/1.9 MB | 0.2/1.4 MB
2026.05.20 22:55:10 INFO  Progress (5): 3.6/6.3 MB | 3.0/12 MB | 2.1/2.6 MB | 0.6/1.9 MB | 0.2/1.4 MB
2026.05.20 22:55:10 INFO  Progress (5): 3.6/6.3 MB | 3.0/12 MB | 2.1/2.6 MB | 0.6/1.9 MB | 0.3/1.4 MB
2026.05.20 22:55:10 INFO  Progress (5): 3.6/6.3 MB | 3.0/12 MB | 2.2/2.6 MB | 0.6/1.9 MB | 0.3/1.4 MB
2026.05.20 22:55:10 INFO  Progress (5): 3.6/6.3 MB | 3.0/12 MB | 2.2/2.6 MB | 0.6/1.9 MB | 0.3/1.4 MB
2026.05.20 22:55:10 INFO  Progress (5): 3.6/6.3 MB | 3.0/12 MB | 2.2/2.6 MB | 0.6/1.9 MB | 0.3/1.4 MB
2026.05.20 22:55:10 INFO  Progress (5): 3.6/6.3 MB | 3.0/12 MB | 2.2/2.6 MB | 0.6/1.9 MB | 0.3/1.4 MB
2026.05.20 22:55:10 INFO  Progress (5): 3.6/6.3 MB | 3.0/12 MB | 2.2/2.6 MB | 0.6/1.9 MB | 0.3/1.4 MB
2026.05.20 22:55:10 INFO  Progress (5): 3.6/6.3 MB | 3.0/12 MB | 2.2/2.6 MB | 0.6/1.9 MB | 0.3/1.4 MB
2026.05.20 22:55:10 INFO  Progress (5): 3.6/6.3 MB | 3.0/12 MB | 2.2/2.6 MB | 0.6/1.9 MB | 0.3/1.4 MB
2026.05.20 22:55:10 INFO  Progress (5): 3.7/6.3 MB | 3.0/12 MB | 2.2/2.6 MB | 0.6/1.9 MB | 0.3/1.4 MB
2026.05.20 22:55:10 INFO  Progress (5): 3.7/6.3 MB | 3.0/12 MB | 2.2/2.6 MB | 0.6/1.9 MB | 0.3/1.4 MB
2026.05.20 22:55:10 INFO  Progress (5): 3.7/6.3 MB | 3.0/12 MB | 2.2/2.6 MB | 0.6/1.9 MB | 0.3/1.4 MB
2026.05.20 22:55:10 INFO  Progress (5): 3.7/6.3 MB | 3.0/12 MB | 2.2/2.6 MB | 0.6/1.9 MB | 0.3/1.4 MB
2026.05.20 22:55:10 INFO  Progress (5): 3.7/6.3 MB | 3.0/12 MB | 2.2/2.6 MB | 0.6/1.9 MB | 0.3/1.4 MB
2026.05.20 22:55:10 INFO  Progress (5): 3.7/6.3 MB | 3.0/12 MB | 2.2/2.6 MB | 0.6/1.9 MB | 0.3/1.4 MB
2026.05.20 22:55:10 INFO  Progress (5): 3.7/6.3 MB | 3.0/12 MB | 2.2/2.6 MB | 0.6/1.9 MB | 0.3/1.4 MB
2026.05.20 22:55:10 INFO  Progress (5): 3.7/6.3 MB | 3.0/12 MB | 2.2/2.6 MB | 0.6/1.9 MB | 0.3/1.4 MB
2026.05.20 22:55:10 INFO  Progress (5): 3.7/6.3 MB | 3.0/12 MB | 2.2/2.6 MB | 0.6/1.9 MB | 0.3/1.4 MB
2026.05.20 22:55:10 INFO  Progress (5): 3.7/6.3 MB | 3.0/12 MB | 2.2/2.6 MB | 0.6/1.9 MB | 0.3/1.4 MB
2026.05.20 22:55:10 INFO  Progress (5): 3.7/6.3 MB | 3.0/12 MB | 2.2/2.6 MB | 0.7/1.9 MB | 0.3/1.4 MB
2026.05.20 22:55:10 INFO  Progress (5): 3.7/6.3 MB | 3.0/12 MB | 2.2/2.6 MB | 0.7/1.9 MB | 0.3/1.4 MB
2026.05.20 22:55:10 INFO  Progress (5): 3.8/6.3 MB | 3.0/12 MB | 2.2/2.6 MB | 0.7/1.9 MB | 0.3/1.4 MB
2026.05.20 22:55:10 INFO  Progress (5): 3.8/6.3 MB | 3.0/12 MB | 2.2/2.6 MB | 0.7/1.9 MB | 0.3/1.4 MB
2026.05.20 22:55:10 INFO  Progress (5): 3.8/6.3 MB | 3.0/12 MB | 2.2/2.6 MB | 0.7/1.9 MB | 0.3/1.4 MB
2026.05.20 22:55:10 INFO  Progress (5): 3.8/6.3 MB | 3.0/12 MB | 2.2/2.6 MB | 0.7/1.9 MB | 0.3/1.4 MB
2026.05.20 22:55:10 INFO  Progress (5): 3.8/6.3 MB | 3.0/12 MB | 2.2/2.6 MB | 0.7/1.9 MB | 0.3/1.4 MB
2026.05.20 22:55:10 INFO  Progress (5): 3.8/6.3 MB | 3.0/12 MB | 2.2/2.6 MB | 0.7/1.9 MB | 0.3/1.4 MB
2026.05.20 22:55:10 INFO  Progress (5): 3.8/6.3 MB | 3.0/12 MB | 2.2/2.6 MB | 0.7/1.9 MB | 0.3/1.4 MB
2026.05.20 22:55:10 INFO  Progress (5): 3.8/6.3 MB | 3.0/12 MB | 2.2/2.6 MB | 0.7/1.9 MB | 0.3/1.4 MB
2026.05.20 22:55:10 INFO  Progress (5): 3.8/6.3 MB | 3.0/12 MB | 2.2/2.6 MB | 0.7/1.9 MB | 0.3/1.4 MB
2026.05.20 22:55:10 INFO  Progress (5): 3.8/6.3 MB | 3.0/12 MB | 2.2/2.6 MB | 0.7/1.9 MB | 0.3/1.4 MB
2026.05.20 22:55:10 INFO  Progress (5): 3.9/6.3 MB | 3.0/12 MB | 2.2/2.6 MB | 0.7/1.9 MB | 0.3/1.4 MB
2026.05.20 22:55:10 INFO  Progress (5): 3.9/6.3 MB | 3.0/12 MB | 2.2/2.6 MB | 0.7/1.9 MB | 0.3/1.4 MB
2026.05.20 22:55:10 INFO  Progress (5): 3.9/6.3 MB | 3.0/12 MB | 2.2/2.6 MB | 0.7/1.9 MB | 0.3/1.4 MB
2026.05.20 22:55:10 INFO  Progress (5): 3.9/6.3 MB | 3.0/12 MB | 2.2/2.6 MB | 0.7/1.9 MB | 0.3/1.4 MB
2026.05.20 22:55:10 INFO  Progress (5): 3.9/6.3 MB | 3.0/12 MB | 2.2/2.6 MB | 0.7/1.9 MB | 0.4/1.4 MB
2026.05.20 22:55:10 INFO  Progress (5): 3.9/6.3 MB | 3.0/12 MB | 2.2/2.6 MB | 0.7/1.9 MB | 0.4/1.4 MB
2026.05.20 22:55:10 INFO  Progress (5): 3.9/6.3 MB | 3.1/12 MB | 2.2/2.6 MB | 0.7/1.9 MB | 0.4/1.4 MB
2026.05.20 22:55:10 INFO  Progress (5): 3.9/6.3 MB | 3.1/12 MB | 2.2/2.6 MB | 0.7/1.9 MB | 0.4/1.4 MB
2026.05.20 22:55:10 INFO  Progress (5): 3.9/6.3 MB | 3.1/12 MB | 2.2/2.6 MB | 0.7/1.9 MB | 0.4/1.4 MB
2026.05.20 22:55:10 INFO  Progress (5): 3.9/6.3 MB | 3.1/12 MB | 2.2/2.6 MB | 0.7/1.9 MB | 0.4/1.4 MB
2026.05.20 22:55:10 INFO  Progress (5): 3.9/6.3 MB | 3.1/12 MB | 2.2/2.6 MB | 0.7/1.9 MB | 0.4/1.4 MB
2026.05.20 22:55:10 INFO  Progress (5): 3.9/6.3 MB | 3.1/12 MB | 2.2/2.6 MB | 0.7/1.9 MB | 0.4/1.4 MB
2026.05.20 22:55:10 INFO  Progress (5): 3.9/6.3 MB | 3.1/12 MB | 2.2/2.6 MB | 0.7/1.9 MB | 0.4/1.4 MB
2026.05.20 22:55:10 INFO  Progress (5): 3.9/6.3 MB | 3.1/12 MB | 2.2/2.6 MB | 0.7/1.9 MB | 0.4/1.4 MB
2026.05.20 22:55:10 INFO  Progress (5): 3.9/6.3 MB | 3.1/12 MB | 2.2/2.6 MB | 0.7/1.9 MB | 0.4/1.4 MB
2026.05.20 22:55:10 INFO  Progress (5): 3.9/6.3 MB | 3.1/12 MB | 2.2/2.6 MB | 0.7/1.9 MB | 0.4/1.4 MB
2026.05.20 22:55:10 INFO  Progress (5): 3.9/6.3 MB | 3.1/12 MB | 2.2/2.6 MB | 0.7/1.9 MB | 0.4/1.4 MB
2026.05.20 22:55:10 INFO  Progress (5): 3.9/6.3 MB | 3.1/12 MB | 2.2/2.6 MB | 0.7/1.9 MB | 0.4/1.4 MB
2026.05.20 22:55:10 INFO  Progress (5): 3.9/6.3 MB | 3.1/12 MB | 2.2/2.6 MB | 0.7/1.9 MB | 0.4/1.4 MB
2026.05.20 22:55:10 INFO  Progress (5): 3.9/6.3 MB | 3.1/12 MB | 2.2/2.6 MB | 0.7/1.9 MB | 0.4/1.4 MB
2026.05.20 22:55:10 INFO  Progress (5): 3.9/6.3 MB | 3.1/12 MB | 2.2/2.6 MB | 0.7/1.9 MB | 0.4/1.4 MB
2026.05.20 22:55:10 INFO  Progress (5): 3.9/6.3 MB | 3.1/12 MB | 2.2/2.6 MB | 0.7/1.9 MB | 0.4/1.4 MB
2026.05.20 22:55:10 INFO  Progress (5): 3.9/6.3 MB | 3.1/12 MB | 2.2/2.6 MB | 0.8/1.9 MB | 0.4/1.4 MB
2026.05.20 22:55:10 INFO  Progress (5): 3.9/6.3 MB | 3.1/12 MB | 2.2/2.6 MB | 0.8/1.9 MB | 0.4/1.4 MB
2026.05.20 22:55:10 INFO  Progress (5): 3.9/6.3 MB | 3.1/12 MB | 2.2/2.6 MB | 0.8/1.9 MB | 0.4/1.4 MB
2026.05.20 22:55:10 INFO  Progress (5): 3.9/6.3 MB | 3.1/12 MB | 2.2/2.6 MB | 0.8/1.9 MB | 0.5/1.4 MB
2026.05.20 22:55:10 INFO  Progress (5): 3.9/6.3 MB | 3.1/12 MB | 2.2/2.6 MB | 0.8/1.9 MB | 0.5/1.4 MB
2026.05.20 22:55:10 INFO  Progress (5): 3.9/6.3 MB | 3.2/12 MB | 2.2/2.6 MB | 0.8/1.9 MB | 0.5/1.4 MB
2026.05.20 22:55:10 INFO  Progress (5): 3.9/6.3 MB | 3.2/12 MB | 2.2/2.6 MB | 0.8/1.9 MB | 0.5/1.4 MB
2026.05.20 22:55:10 INFO  Progress (5): 3.9/6.3 MB | 3.2/12 MB | 2.2/2.6 MB | 0.8/1.9 MB | 0.5/1.4 MB
2026.05.20 22:55:10 INFO  Progress (5): 3.9/6.3 MB | 3.2/12 MB | 2.2/2.6 MB | 0.8/1.9 MB | 0.5/1.4 MB
2026.05.20 22:55:10 INFO  Progress (5): 3.9/6.3 MB | 3.2/12 MB | 2.2/2.6 MB | 0.8/1.9 MB | 0.5/1.4 MB
2026.05.20 22:55:10 INFO  Progress (5): 3.9/6.3 MB | 3.2/12 MB | 2.2/2.6 MB | 0.8/1.9 MB | 0.5/1.4 MB
2026.05.20 22:55:10 INFO  Progress (5): 3.9/6.3 MB | 3.2/12 MB | 2.2/2.6 MB | 0.8/1.9 MB | 0.5/1.4 MB
2026.05.20 22:55:10 INFO  Progress (5): 3.9/6.3 MB | 3.2/12 MB | 2.2/2.6 MB | 0.8/1.9 MB | 0.5/1.4 MB
2026.05.20 22:55:10 INFO  Progress (5): 3.9/6.3 MB | 3.2/12 MB | 2.2/2.6 MB | 0.8/1.9 MB | 0.5/1.4 MB
2026.05.20 22:55:10 INFO  Progress (5): 3.9/6.3 MB | 3.2/12 MB | 2.2/2.6 MB | 0.8/1.9 MB | 0.5/1.4 MB
2026.05.20 22:55:10 INFO  Progress (5): 3.9/6.3 MB | 3.2/12 MB | 2.3/2.6 MB | 0.8/1.9 MB | 0.5/1.4 MB
2026.05.20 22:55:10 INFO  Progress (5): 3.9/6.3 MB | 3.2/12 MB | 2.3/2.6 MB | 0.8/1.9 MB | 0.5/1.4 MB
2026.05.20 22:55:10 INFO  Progress (5): 3.9/6.3 MB | 3.2/12 MB | 2.3/2.6 MB | 0.8/1.9 MB | 0.5/1.4 MB
2026.05.20 22:55:10 INFO  Progress (5): 3.9/6.3 MB | 3.2/12 MB | 2.3/2.6 MB | 0.8/1.9 MB | 0.5/1.4 MB
2026.05.20 22:55:10 INFO  Progress (5): 3.9/6.3 MB | 3.2/12 MB | 2.3/2.6 MB | 0.8/1.9 MB | 0.5/1.4 MB
2026.05.20 22:55:10 INFO  Progress (5): 3.9/6.3 MB | 3.2/12 MB | 2.3/2.6 MB | 0.8/1.9 MB | 0.5/1.4 MB
2026.05.20 22:55:10 INFO  Progress (5): 3.9/6.3 MB | 3.2/12 MB | 2.3/2.6 MB | 0.8/1.9 MB | 0.5/1.4 MB
2026.05.20 22:55:10 INFO  Progress (5): 3.9/6.3 MB | 3.2/12 MB | 2.3/2.6 MB | 0.8/1.9 MB | 0.5/1.4 MB
2026.05.20 22:55:10 INFO  Progress (5): 3.9/6.3 MB | 3.2/12 MB | 2.3/2.6 MB | 0.8/1.9 MB | 0.5/1.4 MB
2026.05.20 22:55:10 INFO  Progress (5): 3.9/6.3 MB | 3.2/12 MB | 2.3/2.6 MB | 0.8/1.9 MB | 0.5/1.4 MB
2026.05.20 22:55:10 INFO  Progress (5): 3.9/6.3 MB | 3.2/12 MB | 2.3/2.6 MB | 0.8/1.9 MB | 0.5/1.4 MB
2026.05.20 22:55:10 INFO  Progress (5): 3.9/6.3 MB | 3.2/12 MB | 2.3/2.6 MB | 0.8/1.9 MB | 0.5/1.4 MB
2026.05.20 22:55:10 INFO  Progress (5): 3.9/6.3 MB | 3.2/12 MB | 2.3/2.6 MB | 0.8/1.9 MB | 0.5/1.4 MB
2026.05.20 22:55:10 INFO  Progress (5): 3.9/6.3 MB | 3.2/12 MB | 2.3/2.6 MB | 0.8/1.9 MB | 0.5/1.4 MB
2026.05.20 22:55:10 INFO  Progress (5): 3.9/6.3 MB | 3.2/12 MB | 2.3/2.6 MB | 0.8/1.9 MB | 0.5/1.4 MB
2026.05.20 22:55:10 INFO  Progress (5): 4.0/6.3 MB | 3.2/12 MB | 2.3/2.6 MB | 0.8/1.9 MB | 0.5/1.4 MB
2026.05.20 22:55:10 INFO  Progress (5): 4.0/6.3 MB | 3.3/12 MB | 2.3/2.6 MB | 0.8/1.9 MB | 0.5/1.4 MB
2026.05.20 22:55:10 INFO  Progress (5): 4.0/6.3 MB | 3.3/12 MB | 2.3/2.6 MB | 0.8/1.9 MB | 0.5/1.4 MB
2026.05.20 22:55:10 INFO  Progress (5): 4.0/6.3 MB | 3.3/12 MB | 2.3/2.6 MB | 0.8/1.9 MB | 0.6/1.4 MB
2026.05.20 22:55:10 INFO  Progress (5): 4.0/6.3 MB | 3.3/12 MB | 2.3/2.6 MB | 0.8/1.9 MB | 0.6/1.4 MB
2026.05.20 22:55:10 INFO  Progress (5): 4.0/6.3 MB | 3.3/12 MB | 2.3/2.6 MB | 0.8/1.9 MB | 0.6/1.4 MB
2026.05.20 22:55:10 INFO  Progress (5): 4.0/6.3 MB | 3.3/12 MB | 2.3/2.6 MB | 0.8/1.9 MB | 0.6/1.4 MB
2026.05.20 22:55:10 INFO  Progress (5): 4.0/6.3 MB | 3.3/12 MB | 2.3/2.6 MB | 0.8/1.9 MB | 0.6/1.4 MB
2026.05.20 22:55:10 INFO  Progress (5): 4.0/6.3 MB | 3.3/12 MB | 2.3/2.6 MB | 0.8/1.9 MB | 0.6/1.4 MB
2026.05.20 22:55:10 INFO  Progress (5): 4.0/6.3 MB | 3.3/12 MB | 2.3/2.6 MB | 0.8/1.9 MB | 0.6/1.4 MB
2026.05.20 22:55:10 INFO  Progress (5): 4.0/6.3 MB | 3.3/12 MB | 2.3/2.6 MB | 0.8/1.9 MB | 0.6/1.4 MB
2026.05.20 22:55:10 INFO  Progress (5): 4.0/6.3 MB | 3.3/12 MB | 2.3/2.6 MB | 0.8/1.9 MB | 0.6/1.4 MB
2026.05.20 22:55:10 INFO  Progress (5): 4.0/6.3 MB | 3.3/12 MB | 2.3/2.6 MB | 0.8/1.9 MB | 0.6/1.4 MB
2026.05.20 22:55:10 INFO  Progress (5): 4.0/6.3 MB | 3.3/12 MB | 2.3/2.6 MB | 0.9/1.9 MB | 0.6/1.4 MB
2026.05.20 22:55:10 INFO  Progress (5): 4.0/6.3 MB | 3.3/12 MB | 2.3/2.6 MB | 0.9/1.9 MB | 0.6/1.4 MB
2026.05.20 22:55:10 INFO  Progress (5): 4.0/6.3 MB | 3.3/12 MB | 2.3/2.6 MB | 0.9/1.9 MB | 0.6/1.4 MB
2026.05.20 22:55:10 INFO  Progress (5): 4.0/6.3 MB | 3.3/12 MB | 2.3/2.6 MB | 0.9/1.9 MB | 0.6/1.4 MB
2026.05.20 22:55:10 INFO  Progress (5): 4.0/6.3 MB | 3.3/12 MB | 2.3/2.6 MB | 0.9/1.9 MB | 0.6/1.4 MB
2026.05.20 22:55:10 INFO  Progress (5): 4.0/6.3 MB | 3.3/12 MB | 2.3/2.6 MB | 0.9/1.9 MB | 0.6/1.4 MB
2026.05.20 22:55:10 INFO  Progress (5): 4.0/6.3 MB | 3.3/12 MB | 2.4/2.6 MB | 0.9/1.9 MB | 0.6/1.4 MB
2026.05.20 22:55:10 INFO  Progress (5): 4.0/6.3 MB | 3.3/12 MB | 2.4/2.6 MB | 0.9/1.9 MB | 0.6/1.4 MB
2026.05.20 22:55:10 INFO  Progress (5): 4.0/6.3 MB | 3.3/12 MB | 2.4/2.6 MB | 0.9/1.9 MB | 0.6/1.4 MB
2026.05.20 22:55:10 INFO  Progress (5): 4.0/6.3 MB | 3.3/12 MB | 2.4/2.6 MB | 0.9/1.9 MB | 0.6/1.4 MB
2026.05.20 22:55:10 INFO  Progress (5): 4.0/6.3 MB | 3.3/12 MB | 2.4/2.6 MB | 0.9/1.9 MB | 0.6/1.4 MB
2026.05.20 22:55:10 INFO  Progress (5): 4.0/6.3 MB | 3.3/12 MB | 2.4/2.6 MB | 0.9/1.9 MB | 0.6/1.4 MB
2026.05.20 22:55:10 INFO  Progress (5): 4.0/6.3 MB | 3.3/12 MB | 2.4/2.6 MB | 0.9/1.9 MB | 0.7/1.4 MB
2026.05.20 22:55:10 INFO  Progress (5): 4.0/6.3 MB | 3.3/12 MB | 2.4/2.6 MB | 0.9/1.9 MB | 0.7/1.4 MB
2026.05.20 22:55:10 INFO  Progress (5): 4.0/6.3 MB | 3.3/12 MB | 2.4/2.6 MB | 0.9/1.9 MB | 0.7/1.4 MB
2026.05.20 22:55:10 INFO  Progress (5): 4.0/6.3 MB | 3.3/12 MB | 2.4/2.6 MB | 0.9/1.9 MB | 0.7/1.4 MB
2026.05.20 22:55:10 INFO  Progress (5): 4.0/6.3 MB | 3.3/12 MB | 2.4/2.6 MB | 0.9/1.9 MB | 0.7/1.4 MB
2026.05.20 22:55:10 INFO  Progress (5): 4.0/6.3 MB | 3.3/12 MB | 2.4/2.6 MB | 0.9/1.9 MB | 0.7/1.4 MB
2026.05.20 22:55:10 INFO  Progress (5): 4.0/6.3 MB | 3.3/12 MB | 2.5/2.6 MB | 0.9/1.9 MB | 0.7/1.4 MB
2026.05.20 22:55:10 INFO  Progress (5): 4.0/6.3 MB | 3.3/12 MB | 2.5/2.6 MB | 0.9/1.9 MB | 0.7/1.4 MB
2026.05.20 22:55:10 INFO  Progress (5): 4.0/6.3 MB | 3.3/12 MB | 2.5/2.6 MB | 0.9/1.9 MB | 0.7/1.4 MB
2026.05.20 22:55:10 INFO  Progress (5): 4.0/6.3 MB | 3.3/12 MB | 2.5/2.6 MB | 0.9/1.9 MB | 0.7/1.4 MB
2026.05.20 22:55:10 INFO  Progress (5): 4.0/6.3 MB | 3.3/12 MB | 2.5/2.6 MB | 0.9/1.9 MB | 0.7/1.4 MB
2026.05.20 22:55:10 INFO  Progress (5): 4.0/6.3 MB | 3.3/12 MB | 2.5/2.6 MB | 0.9/1.9 MB | 0.7/1.4 MB
2026.05.20 22:55:10 INFO  Progress (5): 4.0/6.3 MB | 3.3/12 MB | 2.5/2.6 MB | 1.0/1.9 MB | 0.7/1.4 MB
2026.05.20 22:55:10 INFO  Progress (5): 4.0/6.3 MB | 3.3/12 MB | 2.5/2.6 MB | 1.0/1.9 MB | 0.7/1.4 MB
2026.05.20 22:55:10 INFO  Progress (5): 4.0/6.3 MB | 3.3/12 MB | 2.5/2.6 MB | 1.0/1.9 MB | 0.7/1.4 MB
2026.05.20 22:55:10 INFO  Progress (5): 4.0/6.3 MB | 3.3/12 MB | 2.5/2.6 MB | 1.0/1.9 MB | 0.7/1.4 MB
2026.05.20 22:55:10 INFO  Progress (5): 4.0/6.3 MB | 3.3/12 MB | 2.5/2.6 MB | 1.0/1.9 MB | 0.7/1.4 MB
2026.05.20 22:55:10 INFO  Progress (5): 4.0/6.3 MB | 3.3/12 MB | 2.5/2.6 MB | 1.0/1.9 MB | 0.7/1.4 MB
2026.05.20 22:55:10 INFO  Progress (5): 4.0/6.3 MB | 3.3/12 MB | 2.5/2.6 MB | 1.0/1.9 MB | 0.7/1.4 MB
2026.05.20 22:55:10 INFO  Progress (5): 4.0/6.3 MB | 3.3/12 MB | 2.5/2.6 MB | 1.0/1.9 MB | 0.7/1.4 MB
2026.05.20 22:55:10 INFO  Progress (5): 4.0/6.3 MB | 3.3/12 MB | 2.5/2.6 MB | 1.0/1.9 MB | 0.7/1.4 MB
2026.05.20 22:55:10 INFO  Progress (5): 4.0/6.3 MB | 3.3/12 MB | 2.6/2.6 MB | 1.0/1.9 MB | 0.7/1.4 MB
2026.05.20 22:55:10 INFO  Progress (5): 4.0/6.3 MB | 3.3/12 MB | 2.6/2.6 MB | 1.0/1.9 MB | 0.7/1.4 MB
2026.05.20 22:55:10 INFO  Progress (5): 4.0/6.3 MB | 3.3/12 MB | 2.6/2.6 MB | 1.0/1.9 MB | 0.7/1.4 MB
2026.05.20 22:55:10 INFO  Progress (5): 4.0/6.3 MB | 3.3/12 MB | 2.6/2.6 MB | 1.0/1.9 MB | 0.7/1.4 MB
2026.05.20 22:55:10 INFO  Progress (5): 4.0/6.3 MB | 3.3/12 MB | 2.6/2.6 MB | 1.0/1.9 MB | 0.7/1.4 MB
2026.05.20 22:55:10 INFO  Progress (5): 4.0/6.3 MB | 3.3/12 MB | 2.6/2.6 MB | 1.0/1.9 MB | 0.7/1.4 MB
2026.05.20 22:55:10 INFO  Progress (5): 4.0/6.3 MB | 3.3/12 MB | 2.6/2.6 MB | 1.0/1.9 MB | 0.7/1.4 MB
2026.05.20 22:55:10 INFO  Progress (5): 4.0/6.3 MB | 3.3/12 MB | 2.6/2.6 MB | 1.0/1.9 MB | 0.7/1.4 MB
2026.05.20 22:55:10 INFO  Progress (5): 4.0/6.3 MB | 3.3/12 MB | 2.6 MB | 1.0/1.9 MB | 0.7/1.4 MB    
2026.05.20 22:55:10 INFO  Progress (5): 4.0/6.3 MB | 3.3/12 MB | 2.6 MB | 1.1/1.9 MB | 0.7/1.4 MB
2026.05.20 22:55:10 INFO                                                                         
2026.05.20 22:55:10 INFO  Downloaded from central: https://repo.maven.apache.org/maven2/org/scala-sbt/zinc-persist-core-assembly/1.8.0/zinc-persist-core-assembly-1.8.0.jar (2.6 MB at 6.5 MB/s)
2026.05.20 22:55:10 INFO  Downloading from central: https://repo.maven.apache.org/maven2/org/scala-sbt/util-logging_2.13/1.8.0/util-logging_2.13-1.8.0.jar
2026.05.20 22:55:10 INFO  Progress (4): 4.1/6.3 MB | 3.3/12 MB | 1.1/1.9 MB | 0.7/1.4 MB
2026.05.20 22:55:10 INFO  Progress (4): 4.1/6.3 MB | 3.3/12 MB | 1.1/1.9 MB | 0.7/1.4 MB
2026.05.20 22:55:10 INFO  Progress (4): 4.1/6.3 MB | 3.3/12 MB | 1.1/1.9 MB | 0.7/1.4 MB
2026.05.20 22:55:10 INFO  Progress (4): 4.1/6.3 MB | 3.4/12 MB | 1.1/1.9 MB | 0.7/1.4 MB
2026.05.20 22:55:10 INFO  Progress (4): 4.1/6.3 MB | 3.4/12 MB | 1.1/1.9 MB | 0.7/1.4 MB
2026.05.20 22:55:10 INFO  Progress (4): 4.1/6.3 MB | 3.4/12 MB | 1.1/1.9 MB | 0.7/1.4 MB
2026.05.20 22:55:10 INFO  Progress (4): 4.1/6.3 MB | 3.4/12 MB | 1.1/1.9 MB | 0.7/1.4 MB
2026.05.20 22:55:10 INFO  Progress (4): 4.1/6.3 MB | 3.4/12 MB | 1.1/1.9 MB | 0.7/1.4 MB
2026.05.20 22:55:10 INFO  Progress (4): 4.1/6.3 MB | 3.4/12 MB | 1.1/1.9 MB | 0.7/1.4 MB
2026.05.20 22:55:10 INFO  Progress (4): 4.1/6.3 MB | 3.4/12 MB | 1.1/1.9 MB | 0.7/1.4 MB
2026.05.20 22:55:10 INFO  Progress (4): 4.1/6.3 MB | 3.4/12 MB | 1.1/1.9 MB | 0.7/1.4 MB
2026.05.20 22:55:10 INFO  Progress (4): 4.1/6.3 MB | 3.4/12 MB | 1.1/1.9 MB | 0.7/1.4 MB
2026.05.20 22:55:10 INFO  Progress (4): 4.1/6.3 MB | 3.4/12 MB | 1.1/1.9 MB | 0.7/1.4 MB
2026.05.20 22:55:10 INFO  Progress (4): 4.1/6.3 MB | 3.4/12 MB | 1.1/1.9 MB | 0.7/1.4 MB
2026.05.20 22:55:10 INFO  Progress (4): 4.1/6.3 MB | 3.4/12 MB | 1.1/1.9 MB | 0.8/1.4 MB
2026.05.20 22:55:10 INFO  Progress (4): 4.1/6.3 MB | 3.4/12 MB | 1.1/1.9 MB | 0.8/1.4 MB
2026.05.20 22:55:10 INFO  Progress (4): 4.1/6.3 MB | 3.4/12 MB | 1.1/1.9 MB | 0.8/1.4 MB
2026.05.20 22:55:10 INFO  Progress (4): 4.1/6.3 MB | 3.4/12 MB | 1.1/1.9 MB | 0.8/1.4 MB
2026.05.20 22:55:10 INFO  Progress (4): 4.1/6.3 MB | 3.4/12 MB | 1.1/1.9 MB | 0.8/1.4 MB
2026.05.20 22:55:10 INFO  Progress (4): 4.1/6.3 MB | 3.4/12 MB | 1.1/1.9 MB | 0.8/1.4 MB
2026.05.20 22:55:10 INFO  Progress (4): 4.1/6.3 MB | 3.4/12 MB | 1.1/1.9 MB | 0.8/1.4 MB
2026.05.20 22:55:10 INFO  Progress (4): 4.2/6.3 MB | 3.4/12 MB | 1.1/1.9 MB | 0.8/1.4 MB
2026.05.20 22:55:10 INFO  Progress (4): 4.2/6.3 MB | 3.4/12 MB | 1.1/1.9 MB | 0.8/1.4 MB
2026.05.20 22:55:10 INFO  Progress (4): 4.2/6.3 MB | 3.4/12 MB | 1.1/1.9 MB | 0.8/1.4 MB
2026.05.20 22:55:10 INFO  Progress (4): 4.2/6.3 MB | 3.4/12 MB | 1.1/1.9 MB | 0.8/1.4 MB
2026.05.20 22:55:10 INFO  Progress (4): 4.2/6.3 MB | 3.4/12 MB | 1.1/1.9 MB | 0.8/1.4 MB
2026.05.20 22:55:10 INFO  Progress (4): 4.2/6.3 MB | 3.4/12 MB | 1.1/1.9 MB | 0.8/1.4 MB
2026.05.20 22:55:10 INFO  Progress (4): 4.2/6.3 MB | 3.4/12 MB | 1.1/1.9 MB | 0.8/1.4 MB
2026.05.20 22:55:10 INFO  Progress (4): 4.2/6.3 MB | 3.4/12 MB | 1.1/1.9 MB | 0.8/1.4 MB
2026.05.20 22:55:10 INFO  Progress (4): 4.2/6.3 MB | 3.4/12 MB | 1.1/1.9 MB | 0.8/1.4 MB
2026.05.20 22:55:10 INFO  Progress (4): 4.3/6.3 MB | 3.4/12 MB | 1.1/1.9 MB | 0.8/1.4 MB
2026.05.20 22:55:10 INFO  Progress (4): 4.3/6.3 MB | 3.4/12 MB | 1.1/1.9 MB | 0.8/1.4 MB
2026.05.20 22:55:10 INFO  Progress (4): 4.3/6.3 MB | 3.4/12 MB | 1.1/1.9 MB | 0.8/1.4 MB
2026.05.20 22:55:10 INFO  Progress (4): 4.3/6.3 MB | 3.4/12 MB | 1.1/1.9 MB | 0.8/1.4 MB
2026.05.20 22:55:10 INFO  Progress (4): 4.3/6.3 MB | 3.4/12 MB | 1.1/1.9 MB | 0.8/1.4 MB
2026.05.20 22:55:10 INFO  Progress (4): 4.3/6.3 MB | 3.4/12 MB | 1.1/1.9 MB | 0.8/1.4 MB
2026.05.20 22:55:10 INFO  Progress (4): 4.3/6.3 MB | 3.4/12 MB | 1.2/1.9 MB | 0.8/1.4 MB
2026.05.20 22:55:10 INFO  Progress (4): 4.3/6.3 MB | 3.4/12 MB | 1.2/1.9 MB | 0.8/1.4 MB
2026.05.20 22:55:10 INFO  Progress (4): 4.3/6.3 MB | 3.4/12 MB | 1.2/1.9 MB | 0.9/1.4 MB
2026.05.20 22:55:10 INFO  Progress (4): 4.3/6.3 MB | 3.4/12 MB | 1.2/1.9 MB | 0.9/1.4 MB
2026.05.20 22:55:10 INFO  Progress (4): 4.3/6.3 MB | 3.4/12 MB | 1.2/1.9 MB | 0.9/1.4 MB
2026.05.20 22:55:10 INFO  Progress (4): 4.3/6.3 MB | 3.5/12 MB | 1.2/1.9 MB | 0.9/1.4 MB
2026.05.20 22:55:10 INFO  Progress (4): 4.3/6.3 MB | 3.5/12 MB | 1.2/1.9 MB | 0.9/1.4 MB
2026.05.20 22:55:10 INFO  Progress (4): 4.3/6.3 MB | 3.5/12 MB | 1.2/1.9 MB | 0.9/1.4 MB
2026.05.20 22:55:10 INFO  Progress (4): 4.3/6.3 MB | 3.5/12 MB | 1.2/1.9 MB | 0.9/1.4 MB
2026.05.20 22:55:10 INFO  Progress (4): 4.3/6.3 MB | 3.5/12 MB | 1.2/1.9 MB | 0.9/1.4 MB
2026.05.20 22:55:10 INFO  Progress (4): 4.3/6.3 MB | 3.5/12 MB | 1.2/1.9 MB | 0.9/1.4 MB
2026.05.20 22:55:10 INFO  Progress (4): 4.4/6.3 MB | 3.5/12 MB | 1.2/1.9 MB | 0.9/1.4 MB
2026.05.20 22:55:10 INFO  Progress (4): 4.4/6.3 MB | 3.5/12 MB | 1.2/1.9 MB | 0.9/1.4 MB
2026.05.20 22:55:10 INFO  Progress (4): 4.4/6.3 MB | 3.5/12 MB | 1.2/1.9 MB | 0.9/1.4 MB
2026.05.20 22:55:10 INFO  Progress (4): 4.4/6.3 MB | 3.5/12 MB | 1.2/1.9 MB | 0.9/1.4 MB
2026.05.20 22:55:10 INFO  Progress (4): 4.4/6.3 MB | 3.5/12 MB | 1.2/1.9 MB | 0.9/1.4 MB
2026.05.20 22:55:10 INFO  Progress (4): 4.4/6.3 MB | 3.5/12 MB | 1.2/1.9 MB | 0.9/1.4 MB
2026.05.20 22:55:10 INFO  Progress (4): 4.4/6.3 MB | 3.5/12 MB | 1.2/1.9 MB | 0.9/1.4 MB
2026.05.20 22:55:10 INFO  Progress (4): 4.4/6.3 MB | 3.5/12 MB | 1.2/1.9 MB | 0.9/1.4 MB
2026.05.20 22:55:10 INFO  Progress (4): 4.4/6.3 MB | 3.5/12 MB | 1.2/1.9 MB | 0.9/1.4 MB
2026.05.20 22:55:10 INFO  Progress (4): 4.4/6.3 MB | 3.5/12 MB | 1.2/1.9 MB | 0.9/1.4 MB
2026.05.20 22:55:10 INFO  Progress (4): 4.4/6.3 MB | 3.5/12 MB | 1.2/1.9 MB | 0.9/1.4 MB
2026.05.20 22:55:10 INFO  Progress (4): 4.4/6.3 MB | 3.5/12 MB | 1.2/1.9 MB | 0.9/1.4 MB
2026.05.20 22:55:10 INFO  Progress (4): 4.4/6.3 MB | 3.5/12 MB | 1.2/1.9 MB | 0.9/1.4 MB
2026.05.20 22:55:10 INFO  Progress (4): 4.4/6.3 MB | 3.5/12 MB | 1.2/1.9 MB | 0.9/1.4 MB
2026.05.20 22:55:10 INFO  Progress (4): 4.4/6.3 MB | 3.6/12 MB | 1.2/1.9 MB | 0.9/1.4 MB
2026.05.20 22:55:10 INFO  Progress (4): 4.4/6.3 MB | 3.6/12 MB | 1.2/1.9 MB | 0.9/1.4 MB
2026.05.20 22:55:10 INFO  Progress (4): 4.4/6.3 MB | 3.6/12 MB | 1.3/1.9 MB | 0.9/1.4 MB
2026.05.20 22:55:10 INFO  Progress (4): 4.4/6.3 MB | 3.6/12 MB | 1.3/1.9 MB | 0.9/1.4 MB
2026.05.20 22:55:10 INFO  Progress (4): 4.4/6.3 MB | 3.6/12 MB | 1.3/1.9 MB | 0.9/1.4 MB
2026.05.20 22:55:10 INFO  Progress (4): 4.4/6.3 MB | 3.6/12 MB | 1.3/1.9 MB | 0.9/1.4 MB
2026.05.20 22:55:10 INFO  Progress (4): 4.4/6.3 MB | 3.6/12 MB | 1.3/1.9 MB | 0.9/1.4 MB
2026.05.20 22:55:10 INFO  Progress (4): 4.5/6.3 MB | 3.6/12 MB | 1.3/1.9 MB | 0.9/1.4 MB
2026.05.20 22:55:10 INFO  Progress (4): 4.5/6.3 MB | 3.6/12 MB | 1.3/1.9 MB | 0.9/1.4 MB
2026.05.20 22:55:10 INFO  Progress (4): 4.5/6.3 MB | 3.6/12 MB | 1.3/1.9 MB | 1.0/1.4 MB
2026.05.20 22:55:10 INFO  Progress (4): 4.5/6.3 MB | 3.6/12 MB | 1.3/1.9 MB | 1.0/1.4 MB
2026.05.20 22:55:10 INFO  Progress (4): 4.5/6.3 MB | 3.6/12 MB | 1.3/1.9 MB | 1.0/1.4 MB
2026.05.20 22:55:10 INFO  Progress (4): 4.5/6.3 MB | 3.6/12 MB | 1.3/1.9 MB | 1.0/1.4 MB
2026.05.20 22:55:10 INFO  Progress (4): 4.5/6.3 MB | 3.6/12 MB | 1.3/1.9 MB | 1.0/1.4 MB
2026.05.20 22:55:10 INFO  Progress (4): 4.5/6.3 MB | 3.6/12 MB | 1.3/1.9 MB | 1.0/1.4 MB
2026.05.20 22:55:10 INFO  Progress (4): 4.5/6.3 MB | 3.7/12 MB | 1.3/1.9 MB | 1.0/1.4 MB
2026.05.20 22:55:10 INFO  Progress (4): 4.5/6.3 MB | 3.7/12 MB | 1.3/1.9 MB | 1.0/1.4 MB
2026.05.20 22:55:10 INFO  Progress (4): 4.5/6.3 MB | 3.7/12 MB | 1.3/1.9 MB | 1.0/1.4 MB
2026.05.20 22:55:10 INFO  Progress (4): 4.5/6.3 MB | 3.7/12 MB | 1.3/1.9 MB | 1.0/1.4 MB
2026.05.20 22:55:10 INFO  Progress (4): 4.5/6.3 MB | 3.7/12 MB | 1.3/1.9 MB | 1.0/1.4 MB
2026.05.20 22:55:10 INFO  Progress (4): 4.5/6.3 MB | 3.7/12 MB | 1.3/1.9 MB | 1.0/1.4 MB
2026.05.20 22:55:10 INFO  Progress (4): 4.5/6.3 MB | 3.7/12 MB | 1.3/1.9 MB | 1.0/1.4 MB
2026.05.20 22:55:10 INFO  Progress (4): 4.5/6.3 MB | 3.7/12 MB | 1.3/1.9 MB | 1.0/1.4 MB
2026.05.20 22:55:10 INFO  Progress (4): 4.5/6.3 MB | 3.7/12 MB | 1.3/1.9 MB | 1.0/1.4 MB
2026.05.20 22:55:10 INFO  Progress (4): 4.5/6.3 MB | 3.7/12 MB | 1.3/1.9 MB | 1.0/1.4 MB
2026.05.20 22:55:10 INFO  Progress (4): 4.5/6.3 MB | 3.7/12 MB | 1.3/1.9 MB | 1.0/1.4 MB
2026.05.20 22:55:10 INFO  Progress (4): 4.5/6.3 MB | 3.7/12 MB | 1.3/1.9 MB | 1.0/1.4 MB
2026.05.20 22:55:10 INFO  Progress (4): 4.5/6.3 MB | 3.7/12 MB | 1.3/1.9 MB | 1.0/1.4 MB
2026.05.20 22:55:10 INFO  Progress (4): 4.5/6.3 MB | 3.7/12 MB | 1.3/1.9 MB | 1.0/1.4 MB
2026.05.20 22:55:10 INFO  Progress (4): 4.5/6.3 MB | 3.7/12 MB | 1.4/1.9 MB | 1.0/1.4 MB
2026.05.20 22:55:10 INFO  Progress (4): 4.5/6.3 MB | 3.7/12 MB | 1.4/1.9 MB | 1.0/1.4 MB
2026.05.20 22:55:10 INFO  Progress (4): 4.5/6.3 MB | 3.7/12 MB | 1.4/1.9 MB | 1.0/1.4 MB
2026.05.20 22:55:10 INFO  Progress (4): 4.5/6.3 MB | 3.7/12 MB | 1.4/1.9 MB | 1.0/1.4 MB
2026.05.20 22:55:10 INFO  Progress (4): 4.5/6.3 MB | 3.7/12 MB | 1.4/1.9 MB | 1.0/1.4 MB
2026.05.20 22:55:10 INFO  Progress (4): 4.5/6.3 MB | 3.7/12 MB | 1.4/1.9 MB | 1.0/1.4 MB
2026.05.20 22:55:10 INFO  Progress (4): 4.5/6.3 MB | 3.7/12 MB | 1.4/1.9 MB | 1.0/1.4 MB
2026.05.20 22:55:10 INFO  Progress (4): 4.5/6.3 MB | 3.8/12 MB | 1.4/1.9 MB | 1.0/1.4 MB
2026.05.20 22:55:10 INFO  Progress (4): 4.5/6.3 MB | 3.8/12 MB | 1.4/1.9 MB | 1.0/1.4 MB
2026.05.20 22:55:10 INFO  Progress (4): 4.5/6.3 MB | 3.8/12 MB | 1.4/1.9 MB | 1.0/1.4 MB
2026.05.20 22:55:10 INFO  Progress (4): 4.5/6.3 MB | 3.8/12 MB | 1.4/1.9 MB | 1.0/1.4 MB
2026.05.20 22:55:10 INFO  Progress (4): 4.5/6.3 MB | 3.8/12 MB | 1.4/1.9 MB | 1.0/1.4 MB
2026.05.20 22:55:10 INFO  Progress (4): 4.5/6.3 MB | 3.8/12 MB | 1.4/1.9 MB | 1.0/1.4 MB
2026.05.20 22:55:10 INFO  Progress (4): 4.5/6.3 MB | 3.8/12 MB | 1.4/1.9 MB | 1.0/1.4 MB
2026.05.20 22:55:10 INFO  Progress (4): 4.5/6.3 MB | 3.8/12 MB | 1.4/1.9 MB | 1.0/1.4 MB
2026.05.20 22:55:10 INFO  Progress (4): 4.5/6.3 MB | 3.8/12 MB | 1.4/1.9 MB | 1.0/1.4 MB
2026.05.20 22:55:10 INFO  Progress (4): 4.5/6.3 MB | 3.9/12 MB | 1.4/1.9 MB | 1.0/1.4 MB
2026.05.20 22:55:10 INFO  Progress (4): 4.5/6.3 MB | 3.9/12 MB | 1.5/1.9 MB | 1.0/1.4 MB
2026.05.20 22:55:10 INFO  Progress (4): 4.5/6.3 MB | 3.9/12 MB | 1.5/1.9 MB | 1.0/1.4 MB
2026.05.20 22:55:10 INFO  Progress (4): 4.5/6.3 MB | 3.9/12 MB | 1.5/1.9 MB | 1.0/1.4 MB
2026.05.20 22:55:10 INFO  Progress (4): 4.5/6.3 MB | 3.9/12 MB | 1.5/1.9 MB | 1.0/1.4 MB
2026.05.20 22:55:10 INFO  Progress (4): 4.5/6.3 MB | 3.9/12 MB | 1.5/1.9 MB | 1.0/1.4 MB
2026.05.20 22:55:10 INFO  Progress (4): 4.5/6.3 MB | 3.9/12 MB | 1.5/1.9 MB | 1.0/1.4 MB
2026.05.20 22:55:10 INFO  Progress (4): 4.5/6.3 MB | 3.9/12 MB | 1.5/1.9 MB | 1.0/1.4 MB
2026.05.20 22:55:10 INFO  Progress (4): 4.5/6.3 MB | 3.9/12 MB | 1.5/1.9 MB | 1.0/1.4 MB
2026.05.20 22:55:10 INFO  Progress (4): 4.6/6.3 MB | 3.9/12 MB | 1.5/1.9 MB | 1.0/1.4 MB
2026.05.20 22:55:10 INFO  Progress (4): 4.6/6.3 MB | 3.9/12 MB | 1.5/1.9 MB | 1.1/1.4 MB
2026.05.20 22:55:10 INFO  Progress (4): 4.6/6.3 MB | 3.9/12 MB | 1.5/1.9 MB | 1.1/1.4 MB
2026.05.20 22:55:10 INFO  Progress (4): 4.6/6.3 MB | 3.9/12 MB | 1.5/1.9 MB | 1.1/1.4 MB
2026.05.20 22:55:10 INFO  Progress (4): 4.6/6.3 MB | 3.9/12 MB | 1.5/1.9 MB | 1.1/1.4 MB
2026.05.20 22:55:10 INFO  Progress (4): 4.6/6.3 MB | 3.9/12 MB | 1.5/1.9 MB | 1.1/1.4 MB
2026.05.20 22:55:10 INFO  Progress (4): 4.6/6.3 MB | 3.9/12 MB | 1.5/1.9 MB | 1.1/1.4 MB
2026.05.20 22:55:10 INFO  Progress (4): 4.6/6.3 MB | 3.9/12 MB | 1.5/1.9 MB | 1.1/1.4 MB
2026.05.20 22:55:10 INFO  Progress (4): 4.6/6.3 MB | 3.9/12 MB | 1.5/1.9 MB | 1.1/1.4 MB
2026.05.20 22:55:10 INFO  Progress (4): 4.6/6.3 MB | 3.9/12 MB | 1.5/1.9 MB | 1.1/1.4 MB
2026.05.20 22:55:10 INFO  Progress (4): 4.6/6.3 MB | 3.9/12 MB | 1.5/1.9 MB | 1.1/1.4 MB
2026.05.20 22:55:10 INFO  Progress (4): 4.6/6.3 MB | 4.0/12 MB | 1.5/1.9 MB | 1.1/1.4 MB
2026.05.20 22:55:10 INFO  Progress (4): 4.6/6.3 MB | 4.0/12 MB | 1.5/1.9 MB | 1.1/1.4 MB
2026.05.20 22:55:10 INFO  Progress (4): 4.6/6.3 MB | 4.0/12 MB | 1.5/1.9 MB | 1.1/1.4 MB
2026.05.20 22:55:10 INFO  Progress (4): 4.6/6.3 MB | 4.0/12 MB | 1.6/1.9 MB | 1.1/1.4 MB
2026.05.20 22:55:10 INFO  Progress (4): 4.6/6.3 MB | 4.0/12 MB | 1.6/1.9 MB | 1.1/1.4 MB
2026.05.20 22:55:10 INFO  Progress (4): 4.6/6.3 MB | 4.0/12 MB | 1.6/1.9 MB | 1.1/1.4 MB
2026.05.20 22:55:10 INFO  Progress (4): 4.6/6.3 MB | 4.0/12 MB | 1.6/1.9 MB | 1.1/1.4 MB
2026.05.20 22:55:10 INFO  Progress (4): 4.7/6.3 MB | 4.0/12 MB | 1.6/1.9 MB | 1.1/1.4 MB
2026.05.20 22:55:10 INFO  Progress (4): 4.7/6.3 MB | 4.0/12 MB | 1.6/1.9 MB | 1.1/1.4 MB
2026.05.20 22:55:10 INFO  Progress (4): 4.7/6.3 MB | 4.0/12 MB | 1.6/1.9 MB | 1.1/1.4 MB
2026.05.20 22:55:10 INFO  Progress (4): 4.7/6.3 MB | 4.0/12 MB | 1.6/1.9 MB | 1.1/1.4 MB
2026.05.20 22:55:10 INFO  Progress (4): 4.7/6.3 MB | 4.0/12 MB | 1.6/1.9 MB | 1.1/1.4 MB
2026.05.20 22:55:10 INFO  Progress (4): 4.7/6.3 MB | 4.0/12 MB | 1.6/1.9 MB | 1.1/1.4 MB
2026.05.20 22:55:10 INFO  Progress (4): 4.7/6.3 MB | 4.0/12 MB | 1.6/1.9 MB | 1.1/1.4 MB
2026.05.20 22:55:10 INFO  Progress (4): 4.7/6.3 MB | 4.0/12 MB | 1.6/1.9 MB | 1.1/1.4 MB
2026.05.20 22:55:10 INFO  Progress (4): 4.7/6.3 MB | 4.0/12 MB | 1.6/1.9 MB | 1.1/1.4 MB
2026.05.20 22:55:10 INFO  Progress (4): 4.7/6.3 MB | 4.0/12 MB | 1.6/1.9 MB | 1.1/1.4 MB
2026.05.20 22:55:10 INFO  Progress (4): 4.7/6.3 MB | 4.1/12 MB | 1.6/1.9 MB | 1.1/1.4 MB
2026.05.20 22:55:10 INFO  Progress (4): 4.7/6.3 MB | 4.1/12 MB | 1.6/1.9 MB | 1.1/1.4 MB
2026.05.20 22:55:10 INFO  Progress (4): 4.7/6.3 MB | 4.1/12 MB | 1.6/1.9 MB | 1.1/1.4 MB
2026.05.20 22:55:10 INFO  Progress (4): 4.7/6.3 MB | 4.1/12 MB | 1.6/1.9 MB | 1.1/1.4 MB
2026.05.20 22:55:10 INFO  Progress (4): 4.7/6.3 MB | 4.1/12 MB | 1.6/1.9 MB | 1.1/1.4 MB
2026.05.20 22:55:10 INFO  Progress (4): 4.7/6.3 MB | 4.1/12 MB | 1.6/1.9 MB | 1.1/1.4 MB
2026.05.20 22:55:10 INFO  Progress (4): 4.7/6.3 MB | 4.1/12 MB | 1.6/1.9 MB | 1.1/1.4 MB
2026.05.20 22:55:10 INFO  Progress (4): 4.7/6.3 MB | 4.1/12 MB | 1.6/1.9 MB | 1.1/1.4 MB
2026.05.20 22:55:10 INFO  Progress (4): 4.7/6.3 MB | 4.1/12 MB | 1.7/1.9 MB | 1.1/1.4 MB
2026.05.20 22:55:10 INFO  Progress (4): 4.7/6.3 MB | 4.1/12 MB | 1.7/1.9 MB | 1.1/1.4 MB
2026.05.20 22:55:10 INFO  Progress (4): 4.8/6.3 MB | 4.1/12 MB | 1.7/1.9 MB | 1.1/1.4 MB
2026.05.20 22:55:10 INFO  Progress (4): 4.8/6.3 MB | 4.1/12 MB | 1.7/1.9 MB | 1.1/1.4 MB
2026.05.20 22:55:10 INFO  Progress (4): 4.8/6.3 MB | 4.1/12 MB | 1.7/1.9 MB | 1.1/1.4 MB
2026.05.20 22:55:10 INFO  Progress (4): 4.8/6.3 MB | 4.1/12 MB | 1.7/1.9 MB | 1.1/1.4 MB
2026.05.20 22:55:10 INFO  Progress (4): 4.8/6.3 MB | 4.1/12 MB | 1.7/1.9 MB | 1.1/1.4 MB
2026.05.20 22:55:10 INFO  Progress (4): 4.8/6.3 MB | 4.1/12 MB | 1.7/1.9 MB | 1.1/1.4 MB
2026.05.20 22:55:10 INFO  Progress (4): 4.8/6.3 MB | 4.1/12 MB | 1.7/1.9 MB | 1.1/1.4 MB
2026.05.20 22:55:10 INFO  Progress (4): 4.8/6.3 MB | 4.1/12 MB | 1.7/1.9 MB | 1.1/1.4 MB
2026.05.20 22:55:10 INFO  Progress (4): 4.8/6.3 MB | 4.2/12 MB | 1.7/1.9 MB | 1.1/1.4 MB
2026.05.20 22:55:10 INFO  Progress (4): 4.8/6.3 MB | 4.2/12 MB | 1.7/1.9 MB | 1.1/1.4 MB
2026.05.20 22:55:10 INFO  Progress (4): 4.8/6.3 MB | 4.2/12 MB | 1.7/1.9 MB | 1.1/1.4 MB
2026.05.20 22:55:10 INFO  Progress (4): 4.8/6.3 MB | 4.2/12 MB | 1.7/1.9 MB | 1.1/1.4 MB
2026.05.20 22:55:10 INFO  Progress (4): 4.8/6.3 MB | 4.2/12 MB | 1.7/1.9 MB | 1.1/1.4 MB
2026.05.20 22:55:10 INFO  Progress (4): 4.8/6.3 MB | 4.2/12 MB | 1.7/1.9 MB | 1.1/1.4 MB
2026.05.20 22:55:10 INFO  Progress (4): 4.8/6.3 MB | 4.2/12 MB | 1.7/1.9 MB | 1.1/1.4 MB
2026.05.20 22:55:10 INFO  Progress (4): 4.8/6.3 MB | 4.2/12 MB | 1.7/1.9 MB | 1.1/1.4 MB
2026.05.20 22:55:10 INFO  Progress (4): 4.8/6.3 MB | 4.2/12 MB | 1.7/1.9 MB | 1.1/1.4 MB
2026.05.20 22:55:10 INFO  Progress (4): 4.8/6.3 MB | 4.2/12 MB | 1.7/1.9 MB | 1.1/1.4 MB
2026.05.20 22:55:10 INFO  Progress (4): 4.8/6.3 MB | 4.2/12 MB | 1.7/1.9 MB | 1.1/1.4 MB
2026.05.20 22:55:10 INFO  Progress (4): 4.8/6.3 MB | 4.2/12 MB | 1.7/1.9 MB | 1.1/1.4 MB
2026.05.20 22:55:10 INFO  Progress (5): 4.8/6.3 MB | 4.2/12 MB | 1.7/1.9 MB | 1.1/1.4 MB | 7.7/463 kB
2026.05.20 22:55:10 INFO  Progress (5): 4.8/6.3 MB | 4.2/12 MB | 1.7/1.9 MB | 1.1/1.4 MB | 16/463 kB 
2026.05.20 22:55:10 INFO  Progress (5): 4.8/6.3 MB | 4.2/12 MB | 1.8/1.9 MB | 1.1/1.4 MB | 16/463 kB
2026.05.20 22:55:10 INFO  Progress (5): 4.8/6.3 MB | 4.2/12 MB | 1.8/1.9 MB | 1.1/1.4 MB | 16/463 kB
2026.05.20 22:55:10 INFO  Progress (5): 4.8/6.3 MB | 4.2/12 MB | 1.8/1.9 MB | 1.1/1.4 MB | 25/463 kB
2026.05.20 22:55:10 INFO  Progress (5): 4.8/6.3 MB | 4.3/12 MB | 1.8/1.9 MB | 1.1/1.4 MB | 25/463 kB
2026.05.20 22:55:10 INFO  Progress (5): 4.8/6.3 MB | 4.3/12 MB | 1.8/1.9 MB | 1.1/1.4 MB | 25/463 kB
2026.05.20 22:55:10 INFO  Progress (5): 4.8/6.3 MB | 4.3/12 MB | 1.8/1.9 MB | 1.1/1.4 MB | 25/463 kB
2026.05.20 22:55:10 INFO  Progress (5): 4.9/6.3 MB | 4.3/12 MB | 1.8/1.9 MB | 1.1/1.4 MB | 25/463 kB
2026.05.20 22:55:10 INFO  Progress (5): 4.9/6.3 MB | 4.3/12 MB | 1.8/1.9 MB | 1.1/1.4 MB | 41/463 kB
2026.05.20 22:55:10 INFO  Progress (5): 4.9/6.3 MB | 4.3/12 MB | 1.8/1.9 MB | 1.1/1.4 MB | 41/463 kB
2026.05.20 22:55:10 INFO  Progress (5): 4.9/6.3 MB | 4.3/12 MB | 1.8/1.9 MB | 1.1/1.4 MB | 41/463 kB
2026.05.20 22:55:10 INFO  Progress (5): 4.9/6.3 MB | 4.3/12 MB | 1.8/1.9 MB | 1.1/1.4 MB | 41/463 kB
2026.05.20 22:55:10 INFO  Progress (5): 4.9/6.3 MB | 4.3/12 MB | 1.8/1.9 MB | 1.1/1.4 MB | 41/463 kB
2026.05.20 22:55:10 INFO  Progress (5): 4.9/6.3 MB | 4.3/12 MB | 1.8/1.9 MB | 1.1/1.4 MB | 57/463 kB
2026.05.20 22:55:10 INFO  Progress (5): 4.9/6.3 MB | 4.3/12 MB | 1.8/1.9 MB | 1.1/1.4 MB | 57/463 kB
2026.05.20 22:55:10 INFO  Progress (5): 4.9/6.3 MB | 4.3/12 MB | 1.8/1.9 MB | 1.1/1.4 MB | 57/463 kB
2026.05.20 22:55:10 INFO  Progress (5): 4.9/6.3 MB | 4.3/12 MB | 1.8/1.9 MB | 1.1/1.4 MB | 57/463 kB
2026.05.20 22:55:10 INFO  Progress (5): 4.9/6.3 MB | 4.3/12 MB | 1.8/1.9 MB | 1.1/1.4 MB | 57/463 kB
2026.05.20 22:55:10 INFO  Progress (5): 4.9/6.3 MB | 4.3/12 MB | 1.8/1.9 MB | 1.1/1.4 MB | 57/463 kB
2026.05.20 22:55:10 INFO  Progress (5): 4.9/6.3 MB | 4.3/12 MB | 1.8/1.9 MB | 1.1/1.4 MB | 57/463 kB
2026.05.20 22:55:10 INFO  Progress (5): 4.9/6.3 MB | 4.3/12 MB | 1.8/1.9 MB | 1.1/1.4 MB | 57/463 kB
2026.05.20 22:55:10 INFO  Progress (5): 4.9/6.3 MB | 4.4/12 MB | 1.8/1.9 MB | 1.1/1.4 MB | 57/463 kB
2026.05.20 22:55:10 INFO  Progress (5): 4.9/6.3 MB | 4.4/12 MB | 1.8/1.9 MB | 1.2/1.4 MB | 57/463 kB
2026.05.20 22:55:10 INFO  Progress (5): 4.9/6.3 MB | 4.4/12 MB | 1.8/1.9 MB | 1.2/1.4 MB | 74/463 kB
2026.05.20 22:55:10 INFO  Progress (5): 4.9/6.3 MB | 4.4/12 MB | 1.8/1.9 MB | 1.2/1.4 MB | 74/463 kB
2026.05.20 22:55:10 INFO  Progress (5): 4.9/6.3 MB | 4.4/12 MB | 1.8/1.9 MB | 1.2/1.4 MB | 90/463 kB
2026.05.20 22:55:10 INFO  Progress (5): 4.9/6.3 MB | 4.4/12 MB | 1.8/1.9 MB | 1.2/1.4 MB | 106/463 kB
2026.05.20 22:55:10 INFO  Progress (5): 4.9/6.3 MB | 4.4/12 MB | 1.8/1.9 MB | 1.2/1.4 MB | 106/463 kB
2026.05.20 22:55:10 INFO  Progress (5): 4.9/6.3 MB | 4.4/12 MB | 1.8/1.9 MB | 1.2/1.4 MB | 106/463 kB
2026.05.20 22:55:10 INFO  Progress (5): 4.9/6.3 MB | 4.4/12 MB | 1.8/1.9 MB | 1.2/1.4 MB | 106/463 kB
2026.05.20 22:55:10 INFO  Progress (5): 4.9/6.3 MB | 4.4/12 MB | 1.8/1.9 MB | 1.2/1.4 MB | 106/463 kB
2026.05.20 22:55:10 INFO  Progress (5): 4.9/6.3 MB | 4.4/12 MB | 1.8/1.9 MB | 1.2/1.4 MB | 123/463 kB
2026.05.20 22:55:10 INFO  Progress (5): 4.9/6.3 MB | 4.4/12 MB | 1.8/1.9 MB | 1.2/1.4 MB | 131/463 kB
2026.05.20 22:55:10 INFO  Progress (5): 4.9/6.3 MB | 4.4/12 MB | 1.8/1.9 MB | 1.2/1.4 MB | 131/463 kB
2026.05.20 22:55:10 INFO  Progress (5): 4.9/6.3 MB | 4.4/12 MB | 1.9/1.9 MB | 1.2/1.4 MB | 131/463 kB
2026.05.20 22:55:10 INFO  Progress (5): 4.9/6.3 MB | 4.4/12 MB | 1.9/1.9 MB | 1.2/1.4 MB | 139/463 kB
2026.05.20 22:55:10 INFO  Progress (5): 4.9/6.3 MB | 4.4/12 MB | 1.9 MB | 1.2/1.4 MB | 139/463 kB    
2026.05.20 22:55:10 INFO  Progress (5): 4.9/6.3 MB | 4.4/12 MB | 1.9 MB | 1.2/1.4 MB | 139/463 kB
2026.05.20 22:55:10 INFO  Progress (5): 4.9/6.3 MB | 4.4/12 MB | 1.9 MB | 1.2/1.4 MB | 139/463 kB
2026.05.20 22:55:10 INFO  Progress (5): 4.9/6.3 MB | 4.4/12 MB | 1.9 MB | 1.2/1.4 MB | 156/463 kB
2026.05.20 22:55:10 INFO  Progress (5): 4.9/6.3 MB | 4.5/12 MB | 1.9 MB | 1.2/1.4 MB | 156/463 kB
2026.05.20 22:55:10 INFO  Progress (5): 4.9/6.3 MB | 4.5/12 MB | 1.9 MB | 1.2/1.4 MB | 156/463 kB
2026.05.20 22:55:10 INFO  Progress (5): 4.9/6.3 MB | 4.5/12 MB | 1.9 MB | 1.2/1.4 MB | 172/463 kB
2026.05.20 22:55:10 INFO  Progress (5): 4.9/6.3 MB | 4.5/12 MB | 1.9 MB | 1.2/1.4 MB | 172/463 kB
2026.05.20 22:55:10 INFO  Progress (5): 5.0/6.3 MB | 4.5/12 MB | 1.9 MB | 1.2/1.4 MB | 172/463 kB
2026.05.20 22:55:10 INFO  Progress (5): 5.0/6.3 MB | 4.5/12 MB | 1.9 MB | 1.2/1.4 MB | 188/463 kB
2026.05.20 22:55:10 INFO  Progress (5): 5.0/6.3 MB | 4.5/12 MB | 1.9 MB | 1.2/1.4 MB | 188/463 kB
2026.05.20 22:55:10 INFO  Progress (5): 5.0/6.3 MB | 4.5/12 MB | 1.9 MB | 1.2/1.4 MB | 188/463 kB
2026.05.20 22:55:10 INFO  Progress (5): 5.0/6.3 MB | 4.5/12 MB | 1.9 MB | 1.2/1.4 MB | 205/463 kB
2026.05.20 22:55:10 INFO  Progress (5): 5.0/6.3 MB | 4.5/12 MB | 1.9 MB | 1.2/1.4 MB | 205/463 kB
2026.05.20 22:55:10 INFO  Progress (5): 5.0/6.3 MB | 4.5/12 MB | 1.9 MB | 1.2/1.4 MB | 221/463 kB
2026.05.20 22:55:10 INFO  Progress (5): 5.0/6.3 MB | 4.5/12 MB | 1.9 MB | 1.2/1.4 MB | 221/463 kB
2026.05.20 22:55:10 INFO                                                                         
2026.05.20 22:55:10 INFO  Downloaded from central: https://repo.maven.apache.org/maven2/net/java/dev/jna/jna/5.12.0/jna-5.12.0.jar (1.9 MB at 3.7 MB/s)
2026.05.20 22:55:10 INFO  Downloading from central: https://repo.maven.apache.org/maven2/org/scala-sbt/collections_2.13/1.8.0/collections_2.13-1.8.0.jar
2026.05.20 22:55:10 INFO  Progress (4): 5.0/6.3 MB | 4.5/12 MB | 1.2/1.4 MB | 221/463 kB
2026.05.20 22:55:10 INFO  Progress (4): 5.0/6.3 MB | 4.5/12 MB | 1.2/1.4 MB | 221/463 kB
2026.05.20 22:55:10 INFO  Progress (4): 5.0/6.3 MB | 4.5/12 MB | 1.2/1.4 MB | 238/463 kB
2026.05.20 22:55:10 INFO  Progress (4): 5.0/6.3 MB | 4.5/12 MB | 1.2/1.4 MB | 238/463 kB
2026.05.20 22:55:10 INFO  Progress (4): 5.0/6.3 MB | 4.5/12 MB | 1.2/1.4 MB | 238/463 kB
2026.05.20 22:55:10 INFO  Progress (4): 5.0/6.3 MB | 4.5/12 MB | 1.2/1.4 MB | 254/463 kB
2026.05.20 22:55:10 INFO  Progress (4): 5.0/6.3 MB | 4.5/12 MB | 1.2/1.4 MB | 254/463 kB
2026.05.20 22:55:10 INFO  Progress (4): 5.0/6.3 MB | 4.6/12 MB | 1.2/1.4 MB | 254/463 kB
2026.05.20 22:55:10 INFO  Progress (4): 5.0/6.3 MB | 4.6/12 MB | 1.2/1.4 MB | 270/463 kB
2026.05.20 22:55:10 INFO  Progress (4): 5.0/6.3 MB | 4.6/12 MB | 1.2/1.4 MB | 270/463 kB
2026.05.20 22:55:10 INFO  Progress (4): 5.0/6.3 MB | 4.6/12 MB | 1.2/1.4 MB | 270/463 kB
2026.05.20 22:55:10 INFO  Progress (4): 5.0/6.3 MB | 4.6/12 MB | 1.2/1.4 MB | 279/463 kB
2026.05.20 22:55:10 INFO  Progress (4): 5.0/6.3 MB | 4.6/12 MB | 1.2/1.4 MB | 279/463 kB
2026.05.20 22:55:10 INFO  Progress (4): 5.0/6.3 MB | 4.6/12 MB | 1.2/1.4 MB | 279/463 kB
2026.05.20 22:55:10 INFO  Progress (4): 5.1/6.3 MB | 4.6/12 MB | 1.2/1.4 MB | 279/463 kB
2026.05.20 22:55:10 INFO  Progress (4): 5.1/6.3 MB | 4.6/12 MB | 1.2/1.4 MB | 287/463 kB
2026.05.20 22:55:10 INFO  Progress (4): 5.1/6.3 MB | 4.6/12 MB | 1.2/1.4 MB | 287/463 kB
2026.05.20 22:55:10 INFO  Progress (4): 5.1/6.3 MB | 4.6/12 MB | 1.2/1.4 MB | 287/463 kB
2026.05.20 22:55:10 INFO  Progress (4): 5.1/6.3 MB | 4.6/12 MB | 1.2/1.4 MB | 287/463 kB
2026.05.20 22:55:10 INFO  Progress (4): 5.1/6.3 MB | 4.6/12 MB | 1.2/1.4 MB | 303/463 kB
2026.05.20 22:55:10 INFO  Progress (4): 5.1/6.3 MB | 4.6/12 MB | 1.2/1.4 MB | 303/463 kB
2026.05.20 22:55:10 INFO  Progress (4): 5.1/6.3 MB | 4.6/12 MB | 1.2/1.4 MB | 303/463 kB
2026.05.20 22:55:10 INFO  Progress (4): 5.1/6.3 MB | 4.6/12 MB | 1.2/1.4 MB | 303/463 kB
2026.05.20 22:55:10 INFO  Progress (4): 5.1/6.3 MB | 4.6/12 MB | 1.2/1.4 MB | 319/463 kB
2026.05.20 22:55:10 INFO  Progress (4): 5.1/6.3 MB | 4.6/12 MB | 1.2/1.4 MB | 319/463 kB
2026.05.20 22:55:10 INFO  Progress (4): 5.1/6.3 MB | 4.6/12 MB | 1.2/1.4 MB | 319/463 kB
2026.05.20 22:55:10 INFO  Progress (4): 5.1/6.3 MB | 4.6/12 MB | 1.2/1.4 MB | 336/463 kB
2026.05.20 22:55:10 INFO  Progress (4): 5.1/6.3 MB | 4.6/12 MB | 1.2/1.4 MB | 336/463 kB
2026.05.20 22:55:10 INFO  Progress (4): 5.1/6.3 MB | 4.6/12 MB | 1.2/1.4 MB | 336/463 kB
2026.05.20 22:55:10 INFO  Progress (4): 5.1/6.3 MB | 4.6/12 MB | 1.2/1.4 MB | 352/463 kB
2026.05.20 22:55:10 INFO  Progress (4): 5.1/6.3 MB | 4.7/12 MB | 1.2/1.4 MB | 352/463 kB
2026.05.20 22:55:10 INFO  Progress (4): 5.1/6.3 MB | 4.7/12 MB | 1.2/1.4 MB | 352/463 kB
2026.05.20 22:55:10 INFO  Progress (4): 5.1/6.3 MB | 4.7/12 MB | 1.2/1.4 MB | 369/463 kB
2026.05.20 22:55:10 INFO  Progress (4): 5.1/6.3 MB | 4.7/12 MB | 1.2/1.4 MB | 369/463 kB
2026.05.20 22:55:10 INFO  Progress (4): 5.1/6.3 MB | 4.7/12 MB | 1.2/1.4 MB | 369/463 kB
2026.05.20 22:55:10 INFO  Progress (4): 5.1/6.3 MB | 4.7/12 MB | 1.2/1.4 MB | 385/463 kB
2026.05.20 22:55:10 INFO  Progress (4): 5.2/6.3 MB | 4.7/12 MB | 1.2/1.4 MB | 385/463 kB
2026.05.20 22:55:10 INFO  Progress (4): 5.2/6.3 MB | 4.7/12 MB | 1.2/1.4 MB | 401/463 kB
2026.05.20 22:55:10 INFO  Progress (4): 5.2/6.3 MB | 4.7/12 MB | 1.2/1.4 MB | 410/463 kB
2026.05.20 22:55:10 INFO  Progress (4): 5.2/6.3 MB | 4.7/12 MB | 1.3/1.4 MB | 410/463 kB
2026.05.20 22:55:10 INFO  Progress (4): 5.2/6.3 MB | 4.7/12 MB | 1.3/1.4 MB | 410/463 kB
2026.05.20 22:55:10 INFO  Progress (4): 5.2/6.3 MB | 4.7/12 MB | 1.3/1.4 MB | 426/463 kB
2026.05.20 22:55:10 INFO  Progress (4): 5.2/6.3 MB | 4.7/12 MB | 1.3/1.4 MB | 426/463 kB
2026.05.20 22:55:10 INFO  Progress (4): 5.2/6.3 MB | 4.7/12 MB | 1.3/1.4 MB | 426/463 kB
2026.05.20 22:55:10 INFO  Progress (4): 5.2/6.3 MB | 4.7/12 MB | 1.3/1.4 MB | 442/463 kB
2026.05.20 22:55:10 INFO  Progress (4): 5.2/6.3 MB | 4.7/12 MB | 1.3/1.4 MB | 442/463 kB
2026.05.20 22:55:10 INFO  Progress (4): 5.2/6.3 MB | 4.7/12 MB | 1.3/1.4 MB | 459/463 kB
2026.05.20 22:55:10 INFO  Progress (4): 5.2/6.3 MB | 4.7/12 MB | 1.3/1.4 MB | 459/463 kB
2026.05.20 22:55:10 INFO  Progress (4): 5.2/6.3 MB | 4.7/12 MB | 1.3/1.4 MB | 463 kB    
2026.05.20 22:55:10 INFO  Progress (4): 5.2/6.3 MB | 4.7/12 MB | 1.3/1.4 MB | 463 kB
2026.05.20 22:55:10 INFO  Progress (4): 5.3/6.3 MB | 4.7/12 MB | 1.3/1.4 MB | 463 kB
2026.05.20 22:55:10 INFO                                                            
2026.05.20 22:55:10 INFO  Downloaded from central: https://repo.maven.apache.org/maven2/org/scala-sbt/util-logging_2.13/1.8.0/util-logging_2.13-1.8.0.jar (463 kB at 894 kB/s)
2026.05.20 22:55:10 INFO  Progress (3): 5.3/6.3 MB | 4.7/12 MB | 1.3/1.4 MB
2026.05.20 22:55:10 INFO                                                   
2026.05.20 22:55:10 INFO  Downloading from central: https://repo.maven.apache.org/maven2/org/scala-sbt/util-position_2.13/1.8.0/util-position_2.13-1.8.0.jar
2026.05.20 22:55:10 INFO  Progress (3): 5.3/6.3 MB | 4.7/12 MB | 1.3/1.4 MB
2026.05.20 22:55:10 INFO  Progress (3): 5.3/6.3 MB | 4.7/12 MB | 1.3/1.4 MB
2026.05.20 22:55:10 INFO  Progress (3): 5.3/6.3 MB | 4.7/12 MB | 1.3/1.4 MB
2026.05.20 22:55:10 INFO  Progress (3): 5.3/6.3 MB | 4.7/12 MB | 1.3/1.4 MB
2026.05.20 22:55:10 INFO  Progress (3): 5.3/6.3 MB | 4.7/12 MB | 1.3/1.4 MB
2026.05.20 22:55:10 INFO  Progress (3): 5.3/6.3 MB | 4.7/12 MB | 1.3/1.4 MB
2026.05.20 22:55:10 INFO  Progress (3): 5.4/6.3 MB | 4.7/12 MB | 1.3/1.4 MB
2026.05.20 22:55:10 INFO  Progress (3): 5.4/6.3 MB | 4.7/12 MB | 1.3/1.4 MB
2026.05.20 22:55:10 INFO  Progress (3): 5.4/6.3 MB | 4.7/12 MB | 1.3/1.4 MB
2026.05.20 22:55:10 INFO  Progress (3): 5.4/6.3 MB | 4.7/12 MB | 1.3/1.4 MB
2026.05.20 22:55:10 INFO  Progress (3): 5.4/6.3 MB | 4.7/12 MB | 1.3/1.4 MB
2026.05.20 22:55:10 INFO  Progress (3): 5.4/6.3 MB | 4.7/12 MB | 1.3/1.4 MB
2026.05.20 22:55:10 INFO  Progress (3): 5.4/6.3 MB | 4.7/12 MB | 1.3/1.4 MB
2026.05.20 22:55:10 INFO  Progress (3): 5.4/6.3 MB | 4.7/12 MB | 1.3/1.4 MB
2026.05.20 22:55:10 INFO  Progress (3): 5.4/6.3 MB | 4.7/12 MB | 1.4/1.4 MB
2026.05.20 22:55:10 INFO  Progress (3): 5.4/6.3 MB | 4.7/12 MB | 1.4/1.4 MB
2026.05.20 22:55:10 INFO  Progress (3): 5.4/6.3 MB | 4.7/12 MB | 1.4/1.4 MB
2026.05.20 22:55:10 INFO  Progress (3): 5.4/6.3 MB | 4.7/12 MB | 1.4 MB    
2026.05.20 22:55:10 INFO  Progress (3): 5.4/6.3 MB | 4.7/12 MB | 1.4 MB
2026.05.20 22:55:10 INFO  Progress (3): 5.4/6.3 MB | 4.8/12 MB | 1.4 MB
2026.05.20 22:55:10 INFO  Progress (3): 5.4/6.3 MB | 4.8/12 MB | 1.4 MB
2026.05.20 22:55:10 INFO  Progress (3): 5.4/6.3 MB | 4.8/12 MB | 1.4 MB
2026.05.20 22:55:10 INFO  Progress (3): 5.5/6.3 MB | 4.8/12 MB | 1.4 MB
2026.05.20 22:55:10 INFO  Progress (3): 5.5/6.3 MB | 4.8/12 MB | 1.4 MB
2026.05.20 22:55:10 INFO  Progress (3): 5.5/6.3 MB | 4.8/12 MB | 1.4 MB
2026.05.20 22:55:10 INFO  Progress (3): 5.5/6.3 MB | 4.8/12 MB | 1.4 MB
2026.05.20 22:55:10 INFO  Progress (3): 5.5/6.3 MB | 4.8/12 MB | 1.4 MB
2026.05.20 22:55:10 INFO  Progress (3): 5.5/6.3 MB | 4.8/12 MB | 1.4 MB
2026.05.20 22:55:10 INFO  Progress (3): 5.5/6.3 MB | 4.8/12 MB | 1.4 MB
2026.05.20 22:55:10 INFO  Progress (3): 5.5/6.3 MB | 4.9/12 MB | 1.4 MB
2026.05.20 22:55:10 INFO  Progress (3): 5.5/6.3 MB | 4.9/12 MB | 1.4 MB
2026.05.20 22:55:10 INFO  Progress (3): 5.5/6.3 MB | 4.9/12 MB | 1.4 MB
2026.05.20 22:55:10 INFO  Progress (3): 5.5/6.3 MB | 4.9/12 MB | 1.4 MB
2026.05.20 22:55:10 INFO  Progress (3): 5.5/6.3 MB | 4.9/12 MB | 1.4 MB
2026.05.20 22:55:10 INFO  Progress (3): 5.5/6.3 MB | 4.9/12 MB | 1.4 MB
2026.05.20 22:55:10 INFO  Progress (4): 5.5/6.3 MB | 4.9/12 MB | 1.4 MB | 7.7/365 kB
2026.05.20 22:55:10 INFO  Progress (4): 5.5/6.3 MB | 4.9/12 MB | 1.4 MB | 8.2/365 kB
2026.05.20 22:55:10 INFO  Progress (4): 5.5/6.3 MB | 4.9/12 MB | 1.4 MB | 8.2/365 kB
2026.05.20 22:55:10 INFO  Progress (4): 5.5/6.3 MB | 4.9/12 MB | 1.4 MB | 8.2/365 kB
2026.05.20 22:55:10 INFO  Progress (4): 5.5/6.3 MB | 4.9/12 MB | 1.4 MB | 8.2/365 kB
2026.05.20 22:55:10 INFO  Progress (4): 5.6/6.3 MB | 4.9/12 MB | 1.4 MB | 8.2/365 kB
2026.05.20 22:55:10 INFO  Progress (4): 5.6/6.3 MB | 5.0/12 MB | 1.4 MB | 8.2/365 kB
2026.05.20 22:55:10 INFO  Progress (4): 5.6/6.3 MB | 5.0/12 MB | 1.4 MB | 8.2/365 kB
2026.05.20 22:55:10 INFO  Progress (4): 5.6/6.3 MB | 5.0/12 MB | 1.4 MB | 8.2/365 kB
2026.05.20 22:55:10 INFO  Progress (4): 5.6/6.3 MB | 5.0/12 MB | 1.4 MB | 8.2/365 kB
2026.05.20 22:55:10 INFO  Progress (4): 5.6/6.3 MB | 5.0/12 MB | 1.4 MB | 8.2/365 kB
2026.05.20 22:55:10 INFO  Progress (4): 5.6/6.3 MB | 5.0/12 MB | 1.4 MB | 8.2/365 kB
2026.05.20 22:55:10 INFO  Progress (4): 5.6/6.3 MB | 5.0/12 MB | 1.4 MB | 8.2/365 kB
2026.05.20 22:55:10 INFO                                                            
2026.05.20 22:55:10 INFO  Downloaded from central: https://repo.maven.apache.org/maven2/net/java/dev/jna/jna-platform/5.12.0/jna-platform-5.12.0.jar (1.4 MB at 2.6 MB/s)
2026.05.20 22:55:10 INFO  Progress (3): 5.6/6.3 MB | 5.0/12 MB | 8.2/365 kB
2026.05.20 22:55:10 INFO                                                   
2026.05.20 22:55:10 INFO  Downloading from central: https://repo.maven.apache.org/maven2/org/scala-sbt/core-macros_2.13/1.8.0/core-macros_2.13-1.8.0.jar
2026.05.20 22:55:10 INFO  Progress (3): 5.6/6.3 MB | 5.0/12 MB | 8.2/365 kB
2026.05.20 22:55:10 INFO  Progress (3): 5.6/6.3 MB | 5.0/12 MB | 8.2/365 kB
2026.05.20 22:55:10 INFO  Progress (3): 5.6/6.3 MB | 5.0/12 MB | 8.2/365 kB
2026.05.20 22:55:10 INFO  Progress (3): 5.7/6.3 MB | 5.0/12 MB | 8.2/365 kB
2026.05.20 22:55:10 INFO  Progress (3): 5.7/6.3 MB | 5.0/12 MB | 25/365 kB 
2026.05.20 22:55:10 INFO  Progress (3): 5.7/6.3 MB | 5.0/12 MB | 25/365 kB
2026.05.20 22:55:10 INFO  Progress (3): 5.7/6.3 MB | 5.0/12 MB | 41/365 kB
2026.05.20 22:55:10 INFO  Progress (3): 5.7/6.3 MB | 5.1/12 MB | 41/365 kB
2026.05.20 22:55:10 INFO  Progress (3): 5.7/6.3 MB | 5.1/12 MB | 41/365 kB
2026.05.20 22:55:10 INFO  Progress (3): 5.7/6.3 MB | 5.1/12 MB | 57/365 kB
2026.05.20 22:55:10 INFO  Progress (3): 5.7/6.3 MB | 5.1/12 MB | 66/365 kB
2026.05.20 22:55:10 INFO  Progress (3): 5.7/6.3 MB | 5.1/12 MB | 66/365 kB
2026.05.20 22:55:10 INFO  Progress (3): 5.7/6.3 MB | 5.1/12 MB | 74/365 kB
2026.05.20 22:55:10 INFO  Progress (3): 5.7/6.3 MB | 5.1/12 MB | 74/365 kB
2026.05.20 22:55:10 INFO  Progress (3): 5.7/6.3 MB | 5.1/12 MB | 90/365 kB
2026.05.20 22:55:10 INFO  Progress (3): 5.7/6.3 MB | 5.1/12 MB | 90/365 kB
2026.05.20 22:55:10 INFO  Progress (3): 5.7/6.3 MB | 5.1/12 MB | 98/365 kB
2026.05.20 22:55:10 INFO  Progress (3): 5.7/6.3 MB | 5.1/12 MB | 98/365 kB
2026.05.20 22:55:10 INFO  Progress (3): 5.7/6.3 MB | 5.1/12 MB | 106/365 kB
2026.05.20 22:55:10 INFO  Progress (3): 5.7/6.3 MB | 5.2/12 MB | 106/365 kB
2026.05.20 22:55:10 INFO  Progress (3): 5.7/6.3 MB | 5.2/12 MB | 123/365 kB
2026.05.20 22:55:10 INFO  Progress (3): 5.7/6.3 MB | 5.2/12 MB | 131/365 kB
2026.05.20 22:55:10 INFO  Progress (3): 5.7/6.3 MB | 5.2/12 MB | 131/365 kB
2026.05.20 22:55:10 INFO  Progress (3): 5.7/6.3 MB | 5.2/12 MB | 147/365 kB
2026.05.20 22:55:10 INFO  Progress (3): 5.7/6.3 MB | 5.2/12 MB | 147/365 kB
2026.05.20 22:55:10 INFO  Progress (3): 5.7/6.3 MB | 5.2/12 MB | 164/365 kB
2026.05.20 22:55:10 INFO  Progress (3): 5.7/6.3 MB | 5.2/12 MB | 164/365 kB
2026.05.20 22:55:10 INFO  Progress (3): 5.7/6.3 MB | 5.2/12 MB | 164/365 kB
2026.05.20 22:55:10 INFO  Progress (3): 5.7/6.3 MB | 5.2/12 MB | 164/365 kB
2026.05.20 22:55:10 INFO  Progress (3): 5.7/6.3 MB | 5.2/12 MB | 164/365 kB
2026.05.20 22:55:10 INFO  Progress (3): 5.7/6.3 MB | 5.2/12 MB | 164/365 kB
2026.05.20 22:55:10 INFO  Progress (3): 5.7/6.3 MB | 5.3/12 MB | 164/365 kB
2026.05.20 22:55:10 INFO  Progress (3): 5.7/6.3 MB | 5.3/12 MB | 164/365 kB
2026.05.20 22:55:10 INFO  Progress (3): 5.7/6.3 MB | 5.3/12 MB | 164/365 kB
2026.05.20 22:55:10 INFO  Progress (3): 5.7/6.3 MB | 5.3/12 MB | 164/365 kB
2026.05.20 22:55:10 INFO  Progress (3): 5.7/6.3 MB | 5.3/12 MB | 164/365 kB
2026.05.20 22:55:10 INFO  Progress (3): 5.7/6.3 MB | 5.3/12 MB | 180/365 kB
2026.05.20 22:55:10 INFO  Progress (3): 5.7/6.3 MB | 5.3/12 MB | 180/365 kB
2026.05.20 22:55:10 INFO  Progress (3): 5.7/6.3 MB | 5.3/12 MB | 188/365 kB
2026.05.20 22:55:10 INFO  Progress (3): 5.7/6.3 MB | 5.3/12 MB | 188/365 kB
2026.05.20 22:55:10 INFO  Progress (3): 5.7/6.3 MB | 5.3/12 MB | 197/365 kB
2026.05.20 22:55:10 INFO  Progress (3): 5.7/6.3 MB | 5.3/12 MB | 197/365 kB
2026.05.20 22:55:10 INFO  Progress (3): 5.7/6.3 MB | 5.3/12 MB | 213/365 kB
2026.05.20 22:55:10 INFO  Progress (3): 5.7/6.3 MB | 5.4/12 MB | 213/365 kB
2026.05.20 22:55:10 INFO  Progress (3): 5.7/6.3 MB | 5.4/12 MB | 229/365 kB
2026.05.20 22:55:10 INFO  Progress (3): 5.7/6.3 MB | 5.4/12 MB | 229/365 kB
2026.05.20 22:55:10 INFO  Progress (3): 5.7/6.3 MB | 5.4/12 MB | 229/365 kB
2026.05.20 22:55:10 INFO  Progress (3): 5.8/6.3 MB | 5.4/12 MB | 229/365 kB
2026.05.20 22:55:10 INFO  Progress (3): 5.8/6.3 MB | 5.4/12 MB | 229/365 kB
2026.05.20 22:55:10 INFO  Progress (3): 5.8/6.3 MB | 5.4/12 MB | 229/365 kB
2026.05.20 22:55:10 INFO  Progress (3): 5.8/6.3 MB | 5.4/12 MB | 229/365 kB
2026.05.20 22:55:10 INFO  Progress (3): 5.8/6.3 MB | 5.4/12 MB | 229/365 kB
2026.05.20 22:55:10 INFO  Progress (3): 5.8/6.3 MB | 5.4/12 MB | 229/365 kB
2026.05.20 22:55:10 INFO  Progress (4): 5.8/6.3 MB | 5.4/12 MB | 229/365 kB | 7.7/28 kB
2026.05.20 22:55:10 INFO  Progress (4): 5.8/6.3 MB | 5.4/12 MB | 229/365 kB | 11/28 kB 
2026.05.20 22:55:10 INFO  Progress (4): 5.8/6.3 MB | 5.4/12 MB | 229/365 kB | 11/28 kB
2026.05.20 22:55:10 INFO  Progress (4): 5.8/6.3 MB | 5.4/12 MB | 229/365 kB | 11/28 kB
2026.05.20 22:55:10 INFO  Progress (4): 5.8/6.3 MB | 5.4/12 MB | 229/365 kB | 28/28 kB
2026.05.20 22:55:10 INFO  Progress (4): 5.8/6.3 MB | 5.5/12 MB | 229/365 kB | 28/28 kB
2026.05.20 22:55:10 INFO  Progress (4): 5.8/6.3 MB | 5.5/12 MB | 229/365 kB | 28/28 kB
2026.05.20 22:55:10 INFO  Progress (4): 5.8/6.3 MB | 5.5/12 MB | 233/365 kB | 28/28 kB
2026.05.20 22:55:10 INFO  Progress (4): 5.8/6.3 MB | 5.5/12 MB | 233/365 kB | 28/28 kB
2026.05.20 22:55:10 INFO  Progress (4): 5.8/6.3 MB | 5.5/12 MB | 233/365 kB | 28 kB   
2026.05.20 22:55:10 INFO  Progress (4): 5.8/6.3 MB | 5.5/12 MB | 250/365 kB | 28 kB
2026.05.20 22:55:10 INFO  Progress (4): 5.8/6.3 MB | 5.5/12 MB | 250/365 kB | 28 kB
2026.05.20 22:55:10 INFO  Progress (4): 5.8/6.3 MB | 5.5/12 MB | 254/365 kB | 28 kB
2026.05.20 22:55:10 INFO  Progress (4): 5.8/6.3 MB | 5.5/12 MB | 254/365 kB | 28 kB
2026.05.20 22:55:10 INFO  Progress (4): 5.8/6.3 MB | 5.5/12 MB | 270/365 kB | 28 kB
2026.05.20 22:55:10 INFO  Progress (4): 5.8/6.3 MB | 5.5/12 MB | 270/365 kB | 28 kB
2026.05.20 22:55:10 INFO  Progress (4): 5.8/6.3 MB | 5.5/12 MB | 279/365 kB | 28 kB
2026.05.20 22:55:10 INFO  Progress (4): 5.8/6.3 MB | 5.5/12 MB | 287/365 kB | 28 kB
2026.05.20 22:55:10 INFO  Progress (4): 5.8/6.3 MB | 5.5/12 MB | 287/365 kB | 28 kB
2026.05.20 22:55:10 INFO  Progress (4): 5.8/6.3 MB | 5.5/12 MB | 303/365 kB | 28 kB
2026.05.20 22:55:10 INFO                                                           
2026.05.20 22:55:10 INFO  Downloaded from central: https://repo.maven.apache.org/maven2/org/scala-sbt/util-position_2.13/1.8.0/util-position_2.13-1.8.0.jar (28 kB at 53 kB/s)
2026.05.20 22:55:10 INFO  Progress (3): 5.8/6.3 MB | 5.5/12 MB | 303/365 kB
2026.05.20 22:55:10 INFO                                                   
2026.05.20 22:55:10 INFO  Downloading from central: https://repo.maven.apache.org/maven2/org/jline/jline-terminal/3.19.0/jline-terminal-3.19.0.jar
2026.05.20 22:55:10 INFO  Progress (3): 5.8/6.3 MB | 5.5/12 MB | 319/365 kB
2026.05.20 22:55:10 INFO  Progress (3): 5.8/6.3 MB | 5.6/12 MB | 319/365 kB
2026.05.20 22:55:10 INFO  Progress (3): 5.8/6.3 MB | 5.6/12 MB | 319/365 kB
2026.05.20 22:55:10 INFO  Progress (3): 5.8/6.3 MB | 5.6/12 MB | 319/365 kB
2026.05.20 22:55:10 INFO  Progress (3): 5.8/6.3 MB | 5.6/12 MB | 319/365 kB
2026.05.20 22:55:10 INFO  Progress (3): 5.8/6.3 MB | 5.6/12 MB | 319/365 kB
2026.05.20 22:55:10 INFO  Progress (3): 5.8/6.3 MB | 5.6/12 MB | 319/365 kB
2026.05.20 22:55:10 INFO  Progress (3): 5.8/6.3 MB | 5.6/12 MB | 319/365 kB
2026.05.20 22:55:10 INFO  Progress (3): 5.9/6.3 MB | 5.6/12 MB | 319/365 kB
2026.05.20 22:55:10 INFO  Progress (3): 5.9/6.3 MB | 5.6/12 MB | 319/365 kB
2026.05.20 22:55:10 INFO  Progress (3): 5.9/6.3 MB | 5.6/12 MB | 319/365 kB
2026.05.20 22:55:10 INFO  Progress (3): 5.9/6.3 MB | 5.7/12 MB | 319/365 kB
2026.05.20 22:55:10 INFO  Progress (3): 5.9/6.3 MB | 5.7/12 MB | 319/365 kB
2026.05.20 22:55:10 INFO  Progress (3): 5.9/6.3 MB | 5.7/12 MB | 319/365 kB
2026.05.20 22:55:10 INFO  Progress (3): 5.9/6.3 MB | 5.7/12 MB | 319/365 kB
2026.05.20 22:55:10 INFO  Progress (3): 5.9/6.3 MB | 5.7/12 MB | 336/365 kB
2026.05.20 22:55:10 INFO  Progress (3): 5.9/6.3 MB | 5.7/12 MB | 336/365 kB
2026.05.20 22:55:10 INFO  Progress (3): 5.9/6.3 MB | 5.7/12 MB | 352/365 kB
2026.05.20 22:55:10 INFO  Progress (3): 5.9/6.3 MB | 5.7/12 MB | 365 kB    
2026.05.20 22:55:10 INFO  Progress (3): 5.9/6.3 MB | 5.7/12 MB | 365 kB
2026.05.20 22:55:10 INFO  Progress (3): 5.9/6.3 MB | 5.7/12 MB | 365 kB
2026.05.20 22:55:10 INFO  Progress (3): 5.9/6.3 MB | 5.8/12 MB | 365 kB
2026.05.20 22:55:10 INFO                                               
2026.05.20 22:55:10 INFO  Downloaded from central: https://repo.maven.apache.org/maven2/org/scala-sbt/collections_2.13/1.8.0/collections_2.13-1.8.0.jar (365 kB at 678 kB/s)
2026.05.20 22:55:10 INFO  Downloading from central: https://repo.maven.apache.org/maven2/org/scala-lang/scala-reflect/2.13.8/scala-reflect-2.13.8.jar
2026.05.20 22:55:10 INFO  Progress (2): 5.9/6.3 MB | 5.8/12 MB
2026.05.20 22:55:10 INFO  Progress (2): 5.9/6.3 MB | 5.8/12 MB
2026.05.20 22:55:10 INFO  Progress (2): 5.9/6.3 MB | 5.8/12 MB
2026.05.20 22:55:10 INFO  Progress (2): 5.9/6.3 MB | 5.8/12 MB
2026.05.20 22:55:10 INFO  Progress (2): 5.9/6.3 MB | 5.8/12 MB
2026.05.20 22:55:10 INFO  Progress (2): 5.9/6.3 MB | 5.8/12 MB
2026.05.20 22:55:10 INFO  Progress (2): 5.9/6.3 MB | 5.8/12 MB
2026.05.20 22:55:10 INFO  Progress (2): 5.9/6.3 MB | 5.8/12 MB
2026.05.20 22:55:10 INFO  Progress (2): 5.9/6.3 MB | 5.8/12 MB
2026.05.20 22:55:10 INFO  Progress (2): 6.0/6.3 MB | 5.8/12 MB
2026.05.20 22:55:10 INFO  Progress (2): 6.0/6.3 MB | 5.9/12 MB
2026.05.20 22:55:10 INFO  Progress (2): 6.0/6.3 MB | 5.9/12 MB
2026.05.20 22:55:10 INFO  Progress (3): 6.0/6.3 MB | 5.9/12 MB | 7.7/87 kB
2026.05.20 22:55:10 INFO  Progress (3): 6.0/6.3 MB | 5.9/12 MB | 8.2/87 kB
2026.05.20 22:55:10 INFO  Progress (3): 6.0/6.3 MB | 5.9/12 MB | 8.2/87 kB
2026.05.20 22:55:10 INFO  Progress (3): 6.0/6.3 MB | 5.9/12 MB | 8.2/87 kB
2026.05.20 22:55:10 INFO  Progress (3): 6.0/6.3 MB | 5.9/12 MB | 8.2/87 kB
2026.05.20 22:55:10 INFO  Progress (3): 6.0/6.3 MB | 5.9/12 MB | 8.2/87 kB
2026.05.20 22:55:10 INFO  Progress (3): 6.0/6.3 MB | 5.9/12 MB | 8.2/87 kB
2026.05.20 22:55:10 INFO  Progress (3): 6.0/6.3 MB | 5.9/12 MB | 8.2/87 kB
2026.05.20 22:55:10 INFO  Progress (3): 6.0/6.3 MB | 5.9/12 MB | 8.2/87 kB
2026.05.20 22:55:10 INFO  Progress (3): 6.0/6.3 MB | 5.9/12 MB | 8.2/87 kB
2026.05.20 22:55:10 INFO  Progress (3): 6.0/6.3 MB | 5.9/12 MB | 8.2/87 kB
2026.05.20 22:55:10 INFO  Progress (3): 6.0/6.3 MB | 6.0/12 MB | 8.2/87 kB
2026.05.20 22:55:10 INFO  Progress (3): 6.1/6.3 MB | 6.0/12 MB | 8.2/87 kB
2026.05.20 22:55:10 INFO  Progress (3): 6.1/6.3 MB | 6.0/12 MB | 8.2/87 kB
2026.05.20 22:55:10 INFO  Progress (3): 6.1/6.3 MB | 6.0/12 MB | 25/87 kB 
2026.05.20 22:55:10 INFO  Progress (3): 6.1/6.3 MB | 6.0/12 MB | 25/87 kB
2026.05.20 22:55:10 INFO  Progress (3): 6.1/6.3 MB | 6.0/12 MB | 25/87 kB
2026.05.20 22:55:10 INFO  Progress (3): 6.1/6.3 MB | 6.0/12 MB | 25/87 kB
2026.05.20 22:55:10 INFO  Progress (3): 6.1/6.3 MB | 6.0/12 MB | 25/87 kB
2026.05.20 22:55:10 INFO  Progress (3): 6.1/6.3 MB | 6.0/12 MB | 25/87 kB
2026.05.20 22:55:10 INFO  Progress (3): 6.1/6.3 MB | 6.0/12 MB | 25/87 kB
2026.05.20 22:55:10 INFO  Progress (3): 6.1/6.3 MB | 6.0/12 MB | 25/87 kB
2026.05.20 22:55:10 INFO  Progress (3): 6.1/6.3 MB | 6.0/12 MB | 25/87 kB
2026.05.20 22:55:10 INFO  Progress (3): 6.2/6.3 MB | 6.0/12 MB | 25/87 kB
2026.05.20 22:55:10 INFO  Progress (3): 6.2/6.3 MB | 6.0/12 MB | 25/87 kB
2026.05.20 22:55:10 INFO  Progress (3): 6.2/6.3 MB | 6.0/12 MB | 25/87 kB
2026.05.20 22:55:10 INFO  Progress (3): 6.2/6.3 MB | 6.0/12 MB | 25/87 kB
2026.05.20 22:55:10 INFO  Progress (3): 6.2/6.3 MB | 6.1/12 MB | 25/87 kB
2026.05.20 22:55:10 INFO  Progress (3): 6.2/6.3 MB | 6.1/12 MB | 25/87 kB
2026.05.20 22:55:10 INFO  Progress (3): 6.2/6.3 MB | 6.1/12 MB | 25/87 kB
2026.05.20 22:55:10 INFO  Progress (3): 6.2/6.3 MB | 6.1/12 MB | 25/87 kB
2026.05.20 22:55:10 INFO  Progress (3): 6.2/6.3 MB | 6.1/12 MB | 41/87 kB
2026.05.20 22:55:10 INFO  Progress (3): 6.2/6.3 MB | 6.1/12 MB | 49/87 kB
2026.05.20 22:55:10 INFO  Progress (4): 6.2/6.3 MB | 6.1/12 MB | 49/87 kB | 0/3.8 MB
2026.05.20 22:55:10 INFO  Progress (4): 6.2/6.3 MB | 6.1/12 MB | 49/87 kB | 0/3.8 MB
2026.05.20 22:55:10 INFO  Progress (4): 6.2/6.3 MB | 6.1/12 MB | 66/87 kB | 0/3.8 MB
2026.05.20 22:55:10 INFO  Progress (4): 6.2/6.3 MB | 6.1/12 MB | 82/87 kB | 0/3.8 MB
2026.05.20 22:55:10 INFO  Progress (4): 6.2/6.3 MB | 6.1/12 MB | 87 kB | 0/3.8 MB   
2026.05.20 22:55:10 INFO                                                         
2026.05.20 22:55:10 INFO  Downloaded from central: https://repo.maven.apache.org/maven2/org/scala-sbt/core-macros_2.13/1.8.0/core-macros_2.13-1.8.0.jar (87 kB at 153 kB/s)
2026.05.20 22:55:10 INFO  Downloading from central: https://repo.maven.apache.org/maven2/org/scala-sbt/util-relation_2.13/1.8.0/util-relation_2.13-1.8.0.jar
2026.05.20 22:55:10 INFO  Progress (3): 6.2/6.3 MB | 6.1/12 MB | 0/3.8 MB
2026.05.20 22:55:10 INFO  Progress (3): 6.3/6.3 MB | 6.1/12 MB | 0/3.8 MB
2026.05.20 22:55:10 INFO  Progress (3): 6.3/6.3 MB | 6.1/12 MB | 0/3.8 MB
2026.05.20 22:55:10 INFO  Progress (3): 6.3/6.3 MB | 6.1/12 MB | 0/3.8 MB
2026.05.20 22:55:10 INFO  Progress (3): 6.3/6.3 MB | 6.1/12 MB | 0/3.8 MB
2026.05.20 22:55:10 INFO  Progress (3): 6.3/6.3 MB | 6.1/12 MB | 0/3.8 MB
2026.05.20 22:55:10 INFO  Progress (3): 6.3 MB | 6.1/12 MB | 0/3.8 MB    
2026.05.20 22:55:10 INFO  Progress (3): 6.3 MB | 6.1/12 MB | 0/3.8 MB
2026.05.20 22:55:10 INFO  Progress (3): 6.3 MB | 6.1/12 MB | 0.1/3.8 MB
2026.05.20 22:55:10 INFO  Progress (3): 6.3 MB | 6.1/12 MB | 0.1/3.8 MB
2026.05.20 22:55:10 INFO  Progress (3): 6.3 MB | 6.1/12 MB | 0.1/3.8 MB
2026.05.20 22:55:10 INFO  Progress (4): 6.3 MB | 6.1/12 MB | 0.1/3.8 MB | 7.7/228 kB
2026.05.20 22:55:10 INFO  Progress (4): 6.3 MB | 6.1/12 MB | 0.1/3.8 MB | 8.2/228 kB
2026.05.20 22:55:10 INFO  Progress (4): 6.3 MB | 6.1/12 MB | 0.1/3.8 MB | 8.2/228 kB
2026.05.20 22:55:10 INFO  Progress (4): 6.3 MB | 6.1/12 MB | 0.1/3.8 MB | 8.2/228 kB
2026.05.20 22:55:10 INFO                                                            
2026.05.20 22:55:10 INFO  Downloaded from central: https://repo.maven.apache.org/maven2/com/github/luben/zstd-jni/1.5.2-5/zstd-jni-1.5.2-5.jar (6.3 MB at 11 MB/s)
2026.05.20 22:55:10 INFO  Downloading from central: https://repo.maven.apache.org/maven2/org/scala-sbt/zinc-persist_2.13/1.8.0/zinc-persist_2.13-1.8.0.jar
2026.05.20 22:55:10 INFO  Progress (3): 6.1/12 MB | 0.1/3.8 MB | 25/228 kB
2026.05.20 22:55:10 INFO  Progress (3): 6.1/12 MB | 0.1/3.8 MB | 25/228 kB
2026.05.20 22:55:10 INFO  Progress (3): 6.1/12 MB | 0.1/3.8 MB | 25/228 kB
2026.05.20 22:55:10 INFO  Progress (3): 6.1/12 MB | 0.1/3.8 MB | 41/228 kB
2026.05.20 22:55:10 INFO  Progress (3): 6.1/12 MB | 0.1/3.8 MB | 41/228 kB
2026.05.20 22:55:10 INFO  Progress (3): 6.1/12 MB | 0.1/3.8 MB | 57/228 kB
2026.05.20 22:55:10 INFO  Progress (3): 6.1/12 MB | 0.1/3.8 MB | 57/228 kB
2026.05.20 22:55:10 INFO  Progress (3): 6.1/12 MB | 0.1/3.8 MB | 57/228 kB
2026.05.20 22:55:10 INFO  Progress (3): 6.1/12 MB | 0.1/3.8 MB | 66/228 kB
2026.05.20 22:55:10 INFO  Progress (3): 6.1/12 MB | 0.1/3.8 MB | 74/228 kB
2026.05.20 22:55:10 INFO  Progress (3): 6.1/12 MB | 0.1/3.8 MB | 74/228 kB
2026.05.20 22:55:10 INFO  Progress (3): 6.1/12 MB | 0.1/3.8 MB | 90/228 kB
2026.05.20 22:55:10 INFO  Progress (3): 6.1/12 MB | 0.2/3.8 MB | 90/228 kB
2026.05.20 22:55:10 INFO  Progress (3): 6.2/12 MB | 0.2/3.8 MB | 90/228 kB
2026.05.20 22:55:10 INFO  Progress (3): 6.2/12 MB | 0.2/3.8 MB | 90/228 kB
2026.05.20 22:55:10 INFO  Progress (3): 6.2/12 MB | 0.2/3.8 MB | 98/228 kB
2026.05.20 22:55:10 INFO  Progress (3): 6.2/12 MB | 0.2/3.8 MB | 115/228 kB
2026.05.20 22:55:10 INFO  Progress (3): 6.2/12 MB | 0.2/3.8 MB | 123/228 kB
2026.05.20 22:55:10 INFO  Progress (3): 6.2/12 MB | 0.2/3.8 MB | 123/228 kB
2026.05.20 22:55:10 INFO  Progress (3): 6.2/12 MB | 0.2/3.8 MB | 123/228 kB
2026.05.20 22:55:10 INFO  Progress (3): 6.2/12 MB | 0.2/3.8 MB | 139/228 kB
2026.05.20 22:55:10 INFO  Progress (3): 6.2/12 MB | 0.2/3.8 MB | 139/228 kB
2026.05.20 22:55:10 INFO  Progress (3): 6.2/12 MB | 0.2/3.8 MB | 156/228 kB
2026.05.20 22:55:10 INFO  Progress (3): 6.2/12 MB | 0.2/3.8 MB | 164/228 kB
2026.05.20 22:55:10 INFO  Progress (3): 6.2/12 MB | 0.2/3.8 MB | 164/228 kB
2026.05.20 22:55:10 INFO  Progress (3): 6.2/12 MB | 0.2/3.8 MB | 180/228 kB
2026.05.20 22:55:10 INFO  Progress (3): 6.2/12 MB | 0.2/3.8 MB | 180/228 kB
2026.05.20 22:55:10 INFO  Progress (3): 6.2/12 MB | 0.2/3.8 MB | 180/228 kB
2026.05.20 22:55:10 INFO  Progress (3): 6.3/12 MB | 0.2/3.8 MB | 180/228 kB
2026.05.20 22:55:10 INFO  Progress (3): 6.3/12 MB | 0.2/3.8 MB | 180/228 kB
2026.05.20 22:55:10 INFO  Progress (3): 6.3/12 MB | 0.2/3.8 MB | 180/228 kB
2026.05.20 22:55:10 INFO  Progress (3): 6.3/12 MB | 0.2/3.8 MB | 180/228 kB
2026.05.20 22:55:10 INFO  Progress (3): 6.3/12 MB | 0.2/3.8 MB | 180/228 kB
2026.05.20 22:55:10 INFO  Progress (3): 6.3/12 MB | 0.3/3.8 MB | 180/228 kB
2026.05.20 22:55:10 INFO  Progress (3): 6.3/12 MB | 0.3/3.8 MB | 180/228 kB
2026.05.20 22:55:10 INFO  Progress (3): 6.3/12 MB | 0.3/3.8 MB | 180/228 kB
2026.05.20 22:55:10 INFO  Progress (3): 6.3/12 MB | 0.3/3.8 MB | 180/228 kB
2026.05.20 22:55:10 INFO  Progress (3): 6.3/12 MB | 0.3/3.8 MB | 180/228 kB
2026.05.20 22:55:10 INFO  Progress (3): 6.3/12 MB | 0.3/3.8 MB | 180/228 kB
2026.05.20 22:55:10 INFO  Progress (3): 6.3/12 MB | 0.3/3.8 MB | 180/228 kB
2026.05.20 22:55:10 INFO  Progress (3): 6.3/12 MB | 0.3/3.8 MB | 180/228 kB
2026.05.20 22:55:10 INFO  Progress (3): 6.3/12 MB | 0.4/3.8 MB | 180/228 kB
2026.05.20 22:55:10 INFO  Progress (3): 6.3/12 MB | 0.4/3.8 MB | 180/228 kB
2026.05.20 22:55:10 INFO  Progress (3): 6.3/12 MB | 0.4/3.8 MB | 180/228 kB
2026.05.20 22:55:10 INFO  Progress (3): 6.3/12 MB | 0.4/3.8 MB | 180/228 kB
2026.05.20 22:55:10 INFO  Progress (3): 6.3/12 MB | 0.4/3.8 MB | 180/228 kB
2026.05.20 22:55:10 INFO  Progress (3): 6.3/12 MB | 0.4/3.8 MB | 180/228 kB
2026.05.20 22:55:10 INFO  Progress (3): 6.4/12 MB | 0.4/3.8 MB | 180/228 kB
2026.05.20 22:55:10 INFO  Progress (3): 6.4/12 MB | 0.4/3.8 MB | 180/228 kB
2026.05.20 22:55:10 INFO  Progress (3): 6.4/12 MB | 0.4/3.8 MB | 180/228 kB
2026.05.20 22:55:10 INFO  Progress (3): 6.4/12 MB | 0.4/3.8 MB | 180/228 kB
2026.05.20 22:55:10 INFO  Progress (3): 6.4/12 MB | 0.4/3.8 MB | 180/228 kB
2026.05.20 22:55:10 INFO  Progress (3): 6.4/12 MB | 0.4/3.8 MB | 180/228 kB
2026.05.20 22:55:10 INFO  Progress (3): 6.4/12 MB | 0.5/3.8 MB | 180/228 kB
2026.05.20 22:55:10 INFO  Progress (3): 6.4/12 MB | 0.5/3.8 MB | 180/228 kB
2026.05.20 22:55:10 INFO  Progress (3): 6.4/12 MB | 0.5/3.8 MB | 180/228 kB
2026.05.20 22:55:10 INFO  Progress (3): 6.4/12 MB | 0.5/3.8 MB | 188/228 kB
2026.05.20 22:55:10 INFO  Progress (3): 6.4/12 MB | 0.5/3.8 MB | 188/228 kB
2026.05.20 22:55:10 INFO  Progress (3): 6.4/12 MB | 0.5/3.8 MB | 188/228 kB
2026.05.20 22:55:10 INFO  Progress (3): 6.4/12 MB | 0.5/3.8 MB | 197/228 kB
2026.05.20 22:55:10 INFO  Progress (3): 6.5/12 MB | 0.5/3.8 MB | 197/228 kB
2026.05.20 22:55:10 INFO  Progress (3): 6.5/12 MB | 0.5/3.8 MB | 213/228 kB
2026.05.20 22:55:10 INFO  Progress (3): 6.5/12 MB | 0.5/3.8 MB | 213/228 kB
2026.05.20 22:55:10 INFO  Progress (3): 6.5/12 MB | 0.5/3.8 MB | 213/228 kB
2026.05.20 22:55:10 INFO  Progress (3): 6.5/12 MB | 0.5/3.8 MB | 213/228 kB
2026.05.20 22:55:10 INFO  Progress (3): 6.5/12 MB | 0.5/3.8 MB | 213/228 kB
2026.05.20 22:55:10 INFO  Progress (3): 6.5/12 MB | 0.5/3.8 MB | 213/228 kB
2026.05.20 22:55:10 INFO  Progress (3): 6.5/12 MB | 0.5/3.8 MB | 213/228 kB
2026.05.20 22:55:10 INFO  Progress (3): 6.5/12 MB | 0.5/3.8 MB | 213/228 kB
2026.05.20 22:55:10 INFO  Progress (3): 6.5/12 MB | 0.5/3.8 MB | 213/228 kB
2026.05.20 22:55:10 INFO  Progress (3): 6.5/12 MB | 0.5/3.8 MB | 213/228 kB
2026.05.20 22:55:10 INFO  Progress (3): 6.6/12 MB | 0.5/3.8 MB | 213/228 kB
2026.05.20 22:55:10 INFO  Progress (3): 6.6/12 MB | 0.5/3.8 MB | 228 kB    
2026.05.20 22:55:10 INFO  Progress (3): 6.6/12 MB | 0.5/3.8 MB | 228 kB
2026.05.20 22:55:10 INFO  Progress (3): 6.6/12 MB | 0.6/3.8 MB | 228 kB
2026.05.20 22:55:10 INFO  Progress (3): 6.6/12 MB | 0.6/3.8 MB | 228 kB
2026.05.20 22:55:10 INFO  Progress (3): 6.6/12 MB | 0.6/3.8 MB | 228 kB
2026.05.20 22:55:10 INFO                                               
2026.05.20 22:55:10 INFO  Downloaded from central: https://repo.maven.apache.org/maven2/org/jline/jline-terminal/3.19.0/jline-terminal-3.19.0.jar (228 kB at 392 kB/s)
2026.05.20 22:55:10 INFO  Downloading from central: https://repo.maven.apache.org/maven2/org/scala-sbt/zinc-compile-core_2.13/1.8.0/zinc-compile-core_2.13-1.8.0.jar
2026.05.20 22:55:10 INFO  Progress (2): 6.6/12 MB | 0.6/3.8 MB
2026.05.20 22:55:10 INFO  Progress (2): 6.6/12 MB | 0.6/3.8 MB
2026.05.20 22:55:10 INFO  Progress (2): 6.6/12 MB | 0.6/3.8 MB
2026.05.20 22:55:10 INFO  Progress (2): 6.6/12 MB | 0.6/3.8 MB
2026.05.20 22:55:10 INFO  Progress (3): 6.6/12 MB | 0.6/3.8 MB | 8.2/270 kB
2026.05.20 22:55:10 INFO  Progress (3): 6.6/12 MB | 0.6/3.8 MB | 8.2/270 kB
2026.05.20 22:55:10 INFO  Progress (3): 6.6/12 MB | 0.6/3.8 MB | 8.2/270 kB
2026.05.20 22:55:10 INFO  Progress (3): 6.6/12 MB | 0.6/3.8 MB | 25/270 kB 
2026.05.20 22:55:10 INFO  Progress (3): 6.6/12 MB | 0.6/3.8 MB | 41/270 kB
2026.05.20 22:55:10 INFO  Progress (3): 6.6/12 MB | 0.6/3.8 MB | 57/270 kB
2026.05.20 22:55:10 INFO  Progress (3): 6.6/12 MB | 0.6/3.8 MB | 66/270 kB
2026.05.20 22:55:10 INFO  Progress (3): 6.6/12 MB | 0.6/3.8 MB | 66/270 kB
2026.05.20 22:55:10 INFO  Progress (3): 6.6/12 MB | 0.6/3.8 MB | 82/270 kB
2026.05.20 22:55:10 INFO  Progress (3): 6.7/12 MB | 0.6/3.8 MB | 82/270 kB
2026.05.20 22:55:10 INFO  Progress (4): 6.7/12 MB | 0.6/3.8 MB | 82/270 kB | 7.7/15 kB
2026.05.20 22:55:10 INFO  Progress (4): 6.7/12 MB | 0.6/3.8 MB | 82/270 kB | 8.2/15 kB
2026.05.20 22:55:10 INFO  Progress (4): 6.7/12 MB | 0.6/3.8 MB | 98/270 kB | 8.2/15 kB
2026.05.20 22:55:10 INFO  Progress (4): 6.7/12 MB | 0.6/3.8 MB | 98/270 kB | 15 kB    
2026.05.20 22:55:10 INFO  Progress (4): 6.7/12 MB | 0.6/3.8 MB | 115/270 kB | 15 kB
2026.05.20 22:55:10 INFO  Progress (4): 6.7/12 MB | 0.7/3.8 MB | 115/270 kB | 15 kB
2026.05.20 22:55:10 INFO  Progress (4): 6.7/12 MB | 0.7/3.8 MB | 131/270 kB | 15 kB
2026.05.20 22:55:10 INFO                                                           
2026.05.20 22:55:10 INFO  Downloaded from central: https://repo.maven.apache.org/maven2/org/scala-sbt/util-relation_2.13/1.8.0/util-relation_2.13-1.8.0.jar (15 kB at 26 kB/s)
2026.05.20 22:55:10 INFO  Downloading from central: https://repo.maven.apache.org/maven2/org/scala-lang/modules/scala-parser-combinators_2.13/1.1.2/scala-parser-combinators_2.13-1.1.2.jar
2026.05.20 22:55:10 INFO  Progress (3): 6.7/12 MB | 0.7/3.8 MB | 131/270 kB
2026.05.20 22:55:10 INFO  Progress (3): 6.7/12 MB | 0.7/3.8 MB | 147/270 kB
2026.05.20 22:55:10 INFO  Progress (3): 6.7/12 MB | 0.7/3.8 MB | 147/270 kB
2026.05.20 22:55:10 INFO  Progress (3): 6.7/12 MB | 0.7/3.8 MB | 164/270 kB
2026.05.20 22:55:10 INFO  Progress (3): 6.7/12 MB | 0.7/3.8 MB | 180/270 kB
2026.05.20 22:55:10 INFO  Progress (3): 6.7/12 MB | 0.7/3.8 MB | 197/270 kB
2026.05.20 22:55:10 INFO  Progress (3): 6.7/12 MB | 0.7/3.8 MB | 197/270 kB
2026.05.20 22:55:10 INFO  Progress (3): 6.7/12 MB | 0.7/3.8 MB | 213/270 kB
2026.05.20 22:55:10 INFO  Progress (3): 6.7/12 MB | 0.7/3.8 MB | 229/270 kB
2026.05.20 22:55:10 INFO  Progress (3): 6.7/12 MB | 0.7/3.8 MB | 238/270 kB
2026.05.20 22:55:10 INFO  Progress (3): 6.7/12 MB | 0.7/3.8 MB | 254/270 kB
2026.05.20 22:55:10 INFO  Progress (3): 6.7/12 MB | 0.7/3.8 MB | 270 kB    
2026.05.20 22:55:10 INFO  Progress (3): 6.7/12 MB | 0.7/3.8 MB | 270 kB
2026.05.20 22:55:10 INFO  Progress (3): 6.7/12 MB | 0.7/3.8 MB | 270 kB
2026.05.20 22:55:10 INFO                                               
2026.05.20 22:55:10 INFO  Downloaded from central: https://repo.maven.apache.org/maven2/org/scala-sbt/zinc-persist_2.13/1.8.0/zinc-persist_2.13-1.8.0.jar (270 kB at 452 kB/s)
2026.05.20 22:55:10 INFO  Downloading from central: https://repo.maven.apache.org/maven2/net/openhft/zero-allocation-hashing/0.10.1/zero-allocation-hashing-0.10.1.jar
2026.05.20 22:55:10 INFO  Progress (2): 6.7/12 MB | 0.7/3.8 MB
2026.05.20 22:55:10 INFO  Progress (2): 6.7/12 MB | 0.7/3.8 MB
2026.05.20 22:55:10 INFO  Progress (2): 6.7/12 MB | 0.8/3.8 MB
2026.05.20 22:55:10 INFO  Progress (2): 6.7/12 MB | 0.8/3.8 MB
2026.05.20 22:55:10 INFO  Progress (2): 6.7/12 MB | 0.8/3.8 MB
2026.05.20 22:55:10 INFO  Progress (2): 6.7/12 MB | 0.8/3.8 MB
2026.05.20 22:55:10 INFO  Progress (2): 6.7/12 MB | 0.8/3.8 MB
2026.05.20 22:55:10 INFO  Progress (2): 6.7/12 MB | 0.8/3.8 MB
2026.05.20 22:55:10 INFO  Progress (2): 6.7/12 MB | 0.8/3.8 MB
2026.05.20 22:55:10 INFO  Progress (2): 6.7/12 MB | 0.8/3.8 MB
2026.05.20 22:55:10 INFO  Progress (2): 6.7/12 MB | 0.8/3.8 MB
2026.05.20 22:55:10 INFO  Progress (2): 6.7/12 MB | 0.8/3.8 MB
2026.05.20 22:55:10 INFO  Progress (2): 6.7/12 MB | 0.9/3.8 MB
2026.05.20 22:55:10 INFO  Progress (2): 6.8/12 MB | 0.9/3.8 MB
2026.05.20 22:55:10 INFO  Progress (2): 6.8/12 MB | 0.9/3.8 MB
2026.05.20 22:55:10 INFO  Progress (2): 6.8/12 MB | 0.9/3.8 MB
2026.05.20 22:55:10 INFO  Progress (2): 6.8/12 MB | 0.9/3.8 MB
2026.05.20 22:55:10 INFO  Progress (2): 6.8/12 MB | 0.9/3.8 MB
2026.05.20 22:55:10 INFO  Progress (2): 6.8/12 MB | 0.9/3.8 MB
2026.05.20 22:55:10 INFO  Progress (2): 6.8/12 MB | 0.9/3.8 MB
2026.05.20 22:55:10 INFO  Progress (2): 6.8/12 MB | 1.0/3.8 MB
2026.05.20 22:55:10 INFO  Progress (2): 6.8/12 MB | 1.0/3.8 MB
2026.05.20 22:55:10 INFO  Progress (2): 6.8/12 MB | 1.0/3.8 MB
2026.05.20 22:55:10 INFO  Progress (2): 6.8/12 MB | 1.0/3.8 MB
2026.05.20 22:55:10 INFO  Progress (2): 6.8/12 MB | 1.0/3.8 MB
2026.05.20 22:55:10 INFO  Progress (2): 6.8/12 MB | 1.0/3.8 MB
2026.05.20 22:55:10 INFO  Progress (2): 6.8/12 MB | 1.0/3.8 MB
2026.05.20 22:55:10 INFO  Progress (2): 6.8/12 MB | 1.0/3.8 MB
2026.05.20 22:55:10 INFO  Progress (2): 6.8/12 MB | 1.0/3.8 MB
2026.05.20 22:55:10 INFO  Progress (2): 6.8/12 MB | 1.0/3.8 MB
2026.05.20 22:55:10 INFO  Progress (2): 6.8/12 MB | 1.1/3.8 MB
2026.05.20 22:55:10 INFO  Progress (2): 6.8/12 MB | 1.1/3.8 MB
2026.05.20 22:55:10 INFO  Progress (2): 6.8/12 MB | 1.1/3.8 MB
2026.05.20 22:55:10 INFO  Progress (2): 6.9/12 MB | 1.1/3.8 MB
2026.05.20 22:55:10 INFO  Progress (2): 6.9/12 MB | 1.1/3.8 MB
2026.05.20 22:55:10 INFO  Progress (2): 6.9/12 MB | 1.1/3.8 MB
2026.05.20 22:55:10 INFO  Progress (2): 6.9/12 MB | 1.1/3.8 MB
2026.05.20 22:55:10 INFO  Progress (2): 6.9/12 MB | 1.1/3.8 MB
2026.05.20 22:55:10 INFO  Progress (2): 6.9/12 MB | 1.1/3.8 MB
2026.05.20 22:55:10 INFO  Progress (2): 6.9/12 MB | 1.1/3.8 MB
2026.05.20 22:55:10 INFO  Progress (2): 6.9/12 MB | 1.1/3.8 MB
2026.05.20 22:55:10 INFO  Progress (3): 6.9/12 MB | 1.1/3.8 MB | 8.2/254 kB
2026.05.20 22:55:10 INFO  Progress (3): 6.9/12 MB | 1.1/3.8 MB | 8.2/254 kB
2026.05.20 22:55:10 INFO  Progress (3): 6.9/12 MB | 1.1/3.8 MB | 25/254 kB 
2026.05.20 22:55:10 INFO  Progress (3): 7.0/12 MB | 1.1/3.8 MB | 25/254 kB
2026.05.20 22:55:10 INFO  Progress (3): 7.0/12 MB | 1.1/3.8 MB | 41/254 kB
2026.05.20 22:55:10 INFO  Progress (3): 7.0/12 MB | 1.1/3.8 MB | 49/254 kB
2026.05.20 22:55:10 INFO  Progress (3): 7.0/12 MB | 1.1/3.8 MB | 49/254 kB
2026.05.20 22:55:10 INFO  Progress (3): 7.0/12 MB | 1.1/3.8 MB | 66/254 kB
2026.05.20 22:55:10 INFO  Progress (3): 7.0/12 MB | 1.1/3.8 MB | 66/254 kB
2026.05.20 22:55:10 INFO  Progress (3): 7.0/12 MB | 1.2/3.8 MB | 66/254 kB
2026.05.20 22:55:10 INFO  Progress (3): 7.0/12 MB | 1.2/3.8 MB | 66/254 kB
2026.05.20 22:55:10 INFO  Progress (3): 7.0/12 MB | 1.2/3.8 MB | 66/254 kB
2026.05.20 22:55:10 INFO  Progress (3): 7.0/12 MB | 1.2/3.8 MB | 66/254 kB
2026.05.20 22:55:10 INFO  Progress (3): 7.0/12 MB | 1.2/3.8 MB | 66/254 kB
2026.05.20 22:55:10 INFO  Progress (3): 7.0/12 MB | 1.2/3.8 MB | 66/254 kB
2026.05.20 22:55:10 INFO  Progress (3): 7.1/12 MB | 1.2/3.8 MB | 66/254 kB
2026.05.20 22:55:10 INFO  Progress (3): 7.1/12 MB | 1.2/3.8 MB | 66/254 kB
2026.05.20 22:55:10 INFO  Progress (4): 7.1/12 MB | 1.2/3.8 MB | 66/254 kB | 7.7/225 kB
2026.05.20 22:55:10 INFO  Progress (4): 7.1/12 MB | 1.2/3.8 MB | 66/254 kB | 8.2/225 kB
2026.05.20 22:55:10 INFO  Progress (4): 7.1/12 MB | 1.2/3.8 MB | 66/254 kB | 8.2/225 kB
2026.05.20 22:55:10 INFO  Progress (4): 7.1/12 MB | 1.2/3.8 MB | 66/254 kB | 25/225 kB 
2026.05.20 22:55:10 INFO  Progress (4): 7.1/12 MB | 1.2/3.8 MB | 66/254 kB | 41/225 kB
2026.05.20 22:55:10 INFO  Progress (4): 7.1/12 MB | 1.2/3.8 MB | 74/254 kB | 41/225 kB
2026.05.20 22:55:10 INFO  Progress (4): 7.1/12 MB | 1.2/3.8 MB | 74/254 kB | 41/225 kB
2026.05.20 22:55:10 INFO  Progress (4): 7.1/12 MB | 1.2/3.8 MB | 74/254 kB | 57/225 kB
2026.05.20 22:55:10 INFO  Progress (5): 7.1/12 MB | 1.2/3.8 MB | 74/254 kB | 57/225 kB | 7.7/60 kB
2026.05.20 22:55:10 INFO  Progress (5): 7.1/12 MB | 1.2/3.8 MB | 74/254 kB | 57/225 kB | 8.2/60 kB
2026.05.20 22:55:10 INFO  Progress (5): 7.1/12 MB | 1.2/3.8 MB | 74/254 kB | 57/225 kB | 16/60 kB 
2026.05.20 22:55:10 INFO  Progress (5): 7.1/12 MB | 1.2/3.8 MB | 74/254 kB | 57/225 kB | 25/60 kB
2026.05.20 22:55:10 INFO  Progress (5): 7.1/12 MB | 1.2/3.8 MB | 90/254 kB | 57/225 kB | 25/60 kB
2026.05.20 22:55:10 INFO  Progress (5): 7.1/12 MB | 1.2/3.8 MB | 90/254 kB | 57/225 kB | 41/60 kB
2026.05.20 22:55:10 INFO  Progress (5): 7.1/12 MB | 1.2/3.8 MB | 90/254 kB | 57/225 kB | 41/60 kB
2026.05.20 22:55:10 INFO  Progress (5): 7.1/12 MB | 1.2/3.8 MB | 106/254 kB | 57/225 kB | 41/60 kB
2026.05.20 22:55:10 INFO  Progress (5): 7.1/12 MB | 1.2/3.8 MB | 106/254 kB | 57/225 kB | 57/60 kB
2026.05.20 22:55:10 INFO  Progress (5): 7.1/12 MB | 1.2/3.8 MB | 115/254 kB | 57/225 kB | 57/60 kB
2026.05.20 22:55:10 INFO  Progress (5): 7.1/12 MB | 1.2/3.8 MB | 115/254 kB | 57/225 kB | 60 kB   
2026.05.20 22:55:10 INFO  Progress (5): 7.1/12 MB | 1.2/3.8 MB | 115/254 kB | 57/225 kB | 60 kB
2026.05.20 22:55:10 INFO  Progress (5): 7.1/12 MB | 1.2/3.8 MB | 131/254 kB | 57/225 kB | 60 kB
2026.05.20 22:55:10 INFO  Progress (5): 7.2/12 MB | 1.2/3.8 MB | 131/254 kB | 57/225 kB | 60 kB
2026.05.20 22:55:10 INFO  Progress (5): 7.2/12 MB | 1.2/3.8 MB | 131/254 kB | 57/225 kB | 60 kB
2026.05.20 22:55:10 INFO  Progress (5): 7.2/12 MB | 1.2/3.8 MB | 147/254 kB | 57/225 kB | 60 kB
2026.05.20 22:55:10 INFO  Progress (5): 7.2/12 MB | 1.2/3.8 MB | 156/254 kB | 57/225 kB | 60 kB
2026.05.20 22:55:10 INFO  Progress (5): 7.2/12 MB | 1.2/3.8 MB | 164/254 kB | 57/225 kB | 60 kB
2026.05.20 22:55:10 INFO  Progress (5): 7.2/12 MB | 1.2/3.8 MB | 180/254 kB | 57/225 kB | 60 kB
2026.05.20 22:55:10 INFO  Progress (5): 7.2/12 MB | 1.2/3.8 MB | 197/254 kB | 57/225 kB | 60 kB
2026.05.20 22:55:10 INFO  Progress (5): 7.2/12 MB | 1.2/3.8 MB | 197/254 kB | 57/225 kB | 60 kB
2026.05.20 22:55:10 INFO  Progress (5): 7.2/12 MB | 1.2/3.8 MB | 205/254 kB | 57/225 kB | 60 kB
2026.05.20 22:55:10 INFO  Progress (5): 7.2/12 MB | 1.2/3.8 MB | 213/254 kB | 57/225 kB | 60 kB
2026.05.20 22:55:10 INFO  Progress (5): 7.2/12 MB | 1.2/3.8 MB | 229/254 kB | 57/225 kB | 60 kB
2026.05.20 22:55:10 INFO  Progress (5): 7.2/12 MB | 1.2/3.8 MB | 229/254 kB | 57/225 kB | 60 kB
2026.05.20 22:55:10 INFO  Progress (5): 7.2/12 MB | 1.2/3.8 MB | 246/254 kB | 57/225 kB | 60 kB
2026.05.20 22:55:10 INFO  Progress (5): 7.2/12 MB | 1.2/3.8 MB | 246/254 kB | 57/225 kB | 60 kB
2026.05.20 22:55:10 INFO  Progress (5): 7.2/12 MB | 1.2/3.8 MB | 246/254 kB | 57/225 kB | 60 kB
2026.05.20 22:55:10 INFO  Progress (5): 7.2/12 MB | 1.2/3.8 MB | 246/254 kB | 57/225 kB | 60 kB
2026.05.20 22:55:10 INFO  Progress (5): 7.2/12 MB | 1.2/3.8 MB | 246/254 kB | 57/225 kB | 60 kB
2026.05.20 22:55:10 INFO  Progress (5): 7.2/12 MB | 1.2/3.8 MB | 246/254 kB | 57/225 kB | 60 kB
2026.05.20 22:55:10 INFO                                                                       
2026.05.20 22:55:10 INFO  Downloaded from central: https://repo.maven.apache.org/maven2/net/openhft/zero-allocation-hashing/0.10.1/zero-allocation-hashing-0.10.1.jar (60 kB at 95 kB/s)
2026.05.20 22:55:10 INFO  Downloading from central: https://repo.maven.apache.org/maven2/org/scala-sbt/util-control_2.13/1.8.0/util-control_2.13-1.8.0.jar
2026.05.20 22:55:10 INFO  Progress (4): 7.2/12 MB | 1.2/3.8 MB | 246/254 kB | 74/225 kB
2026.05.20 22:55:10 INFO  Progress (4): 7.2/12 MB | 1.2/3.8 MB | 246/254 kB | 90/225 kB
2026.05.20 22:55:10 INFO  Progress (4): 7.2/12 MB | 1.2/3.8 MB | 246/254 kB | 90/225 kB
2026.05.20 22:55:10 INFO  Progress (4): 7.2/12 MB | 1.2/3.8 MB | 246/254 kB | 106/225 kB
2026.05.20 22:55:10 INFO  Progress (4): 7.3/12 MB | 1.2/3.8 MB | 246/254 kB | 106/225 kB
2026.05.20 22:55:10 INFO  Progress (4): 7.3/12 MB | 1.2/3.8 MB | 246/254 kB | 106/225 kB
2026.05.20 22:55:10 INFO  Progress (4): 7.3/12 MB | 1.2/3.8 MB | 254 kB | 106/225 kB    
2026.05.20 22:55:10 INFO  Progress (4): 7.3/12 MB | 1.2/3.8 MB | 254 kB | 106/225 kB
2026.05.20 22:55:10 INFO  Progress (4): 7.3/12 MB | 1.2/3.8 MB | 254 kB | 123/225 kB
2026.05.20 22:55:10 INFO  Progress (4): 7.3/12 MB | 1.2/3.8 MB | 254 kB | 131/225 kB
2026.05.20 22:55:10 INFO  Progress (4): 7.3/12 MB | 1.2/3.8 MB | 254 kB | 131/225 kB
2026.05.20 22:55:10 INFO  Progress (4): 7.3/12 MB | 1.2/3.8 MB | 254 kB | 147/225 kB
2026.05.20 22:55:10 INFO  Progress (4): 7.3/12 MB | 1.2/3.8 MB | 254 kB | 147/225 kB
2026.05.20 22:55:10 INFO  Progress (4): 7.3/12 MB | 1.3/3.8 MB | 254 kB | 147/225 kB
2026.05.20 22:55:10 INFO  Progress (4): 7.3/12 MB | 1.3/3.8 MB | 254 kB | 156/225 kB
2026.05.20 22:55:10 INFO  Progress (4): 7.3/12 MB | 1.3/3.8 MB | 254 kB | 164/225 kB
2026.05.20 22:55:10 INFO  Progress (4): 7.3/12 MB | 1.3/3.8 MB | 254 kB | 164/225 kB
2026.05.20 22:55:10 INFO  Progress (4): 7.3/12 MB | 1.3/3.8 MB | 254 kB | 164/225 kB
2026.05.20 22:55:10 INFO  Progress (4): 7.4/12 MB | 1.3/3.8 MB | 254 kB | 164/225 kB
2026.05.20 22:55:10 INFO  Progress (4): 7.4/12 MB | 1.3/3.8 MB | 254 kB | 180/225 kB
2026.05.20 22:55:10 INFO  Progress (4): 7.4/12 MB | 1.3/3.8 MB | 254 kB | 197/225 kB
2026.05.20 22:55:10 INFO  Progress (4): 7.4/12 MB | 1.3/3.8 MB | 254 kB | 213/225 kB
2026.05.20 22:55:10 INFO                                                            
2026.05.20 22:55:10 INFO  Downloaded from central: https://repo.maven.apache.org/maven2/org/scala-sbt/zinc-compile-core_2.13/1.8.0/zinc-compile-core_2.13-1.8.0.jar (254 kB at 391 kB/s)
2026.05.20 22:55:10 INFO  Progress (3): 7.4/12 MB | 1.3/3.8 MB | 225 kB
2026.05.20 22:55:10 INFO                                               
2026.05.20 22:55:10 INFO  Downloaded from central: https://repo.maven.apache.org/maven2/org/scala-lang/modules/scala-parser-combinators_2.13/1.1.2/scala-parser-combinators_2.13-1.1.2.jar (225 kB at 347 kB/s)
2026.05.20 22:55:10 INFO  Downloading from central: https://repo.maven.apache.org/maven2/org/scala-sbt/zinc-classfile_2.13/1.8.0/zinc-classfile_2.13-1.8.0.jar
2026.05.20 22:55:10 INFO  Progress (2): 7.4/12 MB | 1.3/3.8 MB
2026.05.20 22:55:10 INFO  Progress (2): 7.4/12 MB | 1.3/3.8 MB
2026.05.20 22:55:10 INFO  Progress (2): 7.4/12 MB | 1.3/3.8 MB
2026.05.20 22:55:10 INFO  Progress (2): 7.4/12 MB | 1.3/3.8 MB
2026.05.20 22:55:10 INFO  Progress (2): 7.4/12 MB | 1.3/3.8 MB
2026.05.20 22:55:10 INFO  Progress (2): 7.4/12 MB | 1.3/3.8 MB
2026.05.20 22:55:10 INFO  Progress (2): 7.4/12 MB | 1.3/3.8 MB
2026.05.20 22:55:10 INFO  Progress (2): 7.5/12 MB | 1.3/3.8 MB
2026.05.20 22:55:10 INFO  Progress (2): 7.5/12 MB | 1.3/3.8 MB
2026.05.20 22:55:10 INFO  Progress (2): 7.5/12 MB | 1.3/3.8 MB
2026.05.20 22:55:10 INFO  Progress (2): 7.5/12 MB | 1.3/3.8 MB
2026.05.20 22:55:10 INFO  Progress (2): 7.5/12 MB | 1.3/3.8 MB
2026.05.20 22:55:10 INFO  Progress (2): 7.5/12 MB | 1.3/3.8 MB
2026.05.20 22:55:10 INFO  Progress (2): 7.5/12 MB | 1.4/3.8 MB
2026.05.20 22:55:10 INFO  Progress (2): 7.5/12 MB | 1.4/3.8 MB
2026.05.20 22:55:10 INFO  Progress (2): 7.5/12 MB | 1.4/3.8 MB
2026.05.20 22:55:10 INFO  Progress (2): 7.5/12 MB | 1.4/3.8 MB
2026.05.20 22:55:10 INFO  Progress (2): 7.5/12 MB | 1.4/3.8 MB
2026.05.20 22:55:10 INFO  Progress (2): 7.5/12 MB | 1.4/3.8 MB
2026.05.20 22:55:10 INFO  Progress (2): 7.5/12 MB | 1.4/3.8 MB
2026.05.20 22:55:10 INFO  Progress (2): 7.5/12 MB | 1.4/3.8 MB
2026.05.20 22:55:10 INFO  Progress (2): 7.6/12 MB | 1.4/3.8 MB
2026.05.20 22:55:10 INFO  Progress (3): 7.6/12 MB | 1.4/3.8 MB | 7.7/19 kB
2026.05.20 22:55:10 INFO  Progress (3): 7.6/12 MB | 1.5/3.8 MB | 7.7/19 kB
2026.05.20 22:55:10 INFO  Progress (3): 7.6/12 MB | 1.5/3.8 MB | 16/19 kB 
2026.05.20 22:55:10 INFO  Progress (3): 7.6/12 MB | 1.5/3.8 MB | 19 kB   
2026.05.20 22:55:10 INFO  Progress (3): 7.6/12 MB | 1.5/3.8 MB | 19 kB
2026.05.20 22:55:10 INFO  Progress (3): 7.6/12 MB | 1.5/3.8 MB | 19 kB
2026.05.20 22:55:10 INFO                                              
2026.05.20 22:55:10 INFO  Downloaded from central: https://repo.maven.apache.org/maven2/org/scala-sbt/util-control_2.13/1.8.0/util-control_2.13-1.8.0.jar (19 kB at 29 kB/s)
2026.05.20 22:55:10 INFO  Progress (2): 7.6/12 MB | 1.5/3.8 MB
2026.05.20 22:55:10 INFO  Progress (2): 7.6/12 MB | 1.5/3.8 MB
2026.05.20 22:55:10 INFO  Progress (2): 7.6/12 MB | 1.5/3.8 MB
2026.05.20 22:55:10 INFO  Progress (2): 7.6/12 MB | 1.5/3.8 MB
2026.05.20 22:55:10 INFO  Progress (2): 7.6/12 MB | 1.5/3.8 MB
2026.05.20 22:55:10 INFO  Progress (2): 7.6/12 MB | 1.5/3.8 MB
2026.05.20 22:55:10 INFO  Progress (2): 7.6/12 MB | 1.6/3.8 MB
2026.05.20 22:55:10 INFO  Progress (2): 7.6/12 MB | 1.6/3.8 MB
2026.05.20 22:55:10 INFO  Progress (2): 7.6/12 MB | 1.6/3.8 MB
2026.05.20 22:55:10 INFO  Progress (2): 7.6/12 MB | 1.6/3.8 MB
2026.05.20 22:55:10 INFO  Progress (2): 7.7/12 MB | 1.6/3.8 MB
2026.05.20 22:55:10 INFO  Progress (2): 7.7/12 MB | 1.6/3.8 MB
2026.05.20 22:55:10 INFO  Progress (2): 7.7/12 MB | 1.6/3.8 MB
2026.05.20 22:55:10 INFO  Progress (2): 7.7/12 MB | 1.6/3.8 MB
2026.05.20 22:55:10 INFO  Progress (2): 7.7/12 MB | 1.6/3.8 MB
2026.05.20 22:55:10 INFO  Progress (2): 7.7/12 MB | 1.6/3.8 MB
2026.05.20 22:55:10 INFO  Progress (2): 7.7/12 MB | 1.6/3.8 MB
2026.05.20 22:55:10 INFO  Progress (2): 7.7/12 MB | 1.6/3.8 MB
2026.05.20 22:55:10 INFO  Progress (2): 7.7/12 MB | 1.6/3.8 MB
2026.05.20 22:55:10 INFO  Progress (2): 7.7/12 MB | 1.6/3.8 MB
2026.05.20 22:55:10 INFO  Progress (2): 7.7/12 MB | 1.6/3.8 MB
2026.05.20 22:55:10 INFO  Progress (2): 7.7/12 MB | 1.7/3.8 MB
2026.05.20 22:55:10 INFO  Progress (2): 7.8/12 MB | 1.7/3.8 MB
2026.05.20 22:55:10 INFO  Progress (2): 7.8/12 MB | 1.7/3.8 MB
2026.05.20 22:55:10 INFO  Progress (2): 7.8/12 MB | 1.7/3.8 MB
2026.05.20 22:55:10 INFO  Progress (2): 7.8/12 MB | 1.7/3.8 MB
2026.05.20 22:55:10 INFO  Progress (2): 7.8/12 MB | 1.7/3.8 MB
2026.05.20 22:55:10 INFO  Progress (2): 7.8/12 MB | 1.7/3.8 MB
2026.05.20 22:55:10 INFO  Progress (2): 7.8/12 MB | 1.7/3.8 MB
2026.05.20 22:55:10 INFO  Progress (2): 7.8/12 MB | 1.7/3.8 MB
2026.05.20 22:55:10 INFO  Progress (3): 7.8/12 MB | 1.7/3.8 MB | 8.2/108 kB
2026.05.20 22:55:10 INFO  Progress (3): 7.8/12 MB | 1.7/3.8 MB | 8.2/108 kB
2026.05.20 22:55:10 INFO  Progress (3): 7.8/12 MB | 1.7/3.8 MB | 8.2/108 kB
2026.05.20 22:55:10 INFO  Progress (3): 7.8/12 MB | 1.7/3.8 MB | 25/108 kB 
2026.05.20 22:55:10 INFO  Progress (3): 7.8/12 MB | 1.8/3.8 MB | 25/108 kB
2026.05.20 22:55:10 INFO  Progress (3): 7.8/12 MB | 1.8/3.8 MB | 41/108 kB
2026.05.20 22:55:10 INFO  Progress (3): 7.8/12 MB | 1.8/3.8 MB | 41/108 kB
2026.05.20 22:55:10 INFO  Progress (3): 7.8/12 MB | 1.8/3.8 MB | 57/108 kB
2026.05.20 22:55:10 INFO  Progress (3): 7.8/12 MB | 1.8/3.8 MB | 57/108 kB
2026.05.20 22:55:10 INFO  Progress (3): 7.8/12 MB | 1.8/3.8 MB | 57/108 kB
2026.05.20 22:55:10 INFO  Progress (3): 7.9/12 MB | 1.8/3.8 MB | 57/108 kB
2026.05.20 22:55:10 INFO  Progress (3): 7.9/12 MB | 1.8/3.8 MB | 57/108 kB
2026.05.20 22:55:10 INFO  Progress (3): 7.9/12 MB | 1.8/3.8 MB | 57/108 kB
2026.05.20 22:55:10 INFO  Progress (3): 7.9/12 MB | 1.8/3.8 MB | 74/108 kB
2026.05.20 22:55:10 INFO  Progress (3): 7.9/12 MB | 1.8/3.8 MB | 74/108 kB
2026.05.20 22:55:10 INFO  Progress (3): 7.9/12 MB | 1.8/3.8 MB | 82/108 kB
2026.05.20 22:55:10 INFO  Progress (3): 7.9/12 MB | 1.8/3.8 MB | 82/108 kB
2026.05.20 22:55:10 INFO  Progress (3): 7.9/12 MB | 1.8/3.8 MB | 82/108 kB
2026.05.20 22:55:10 INFO  Progress (3): 7.9/12 MB | 1.8/3.8 MB | 98/108 kB
2026.05.20 22:55:10 INFO  Progress (3): 7.9/12 MB | 1.8/3.8 MB | 98/108 kB
2026.05.20 22:55:10 INFO  Progress (3): 7.9/12 MB | 1.8/3.8 MB | 108 kB   
2026.05.20 22:55:10 INFO  Progress (3): 7.9/12 MB | 1.8/3.8 MB | 108 kB
2026.05.20 22:55:10 INFO  Progress (3): 7.9/12 MB | 1.8/3.8 MB | 108 kB
2026.05.20 22:55:10 INFO                                               
2026.05.20 22:55:10 INFO  Downloaded from central: https://repo.maven.apache.org/maven2/org/scala-sbt/zinc-classfile_2.13/1.8.0/zinc-classfile_2.13-1.8.0.jar (108 kB at 161 kB/s)
2026.05.20 22:55:10 INFO  Progress (2): 7.9/12 MB | 1.9/3.8 MB
2026.05.20 22:55:10 INFO  Progress (2): 8.0/12 MB | 1.9/3.8 MB
2026.05.20 22:55:10 INFO  Progress (2): 8.0/12 MB | 1.9/3.8 MB
2026.05.20 22:55:10 INFO  Progress (2): 8.0/12 MB | 1.9/3.8 MB
2026.05.20 22:55:10 INFO  Progress (2): 8.0/12 MB | 1.9/3.8 MB
2026.05.20 22:55:10 INFO  Progress (2): 8.0/12 MB | 1.9/3.8 MB
2026.05.20 22:55:10 INFO  Progress (2): 8.0/12 MB | 1.9/3.8 MB
2026.05.20 22:55:10 INFO  Progress (2): 8.0/12 MB | 1.9/3.8 MB
2026.05.20 22:55:10 INFO  Progress (2): 8.0/12 MB | 1.9/3.8 MB
2026.05.20 22:55:10 INFO  Progress (2): 8.0/12 MB | 1.9/3.8 MB
2026.05.20 22:55:10 INFO  Progress (2): 8.0/12 MB | 1.9/3.8 MB
2026.05.20 22:55:10 INFO  Progress (2): 8.0/12 MB | 1.9/3.8 MB
2026.05.20 22:55:10 INFO  Progress (2): 8.0/12 MB | 2.0/3.8 MB
2026.05.20 22:55:10 INFO  Progress (2): 8.1/12 MB | 2.0/3.8 MB
2026.05.20 22:55:10 INFO  Progress (2): 8.1/12 MB | 2.0/3.8 MB
2026.05.20 22:55:10 INFO  Progress (2): 8.1/12 MB | 2.0/3.8 MB
2026.05.20 22:55:10 INFO  Progress (2): 8.1/12 MB | 2.0/3.8 MB
2026.05.20 22:55:10 INFO  Progress (2): 8.1/12 MB | 2.0/3.8 MB
2026.05.20 22:55:10 INFO  Progress (2): 8.1/12 MB | 2.0/3.8 MB
2026.05.20 22:55:10 INFO  Progress (2): 8.1/12 MB | 2.0/3.8 MB
2026.05.20 22:55:10 INFO  Progress (2): 8.1/12 MB | 2.0/3.8 MB
2026.05.20 22:55:10 INFO  Progress (2): 8.1/12 MB | 2.0/3.8 MB
2026.05.20 22:55:10 INFO  Progress (2): 8.1/12 MB | 2.0/3.8 MB
2026.05.20 22:55:10 INFO  Progress (2): 8.1/12 MB | 2.0/3.8 MB
2026.05.20 22:55:10 INFO  Progress (2): 8.1/12 MB | 2.1/3.8 MB
2026.05.20 22:55:10 INFO  Progress (2): 8.1/12 MB | 2.1/3.8 MB
2026.05.20 22:55:10 INFO  Progress (2): 8.1/12 MB | 2.1/3.8 MB
2026.05.20 22:55:10 INFO  Progress (2): 8.2/12 MB | 2.1/3.8 MB
2026.05.20 22:55:10 INFO  Progress (2): 8.2/12 MB | 2.1/3.8 MB
2026.05.20 22:55:10 INFO  Progress (2): 8.2/12 MB | 2.1/3.8 MB
2026.05.20 22:55:10 INFO  Progress (2): 8.2/12 MB | 2.1/3.8 MB
2026.05.20 22:55:10 INFO  Progress (2): 8.2/12 MB | 2.1/3.8 MB
2026.05.20 22:55:10 INFO  Progress (2): 8.2/12 MB | 2.1/3.8 MB
2026.05.20 22:55:10 INFO  Progress (2): 8.2/12 MB | 2.1/3.8 MB
2026.05.20 22:55:10 INFO  Progress (2): 8.2/12 MB | 2.1/3.8 MB
2026.05.20 22:55:10 INFO  Progress (2): 8.2/12 MB | 2.1/3.8 MB
2026.05.20 22:55:10 INFO  Progress (2): 8.2/12 MB | 2.1/3.8 MB
2026.05.20 22:55:10 INFO  Progress (2): 8.2/12 MB | 2.2/3.8 MB
2026.05.20 22:55:10 INFO  Progress (2): 8.3/12 MB | 2.2/3.8 MB
2026.05.20 22:55:10 INFO  Progress (2): 8.3/12 MB | 2.2/3.8 MB
2026.05.20 22:55:10 INFO  Progress (2): 8.3/12 MB | 2.2/3.8 MB
2026.05.20 22:55:10 INFO  Progress (2): 8.3/12 MB | 2.2/3.8 MB
2026.05.20 22:55:10 INFO  Progress (2): 8.3/12 MB | 2.2/3.8 MB
2026.05.20 22:55:10 INFO  Progress (2): 8.3/12 MB | 2.2/3.8 MB
2026.05.20 22:55:10 INFO  Progress (2): 8.3/12 MB | 2.2/3.8 MB
2026.05.20 22:55:10 INFO  Progress (2): 8.3/12 MB | 2.2/3.8 MB
2026.05.20 22:55:10 INFO  Progress (2): 8.3/12 MB | 2.2/3.8 MB
2026.05.20 22:55:10 INFO  Progress (2): 8.3/12 MB | 2.2/3.8 MB
2026.05.20 22:55:10 INFO  Progress (2): 8.3/12 MB | 2.2/3.8 MB
2026.05.20 22:55:10 INFO  Progress (2): 8.3/12 MB | 2.2/3.8 MB
2026.05.20 22:55:10 INFO  Progress (2): 8.3/12 MB | 2.3/3.8 MB
2026.05.20 22:55:10 INFO  Progress (2): 8.4/12 MB | 2.3/3.8 MB
2026.05.20 22:55:10 INFO  Progress (2): 8.4/12 MB | 2.3/3.8 MB
2026.05.20 22:55:10 INFO  Progress (2): 8.4/12 MB | 2.3/3.8 MB
2026.05.20 22:55:10 INFO  Progress (2): 8.4/12 MB | 2.3/3.8 MB
2026.05.20 22:55:10 INFO  Progress (2): 8.4/12 MB | 2.3/3.8 MB
2026.05.20 22:55:10 INFO  Progress (2): 8.4/12 MB | 2.3/3.8 MB
2026.05.20 22:55:10 INFO  Progress (2): 8.4/12 MB | 2.3/3.8 MB
2026.05.20 22:55:10 INFO  Progress (2): 8.4/12 MB | 2.3/3.8 MB
2026.05.20 22:55:10 INFO  Progress (2): 8.4/12 MB | 2.3/3.8 MB
2026.05.20 22:55:10 INFO  Progress (2): 8.4/12 MB | 2.3/3.8 MB
2026.05.20 22:55:10 INFO  Progress (2): 8.5/12 MB | 2.3/3.8 MB
2026.05.20 22:55:10 INFO  Progress (2): 8.5/12 MB | 2.3/3.8 MB
2026.05.20 22:55:10 INFO  Progress (2): 8.5/12 MB | 2.3/3.8 MB
2026.05.20 22:55:10 INFO  Progress (2): 8.5/12 MB | 2.4/3.8 MB
2026.05.20 22:55:10 INFO  Progress (2): 8.5/12 MB | 2.4/3.8 MB
2026.05.20 22:55:10 INFO  Progress (2): 8.5/12 MB | 2.4/3.8 MB
2026.05.20 22:55:10 INFO  Progress (2): 8.5/12 MB | 2.4/3.8 MB
2026.05.20 22:55:10 INFO  Progress (2): 8.5/12 MB | 2.4/3.8 MB
2026.05.20 22:55:10 INFO  Progress (2): 8.5/12 MB | 2.4/3.8 MB
2026.05.20 22:55:10 INFO  Progress (2): 8.5/12 MB | 2.4/3.8 MB
2026.05.20 22:55:10 INFO  Progress (2): 8.5/12 MB | 2.4/3.8 MB
2026.05.20 22:55:10 INFO  Progress (2): 8.5/12 MB | 2.4/3.8 MB
2026.05.20 22:55:10 INFO  Progress (2): 8.5/12 MB | 2.4/3.8 MB
2026.05.20 22:55:10 INFO  Progress (2): 8.5/12 MB | 2.4/3.8 MB
2026.05.20 22:55:10 INFO  Progress (2): 8.6/12 MB | 2.4/3.8 MB
2026.05.20 22:55:10 INFO  Progress (2): 8.6/12 MB | 2.5/3.8 MB
2026.05.20 22:55:10 INFO  Progress (2): 8.6/12 MB | 2.5/3.8 MB
2026.05.20 22:55:10 INFO  Progress (2): 8.6/12 MB | 2.5/3.8 MB
2026.05.20 22:55:10 INFO  Progress (2): 8.6/12 MB | 2.5/3.8 MB
2026.05.20 22:55:10 INFO  Progress (2): 8.6/12 MB | 2.5/3.8 MB
2026.05.20 22:55:10 INFO  Progress (2): 8.6/12 MB | 2.5/3.8 MB
2026.05.20 22:55:10 INFO  Progress (2): 8.6/12 MB | 2.5/3.8 MB
2026.05.20 22:55:10 INFO  Progress (2): 8.6/12 MB | 2.5/3.8 MB
2026.05.20 22:55:10 INFO  Progress (2): 8.6/12 MB | 2.5/3.8 MB
2026.05.20 22:55:10 INFO  Progress (2): 8.6/12 MB | 2.5/3.8 MB
2026.05.20 22:55:10 INFO  Progress (2): 8.7/12 MB | 2.5/3.8 MB
2026.05.20 22:55:10 INFO  Progress (2): 8.7/12 MB | 2.5/3.8 MB
2026.05.20 22:55:10 INFO  Progress (2): 8.7/12 MB | 2.5/3.8 MB
2026.05.20 22:55:10 INFO  Progress (2): 8.7/12 MB | 2.6/3.8 MB
2026.05.20 22:55:10 INFO  Progress (2): 8.7/12 MB | 2.6/3.8 MB
2026.05.20 22:55:10 INFO  Progress (2): 8.7/12 MB | 2.6/3.8 MB
2026.05.20 22:55:10 INFO  Progress (2): 8.7/12 MB | 2.6/3.8 MB
2026.05.20 22:55:10 INFO  Progress (2): 8.7/12 MB | 2.6/3.8 MB
2026.05.20 22:55:10 INFO  Progress (2): 8.7/12 MB | 2.6/3.8 MB
2026.05.20 22:55:10 INFO  Progress (2): 8.7/12 MB | 2.6/3.8 MB
2026.05.20 22:55:10 INFO  Progress (2): 8.7/12 MB | 2.6/3.8 MB
2026.05.20 22:55:10 INFO  Progress (2): 8.7/12 MB | 2.6/3.8 MB
2026.05.20 22:55:10 INFO  Progress (2): 8.8/12 MB | 2.6/3.8 MB
2026.05.20 22:55:10 INFO  Progress (2): 8.8/12 MB | 2.6/3.8 MB
2026.05.20 22:55:10 INFO  Progress (2): 8.8/12 MB | 2.6/3.8 MB
2026.05.20 22:55:10 INFO  Progress (2): 8.8/12 MB | 2.7/3.8 MB
2026.05.20 22:55:10 INFO  Progress (2): 8.8/12 MB | 2.7/3.8 MB
2026.05.20 22:55:10 INFO  Progress (2): 8.8/12 MB | 2.7/3.8 MB
2026.05.20 22:55:10 INFO  Progress (2): 8.8/12 MB | 2.7/3.8 MB
2026.05.20 22:55:10 INFO  Progress (2): 8.8/12 MB | 2.7/3.8 MB
2026.05.20 22:55:10 INFO  Progress (2): 8.8/12 MB | 2.7/3.8 MB
2026.05.20 22:55:10 INFO  Progress (2): 8.8/12 MB | 2.7/3.8 MB
2026.05.20 22:55:10 INFO  Progress (2): 8.8/12 MB | 2.7/3.8 MB
2026.05.20 22:55:10 INFO  Progress (2): 8.8/12 MB | 2.7/3.8 MB
2026.05.20 22:55:10 INFO  Progress (2): 8.8/12 MB | 2.7/3.8 MB
2026.05.20 22:55:10 INFO  Progress (2): 8.8/12 MB | 2.7/3.8 MB
2026.05.20 22:55:10 INFO  Progress (2): 8.8/12 MB | 2.8/3.8 MB
2026.05.20 22:55:10 INFO  Progress (2): 8.9/12 MB | 2.8/3.8 MB
2026.05.20 22:55:10 INFO  Progress (2): 8.9/12 MB | 2.8/3.8 MB
2026.05.20 22:55:10 INFO  Progress (2): 8.9/12 MB | 2.8/3.8 MB
2026.05.20 22:55:10 INFO  Progress (2): 8.9/12 MB | 2.8/3.8 MB
2026.05.20 22:55:10 INFO  Progress (2): 8.9/12 MB | 2.8/3.8 MB
2026.05.20 22:55:10 INFO  Progress (2): 8.9/12 MB | 2.8/3.8 MB
2026.05.20 22:55:10 INFO  Progress (2): 8.9/12 MB | 2.8/3.8 MB
2026.05.20 22:55:10 INFO  Progress (2): 8.9/12 MB | 2.8/3.8 MB
2026.05.20 22:55:10 INFO  Progress (2): 8.9/12 MB | 2.8/3.8 MB
2026.05.20 22:55:10 INFO  Progress (2): 8.9/12 MB | 2.8/3.8 MB
2026.05.20 22:55:10 INFO  Progress (2): 8.9/12 MB | 2.8/3.8 MB
2026.05.20 22:55:10 INFO  Progress (2): 9.0/12 MB | 2.8/3.8 MB
2026.05.20 22:55:10 INFO  Progress (2): 9.0/12 MB | 2.8/3.8 MB
2026.05.20 22:55:10 INFO  Progress (2): 9.0/12 MB | 2.8/3.8 MB
2026.05.20 22:55:10 INFO  Progress (2): 9.0/12 MB | 2.8/3.8 MB
2026.05.20 22:55:10 INFO  Progress (2): 9.0/12 MB | 2.9/3.8 MB
2026.05.20 22:55:10 INFO  Progress (2): 9.0/12 MB | 2.9/3.8 MB
2026.05.20 22:55:10 INFO  Progress (2): 9.0/12 MB | 2.9/3.8 MB
2026.05.20 22:55:10 INFO  Progress (2): 9.0/12 MB | 2.9/3.8 MB
2026.05.20 22:55:10 INFO  Progress (2): 9.0/12 MB | 2.9/3.8 MB
2026.05.20 22:55:10 INFO  Progress (2): 9.0/12 MB | 2.9/3.8 MB
2026.05.20 22:55:10 INFO  Progress (2): 9.1/12 MB | 2.9/3.8 MB
2026.05.20 22:55:10 INFO  Progress (2): 9.1/12 MB | 2.9/3.8 MB
2026.05.20 22:55:10 INFO  Progress (2): 9.1/12 MB | 2.9/3.8 MB
2026.05.20 22:55:10 INFO  Progress (2): 9.1/12 MB | 2.9/3.8 MB
2026.05.20 22:55:10 INFO  Progress (2): 9.1/12 MB | 2.9/3.8 MB
2026.05.20 22:55:10 INFO  Progress (2): 9.1/12 MB | 2.9/3.8 MB
2026.05.20 22:55:10 INFO  Progress (2): 9.1/12 MB | 3.0/3.8 MB
2026.05.20 22:55:10 INFO  Progress (2): 9.1/12 MB | 3.0/3.8 MB
2026.05.20 22:55:10 INFO  Progress (2): 9.1/12 MB | 3.0/3.8 MB
2026.05.20 22:55:10 INFO  Progress (2): 9.1/12 MB | 3.0/3.8 MB
2026.05.20 22:55:10 INFO  Progress (2): 9.1/12 MB | 3.0/3.8 MB
2026.05.20 22:55:10 INFO  Progress (2): 9.1/12 MB | 3.0/3.8 MB
2026.05.20 22:55:10 INFO  Progress (2): 9.1/12 MB | 3.0/3.8 MB
2026.05.20 22:55:10 INFO  Progress (2): 9.2/12 MB | 3.0/3.8 MB
2026.05.20 22:55:10 INFO  Progress (2): 9.2/12 MB | 3.0/3.8 MB
2026.05.20 22:55:10 INFO  Progress (2): 9.2/12 MB | 3.0/3.8 MB
2026.05.20 22:55:10 INFO  Progress (2): 9.2/12 MB | 3.0/3.8 MB
2026.05.20 22:55:10 INFO  Progress (2): 9.2/12 MB | 3.0/3.8 MB
2026.05.20 22:55:10 INFO  Progress (2): 9.2/12 MB | 3.0/3.8 MB
2026.05.20 22:55:10 INFO  Progress (2): 9.2/12 MB | 3.0/3.8 MB
2026.05.20 22:55:10 INFO  Progress (2): 9.2/12 MB | 3.1/3.8 MB
2026.05.20 22:55:10 INFO  Progress (2): 9.2/12 MB | 3.1/3.8 MB
2026.05.20 22:55:10 INFO  Progress (2): 9.2/12 MB | 3.1/3.8 MB
2026.05.20 22:55:10 INFO  Progress (2): 9.2/12 MB | 3.1/3.8 MB
2026.05.20 22:55:10 INFO  Progress (2): 9.3/12 MB | 3.1/3.8 MB
2026.05.20 22:55:10 INFO  Progress (2): 9.3/12 MB | 3.1/3.8 MB
2026.05.20 22:55:10 INFO  Progress (2): 9.3/12 MB | 3.1/3.8 MB
2026.05.20 22:55:10 INFO  Progress (2): 9.3/12 MB | 3.1/3.8 MB
2026.05.20 22:55:10 INFO  Progress (2): 9.3/12 MB | 3.1/3.8 MB
2026.05.20 22:55:10 INFO  Progress (2): 9.3/12 MB | 3.1/3.8 MB
2026.05.20 22:55:10 INFO  Progress (2): 9.3/12 MB | 3.1/3.8 MB
2026.05.20 22:55:10 INFO  Progress (2): 9.3/12 MB | 3.1/3.8 MB
2026.05.20 22:55:10 INFO  Progress (2): 9.3/12 MB | 3.1/3.8 MB
2026.05.20 22:55:10 INFO  Progress (2): 9.3/12 MB | 3.1/3.8 MB
2026.05.20 22:55:10 INFO  Progress (2): 9.4/12 MB | 3.1/3.8 MB
2026.05.20 22:55:10 INFO  Progress (2): 9.4/12 MB | 3.2/3.8 MB
2026.05.20 22:55:10 INFO  Progress (2): 9.4/12 MB | 3.2/3.8 MB
2026.05.20 22:55:10 INFO  Progress (2): 9.4/12 MB | 3.2/3.8 MB
2026.05.20 22:55:10 INFO  Progress (2): 9.4/12 MB | 3.2/3.8 MB
2026.05.20 22:55:10 INFO  Progress (2): 9.4/12 MB | 3.2/3.8 MB
2026.05.20 22:55:10 INFO  Progress (2): 9.4/12 MB | 3.2/3.8 MB
2026.05.20 22:55:10 INFO  Progress (2): 9.4/12 MB | 3.2/3.8 MB
2026.05.20 22:55:10 INFO  Progress (2): 9.4/12 MB | 3.2/3.8 MB
2026.05.20 22:55:10 INFO  Progress (2): 9.4/12 MB | 3.2/3.8 MB
2026.05.20 22:55:10 INFO  Progress (2): 9.4/12 MB | 3.2/3.8 MB
2026.05.20 22:55:10 INFO  Progress (2): 9.5/12 MB | 3.2/3.8 MB
2026.05.20 22:55:10 INFO  Progress (2): 9.5/12 MB | 3.2/3.8 MB
2026.05.20 22:55:10 INFO  Progress (2): 9.5/12 MB | 3.2/3.8 MB
2026.05.20 22:55:10 INFO  Progress (2): 9.5/12 MB | 3.3/3.8 MB
2026.05.20 22:55:10 INFO  Progress (2): 9.5/12 MB | 3.3/3.8 MB
2026.05.20 22:55:10 INFO  Progress (2): 9.5/12 MB | 3.3/3.8 MB
2026.05.20 22:55:10 INFO  Progress (2): 9.5/12 MB | 3.3/3.8 MB
2026.05.20 22:55:10 INFO  Progress (2): 9.5/12 MB | 3.3/3.8 MB
2026.05.20 22:55:10 INFO  Progress (2): 9.5/12 MB | 3.3/3.8 MB
2026.05.20 22:55:10 INFO  Progress (2): 9.5/12 MB | 3.3/3.8 MB
2026.05.20 22:55:10 INFO  Progress (2): 9.5/12 MB | 3.3/3.8 MB
2026.05.20 22:55:10 INFO  Progress (2): 9.5/12 MB | 3.3/3.8 MB
2026.05.20 22:55:10 INFO  Progress (2): 9.5/12 MB | 3.3/3.8 MB
2026.05.20 22:55:10 INFO  Progress (2): 9.5/12 MB | 3.3/3.8 MB
2026.05.20 22:55:10 INFO  Progress (2): 9.6/12 MB | 3.3/3.8 MB
2026.05.20 22:55:10 INFO  Progress (2): 9.6/12 MB | 3.4/3.8 MB
2026.05.20 22:55:10 INFO  Progress (2): 9.6/12 MB | 3.4/3.8 MB
2026.05.20 22:55:10 INFO  Progress (2): 9.6/12 MB | 3.4/3.8 MB
2026.05.20 22:55:10 INFO  Progress (2): 9.6/12 MB | 3.4/3.8 MB
2026.05.20 22:55:10 INFO  Progress (2): 9.6/12 MB | 3.4/3.8 MB
2026.05.20 22:55:10 INFO  Progress (2): 9.6/12 MB | 3.4/3.8 MB
2026.05.20 22:55:10 INFO  Progress (2): 9.6/12 MB | 3.4/3.8 MB
2026.05.20 22:55:10 INFO  Progress (2): 9.6/12 MB | 3.4/3.8 MB
2026.05.20 22:55:10 INFO  Progress (2): 9.6/12 MB | 3.4/3.8 MB
2026.05.20 22:55:10 INFO  Progress (2): 9.6/12 MB | 3.4/3.8 MB
2026.05.20 22:55:10 INFO  Progress (2): 9.7/12 MB | 3.4/3.8 MB
2026.05.20 22:55:10 INFO  Progress (2): 9.7/12 MB | 3.4/3.8 MB
2026.05.20 22:55:10 INFO  Progress (2): 9.7/12 MB | 3.4/3.8 MB
2026.05.20 22:55:10 INFO  Progress (2): 9.7/12 MB | 3.5/3.8 MB
2026.05.20 22:55:10 INFO  Progress (2): 9.7/12 MB | 3.5/3.8 MB
2026.05.20 22:55:10 INFO  Progress (2): 9.7/12 MB | 3.5/3.8 MB
2026.05.20 22:55:10 INFO  Progress (2): 9.7/12 MB | 3.5/3.8 MB
2026.05.20 22:55:10 INFO  Progress (2): 9.7/12 MB | 3.5/3.8 MB
2026.05.20 22:55:10 INFO  Progress (2): 9.7/12 MB | 3.5/3.8 MB
2026.05.20 22:55:10 INFO  Progress (2): 9.7/12 MB | 3.5/3.8 MB
2026.05.20 22:55:10 INFO  Progress (2): 9.7/12 MB | 3.5/3.8 MB
2026.05.20 22:55:10 INFO  Progress (2): 9.7/12 MB | 3.5/3.8 MB
2026.05.20 22:55:10 INFO  Progress (2): 9.7/12 MB | 3.5/3.8 MB
2026.05.20 22:55:10 INFO  Progress (2): 9.8/12 MB | 3.5/3.8 MB
2026.05.20 22:55:10 INFO  Progress (2): 9.8/12 MB | 3.5/3.8 MB
2026.05.20 22:55:10 INFO  Progress (2): 9.8/12 MB | 3.6/3.8 MB
2026.05.20 22:55:10 INFO  Progress (2): 9.8/12 MB | 3.6/3.8 MB
2026.05.20 22:55:10 INFO  Progress (2): 9.8/12 MB | 3.6/3.8 MB
2026.05.20 22:55:10 INFO  Progress (2): 9.8/12 MB | 3.6/3.8 MB
2026.05.20 22:55:10 INFO  Progress (2): 9.8/12 MB | 3.6/3.8 MB
2026.05.20 22:55:10 INFO  Progress (2): 9.8/12 MB | 3.6/3.8 MB
2026.05.20 22:55:10 INFO  Progress (2): 9.8/12 MB | 3.6/3.8 MB
2026.05.20 22:55:10 INFO  Progress (2): 9.8/12 MB | 3.6/3.8 MB
2026.05.20 22:55:10 INFO  Progress (2): 9.8/12 MB | 3.6/3.8 MB
2026.05.20 22:55:10 INFO  Progress (2): 9.8/12 MB | 3.6/3.8 MB
2026.05.20 22:55:10 INFO  Progress (2): 9.8/12 MB | 3.6/3.8 MB
2026.05.20 22:55:10 INFO  Progress (2): 9.8/12 MB | 3.6/3.8 MB
2026.05.20 22:55:10 INFO  Progress (2): 9.8/12 MB | 3.7/3.8 MB
2026.05.20 22:55:10 INFO  Progress (2): 9.8/12 MB | 3.7/3.8 MB
2026.05.20 22:55:10 INFO  Progress (2): 9.8/12 MB | 3.7/3.8 MB
2026.05.20 22:55:10 INFO  Progress (2): 9.9/12 MB | 3.7/3.8 MB
2026.05.20 22:55:10 INFO  Progress (2): 9.9/12 MB | 3.7/3.8 MB
2026.05.20 22:55:10 INFO  Progress (2): 9.9/12 MB | 3.7/3.8 MB
2026.05.20 22:55:10 INFO  Progress (2): 9.9/12 MB | 3.7/3.8 MB
2026.05.20 22:55:10 INFO  Progress (2): 9.9/12 MB | 3.7/3.8 MB
2026.05.20 22:55:10 INFO  Progress (2): 9.9/12 MB | 3.7/3.8 MB
2026.05.20 22:55:10 INFO  Progress (2): 9.9/12 MB | 3.7/3.8 MB
2026.05.20 22:55:10 INFO  Progress (2): 9.9/12 MB | 3.7/3.8 MB
2026.05.20 22:55:10 INFO  Progress (2): 9.9/12 MB | 3.8/3.8 MB
2026.05.20 22:55:10 INFO  Progress (2): 9.9/12 MB | 3.8 MB    
2026.05.20 22:55:10 INFO  Progress (2): 9.9/12 MB | 3.8 MB
2026.05.20 22:55:10 INFO  Progress (2): 10.0/12 MB | 3.8 MB
2026.05.20 22:55:10 INFO  Progress (2): 10.0/12 MB | 3.8 MB
2026.05.20 22:55:10 INFO                                   
2026.05.20 22:55:10 INFO  Downloaded from central: https://repo.maven.apache.org/maven2/org/scala-lang/scala-reflect/2.13.8/scala-reflect-2.13.8.jar (3.8 MB at 5.1 MB/s)
2026.05.20 22:55:10 INFO  Progress (1): 10.0/12 MB
2026.05.20 22:55:10 INFO  Progress (1): 10/12 MB  
2026.05.20 22:55:10 INFO  Progress (1): 10/12 MB
2026.05.20 22:55:10 INFO  Progress (1): 10/12 MB
2026.05.20 22:55:10 INFO  Progress (1): 10/12 MB
2026.05.20 22:55:10 INFO  Progress (1): 10/12 MB
2026.05.20 22:55:10 INFO  Progress (1): 10/12 MB
2026.05.20 22:55:10 INFO  Progress (1): 10/12 MB
2026.05.20 22:55:10 INFO  Progress (1): 10/12 MB
2026.05.20 22:55:10 INFO  Progress (1): 10/12 MB
2026.05.20 22:55:10 INFO  Progress (1): 10/12 MB
2026.05.20 22:55:10 INFO  Progress (1): 10/12 MB
2026.05.20 22:55:10 INFO  Progress (1): 10/12 MB
2026.05.20 22:55:10 INFO  Progress (1): 10/12 MB
2026.05.20 22:55:10 INFO  Progress (1): 10/12 MB
2026.05.20 22:55:10 INFO  Progress (1): 10/12 MB
2026.05.20 22:55:10 INFO  Progress (1): 10/12 MB
2026.05.20 22:55:10 INFO  Progress (1): 10/12 MB
2026.05.20 22:55:10 INFO  Progress (1): 10/12 MB
2026.05.20 22:55:10 INFO  Progress (1): 10/12 MB
2026.05.20 22:55:10 INFO  Progress (1): 10/12 MB
2026.05.20 22:55:10 INFO  Progress (1): 10/12 MB
2026.05.20 22:55:10 INFO  Progress (1): 10/12 MB
2026.05.20 22:55:10 INFO  Progress (1): 10/12 MB
2026.05.20 22:55:10 INFO  Progress (1): 10/12 MB
2026.05.20 22:55:10 INFO  Progress (1): 10/12 MB
2026.05.20 22:55:10 INFO  Progress (1): 10/12 MB
2026.05.20 22:55:10 INFO  Progress (1): 10/12 MB
2026.05.20 22:55:10 INFO  Progress (1): 10/12 MB
2026.05.20 22:55:10 INFO  Progress (1): 10/12 MB
2026.05.20 22:55:10 INFO  Progress (1): 10/12 MB
2026.05.20 22:55:10 INFO  Progress (1): 10/12 MB
2026.05.20 22:55:10 INFO  Progress (1): 11/12 MB
2026.05.20 22:55:10 INFO  Progress (1): 11/12 MB
2026.05.20 22:55:10 INFO  Progress (1): 11/12 MB
2026.05.20 22:55:10 INFO  Progress (1): 11/12 MB
2026.05.20 22:55:10 INFO  Progress (1): 11/12 MB
2026.05.20 22:55:10 INFO  Progress (1): 11/12 MB
2026.05.20 22:55:10 INFO  Progress (1): 11/12 MB
2026.05.20 22:55:10 INFO  Progress (1): 11/12 MB
2026.05.20 22:55:10 INFO  Progress (1): 11/12 MB
2026.05.20 22:55:10 INFO  Progress (1): 11/12 MB
2026.05.20 22:55:10 INFO  Progress (1): 11/12 MB
2026.05.20 22:55:10 INFO  Progress (1): 11/12 MB
2026.05.20 22:55:10 INFO  Progress (1): 11/12 MB
2026.05.20 22:55:10 INFO  Progress (1): 11/12 MB
2026.05.20 22:55:10 INFO  Progress (1): 11/12 MB
2026.05.20 22:55:10 INFO  Progress (1): 11/12 MB
2026.05.20 22:55:10 INFO  Progress (1): 11/12 MB
2026.05.20 22:55:10 INFO  Progress (1): 11/12 MB
2026.05.20 22:55:10 INFO  Progress (1): 11/12 MB
2026.05.20 22:55:10 INFO  Progress (1): 11/12 MB
2026.05.20 22:55:10 INFO  Progress (1): 11/12 MB
2026.05.20 22:55:10 INFO  Progress (1): 11/12 MB
2026.05.20 22:55:10 INFO  Progress (1): 11/12 MB
2026.05.20 22:55:10 INFO  Progress (1): 11/12 MB
2026.05.20 22:55:10 INFO  Progress (1): 11/12 MB
2026.05.20 22:55:10 INFO  Progress (1): 11/12 MB
2026.05.20 22:55:10 INFO  Progress (1): 11/12 MB
2026.05.20 22:55:10 INFO  Progress (1): 11/12 MB
2026.05.20 22:55:10 INFO  Progress (1): 11/12 MB
2026.05.20 22:55:10 INFO  Progress (1): 11/12 MB
2026.05.20 22:55:10 INFO  Progress (1): 11/12 MB
2026.05.20 22:55:10 INFO  Progress (1): 11/12 MB
2026.05.20 22:55:10 INFO  Progress (1): 11/12 MB
2026.05.20 22:55:10 INFO  Progress (1): 11/12 MB
2026.05.20 22:55:10 INFO  Progress (1): 11/12 MB
2026.05.20 22:55:10 INFO  Progress (1): 11/12 MB
2026.05.20 22:55:10 INFO  Progress (1): 11/12 MB
2026.05.20 22:55:10 INFO  Progress (1): 11/12 MB
2026.05.20 22:55:10 INFO  Progress (1): 11/12 MB
2026.05.20 22:55:10 INFO  Progress (1): 11/12 MB
2026.05.20 22:55:10 INFO  Progress (1): 11/12 MB
2026.05.20 22:55:10 INFO  Progress (1): 11/12 MB
2026.05.20 22:55:10 INFO  Progress (1): 11/12 MB
2026.05.20 22:55:10 INFO  Progress (1): 11/12 MB
2026.05.20 22:55:10 INFO  Progress (1): 11/12 MB
2026.05.20 22:55:10 INFO  Progress (1): 11/12 MB
2026.05.20 22:55:10 INFO  Progress (1): 11/12 MB
2026.05.20 22:55:10 INFO  Progress (1): 11/12 MB
2026.05.20 22:55:10 INFO  Progress (1): 11/12 MB
2026.05.20 22:55:10 INFO  Progress (1): 11/12 MB
2026.05.20 22:55:10 INFO  Progress (1): 11/12 MB
2026.05.20 22:55:10 INFO  Progress (1): 11/12 MB
2026.05.20 22:55:10 INFO  Progress (1): 11/12 MB
2026.05.20 22:55:10 INFO  Progress (1): 11/12 MB
2026.05.20 22:55:10 INFO  Progress (1): 11/12 MB
2026.05.20 22:55:10 INFO  Progress (1): 11/12 MB
2026.05.20 22:55:10 INFO  Progress (1): 11/12 MB
2026.05.20 22:55:10 INFO  Progress (1): 11/12 MB
2026.05.20 22:55:10 INFO  Progress (1): 11/12 MB
2026.05.20 22:55:10 INFO  Progress (1): 11/12 MB
2026.05.20 22:55:10 INFO  Progress (1): 11/12 MB
2026.05.20 22:55:10 INFO  Progress (1): 11/12 MB
2026.05.20 22:55:10 INFO  Progress (1): 12/12 MB
2026.05.20 22:55:10 INFO  Progress (1): 12/12 MB
2026.05.20 22:55:10 INFO  Progress (1): 12/12 MB
2026.05.20 22:55:10 INFO  Progress (1): 12/12 MB
2026.05.20 22:55:10 INFO  Progress (1): 12/12 MB
2026.05.20 22:55:10 INFO  Progress (1): 12/12 MB
2026.05.20 22:55:10 INFO  Progress (1): 12/12 MB
2026.05.20 22:55:10 INFO  Progress (1): 12/12 MB
2026.05.20 22:55:10 INFO  Progress (1): 12/12 MB
2026.05.20 22:55:10 INFO  Progress (1): 12/12 MB
2026.05.20 22:55:10 INFO  Progress (1): 12/12 MB
2026.05.20 22:55:10 INFO  Progress (1): 12/12 MB
2026.05.20 22:55:10 INFO  Progress (1): 12/12 MB
2026.05.20 22:55:10 INFO  Progress (1): 12/12 MB
2026.05.20 22:55:10 INFO  Progress (1): 12/12 MB
2026.05.20 22:55:10 INFO  Progress (1): 12/12 MB
2026.05.20 22:55:10 INFO  Progress (1): 12/12 MB
2026.05.20 22:55:10 INFO  Progress (1): 12/12 MB
2026.05.20 22:55:10 INFO  Progress (1): 12/12 MB
2026.05.20 22:55:10 INFO  Progress (1): 12/12 MB
2026.05.20 22:55:10 INFO  Progress (1): 12/12 MB
2026.05.20 22:55:10 INFO  Progress (1): 12/12 MB
2026.05.20 22:55:10 INFO  Progress (1): 12/12 MB
2026.05.20 22:55:10 INFO  Progress (1): 12/12 MB
2026.05.20 22:55:10 INFO  Progress (1): 12/12 MB
2026.05.20 22:55:10 INFO  Progress (1): 12/12 MB
2026.05.20 22:55:10 INFO  Progress (1): 12/12 MB
2026.05.20 22:55:10 INFO  Progress (1): 12/12 MB
2026.05.20 22:55:10 INFO  Progress (1): 12/12 MB
2026.05.20 22:55:10 INFO  Progress (1): 12/12 MB
2026.05.20 22:55:10 INFO  Progress (1): 12/12 MB
2026.05.20 22:55:10 INFO  Progress (1): 12/12 MB
2026.05.20 22:55:10 INFO  Progress (1): 12/12 MB
2026.05.20 22:55:10 INFO  Progress (1): 12/12 MB
2026.05.20 22:55:10 INFO  Progress (1): 12/12 MB
2026.05.20 22:55:10 INFO  Progress (1): 12/12 MB
2026.05.20 22:55:10 INFO  Progress (1): 12/12 MB
2026.05.20 22:55:10 INFO  Progress (1): 12/12 MB
2026.05.20 22:55:10 INFO  Progress (1): 12 MB   
2026.05.20 22:55:10 INFO                     
2026.05.20 22:55:10 INFO  Downloaded from central: https://repo.maven.apache.org/maven2/org/scala-lang/scala-compiler/2.13.8/scala-compiler-2.13.8.jar (12 MB at 15 MB/s)
2026.05.20 22:55:12 INFO  [ERROR] org.scala-lang:scala([0-9]?)-library is missing from project dependencies
2026.05.20 22:55:12 INFO  [ERROR] org.scala-lang:scala([0-9]?)-library is missing from project dependencies
2026.05.20 22:55:12 INFO  [INFO] Resolving artifact: com.fasterxml.jackson.datatype:jackson-datatype-jsr310:jar:2.21.2:compile (sources = false)
2026.05.20 22:55:12 INFO  [INFO] SUCCESS: com.fasterxml.jackson.datatype:jackson-datatype-jsr310:jar:2.21.2:compile (sources = false)
2026.05.20 22:55:12 INFO  [INFO] Resolving artifact: com.fasterxml.jackson.datatype:jackson-datatype-jsr310:jar:2.21.2:compile (sources = true)
2026.05.20 22:55:12 INFO  Downloading from central: https://repo.maven.apache.org/maven2/com/fasterxml/jackson/datatype/jackson-datatype-jsr310/2.21.2/jackson-datatype-jsr310-2.21.2-sources.jar
2026.05.20 22:55:12 INFO  Progress (1): 7.7/93 kB
2026.05.20 22:55:12 INFO  Progress (1): 16/93 kB 
2026.05.20 22:55:12 INFO  Progress (1): 32/93 kB
2026.05.20 22:55:12 INFO  Progress (1): 49/93 kB
2026.05.20 22:55:12 INFO  Progress (1): 65/93 kB
2026.05.20 22:55:12 INFO  Progress (1): 81/93 kB
2026.05.20 22:55:12 INFO  Progress (1): 93 kB   
2026.05.20 22:55:12 INFO                     
2026.05.20 22:55:12 INFO  Downloaded from central: https://repo.maven.apache.org/maven2/com/fasterxml/jackson/datatype/jackson-datatype-jsr310/2.21.2/jackson-datatype-jsr310-2.21.2-sources.jar (93 kB at 3.5 MB/s)
2026.05.20 22:55:12 INFO  [INFO] SUCCESS: com.fasterxml.jackson.datatype:jackson-datatype-jsr310:jar:2.21.2:compile (sources = true)
2026.05.20 22:55:12 INFO  [INFO] Resolving artifact: com.jayway.jsonpath:json-path:jar:2.10.0:test (sources = false)
2026.05.20 22:55:12 INFO  [INFO] SUCCESS: com.jayway.jsonpath:json-path:jar:2.10.0:test (sources = false)
2026.05.20 22:55:12 INFO  [INFO] Resolving artifact: com.jayway.jsonpath:json-path:jar:2.10.0:test (sources = true)
2026.05.20 22:55:12 INFO  Downloading from central: https://repo.maven.apache.org/maven2/com/jayway/jsonpath/json-path/2.10.0/json-path-2.10.0-sources.jar
2026.05.20 22:55:12 INFO  Progress (1): 7.7/135 kB
2026.05.20 22:55:12 INFO  Progress (1): 16/135 kB 
2026.05.20 22:55:12 INFO  Progress (1): 32/135 kB
2026.05.20 22:55:12 INFO  Progress (1): 49/135 kB
2026.05.20 22:55:12 INFO  Progress (1): 65/135 kB
2026.05.20 22:55:12 INFO  Progress (1): 81/135 kB
2026.05.20 22:55:12 INFO  Progress (1): 97/135 kB
2026.05.20 22:55:12 INFO  Progress (1): 114/135 kB
2026.05.20 22:55:12 INFO  Progress (1): 130/135 kB
2026.05.20 22:55:12 INFO  Progress (1): 135 kB    
2026.05.20 22:55:12 INFO                      
2026.05.20 22:55:12 INFO  Downloaded from central: https://repo.maven.apache.org/maven2/com/jayway/jsonpath/json-path/2.10.0/json-path-2.10.0-sources.jar (135 kB at 4.8 MB/s)
2026.05.20 22:55:12 INFO  [INFO] SUCCESS: com.jayway.jsonpath:json-path:jar:2.10.0:test (sources = true)
2026.05.20 22:55:12 INFO  [INFO] Resolving artifact: org.hamcrest:hamcrest:jar:3.0:test (sources = false)
2026.05.20 22:55:12 INFO  [INFO] SUCCESS: org.hamcrest:hamcrest:jar:3.0:test (sources = false)
2026.05.20 22:55:12 INFO  [INFO] Resolving artifact: org.hamcrest:hamcrest:jar:3.0:test (sources = true)
2026.05.20 22:55:12 INFO  Downloading from central: https://repo.maven.apache.org/maven2/org/hamcrest/hamcrest/3.0/hamcrest-3.0-sources.jar
2026.05.20 22:55:12 INFO  Progress (1): 7.7/85 kB
2026.05.20 22:55:12 INFO  Progress (1): 16/85 kB 
2026.05.20 22:55:12 INFO  Progress (1): 25/85 kB
2026.05.20 22:55:12 INFO  Progress (1): 41/85 kB
2026.05.20 22:55:12 INFO  Progress (1): 57/85 kB
2026.05.20 22:55:12 INFO  Progress (1): 74/85 kB
2026.05.20 22:55:12 INFO  Progress (1): 85 kB   
2026.05.20 22:55:12 INFO                     
2026.05.20 22:55:12 INFO  Downloaded from central: https://repo.maven.apache.org/maven2/org/hamcrest/hamcrest/3.0/hamcrest-3.0-sources.jar (85 kB at 2.8 MB/s)
2026.05.20 22:55:12 INFO  [INFO] SUCCESS: org.hamcrest:hamcrest:jar:3.0:test (sources = true)
2026.05.20 22:55:12 INFO  [INFO] Resolving artifact: org.springframework.boot:spring-boot-starter:jar:4.0.5:compile (sources = false)
2026.05.20 22:55:12 INFO  [INFO] SUCCESS: org.springframework.boot:spring-boot-starter:jar:4.0.5:compile (sources = false)
2026.05.20 22:55:12 INFO  [INFO] Resolving artifact: org.springframework.boot:spring-boot-starter:jar:4.0.5:compile (sources = true)
2026.05.20 22:55:12 INFO  Downloading from central: https://repo.maven.apache.org/maven2/org/springframework/boot/spring-boot-starter/4.0.5/spring-boot-starter-4.0.5-sources.jar
2026.05.20 22:55:12 INFO  Progress (1): 4.8 kB
2026.05.20 22:55:12 INFO                      
2026.05.20 22:55:12 INFO  Downloaded from central: https://repo.maven.apache.org/maven2/org/springframework/boot/spring-boot-starter/4.0.5/spring-boot-starter-4.0.5-sources.jar (4.8 kB at 191 kB/s)
2026.05.20 22:55:12 INFO  [INFO] SUCCESS: org.springframework.boot:spring-boot-starter:jar:4.0.5:compile (sources = true)
2026.05.20 22:55:12 INFO  [INFO] Resolving artifact: org.springframework.boot:spring-boot-sql:jar:4.0.5:compile (sources = false)
2026.05.20 22:55:12 INFO  [INFO] SUCCESS: org.springframework.boot:spring-boot-sql:jar:4.0.5:compile (sources = false)
2026.05.20 22:55:12 INFO  [INFO] Resolving artifact: org.springframework.boot:spring-boot-sql:jar:4.0.5:compile (sources = true)
2026.05.20 22:55:12 INFO  Downloading from central: https://repo.maven.apache.org/maven2/org/springframework/boot/spring-boot-sql/4.0.5/spring-boot-sql-4.0.5-sources.jar
2026.05.20 22:55:12 INFO  Progress (1): 7.7/31 kB
2026.05.20 22:55:12 INFO  Progress (1): 16/31 kB 
2026.05.20 22:55:12 INFO  Progress (1): 28/31 kB
2026.05.20 22:55:12 INFO  Progress (1): 31 kB   
2026.05.20 22:55:12 INFO                     
2026.05.20 22:55:12 INFO  Downloaded from central: https://repo.maven.apache.org/maven2/org/springframework/boot/spring-boot-sql/4.0.5/spring-boot-sql-4.0.5-sources.jar (31 kB at 928 kB/s)
2026.05.20 22:55:12 INFO  [INFO] SUCCESS: org.springframework.boot:spring-boot-sql:jar:4.0.5:compile (sources = true)
2026.05.20 22:55:12 INFO  [INFO] Resolving artifact: com.sun.istack:istack-commons-runtime:jar:4.1.2:runtime (sources = false)
2026.05.20 22:55:12 INFO  [INFO] SUCCESS: com.sun.istack:istack-commons-runtime:jar:4.1.2:runtime (sources = false)
2026.05.20 22:55:12 INFO  [INFO] Resolving artifact: com.sun.istack:istack-commons-runtime:jar:4.1.2:runtime (sources = true)
2026.05.20 22:55:12 INFO  Downloading from central: https://repo.maven.apache.org/maven2/com/sun/istack/istack-commons-runtime/4.1.2/istack-commons-runtime-4.1.2-sources.jar
2026.05.20 22:55:12 INFO  Progress (1): 7.7/23 kB
2026.05.20 22:55:12 INFO  Progress (1): 16/23 kB 
2026.05.20 22:55:12 INFO  Progress (1): 23 kB   
2026.05.20 22:55:12 INFO                     
2026.05.20 22:55:12 INFO  Downloaded from central: https://repo.maven.apache.org/maven2/com/sun/istack/istack-commons-runtime/4.1.2/istack-commons-runtime-4.1.2-sources.jar (23 kB at 698 kB/s)
2026.05.20 22:55:12 INFO  [INFO] SUCCESS: com.sun.istack:istack-commons-runtime:jar:4.1.2:runtime (sources = true)
2026.05.20 22:55:12 INFO  [INFO] Resolving artifact: io.micrometer:micrometer-commons:jar:1.16.4:compile (sources = false)
2026.05.20 22:55:12 INFO  [INFO] SUCCESS: io.micrometer:micrometer-commons:jar:1.16.4:compile (sources = false)
2026.05.20 22:55:12 INFO  [INFO] Resolving artifact: io.micrometer:micrometer-commons:jar:1.16.4:compile (sources = true)
2026.05.20 22:55:12 INFO  Downloading from central: https://repo.maven.apache.org/maven2/io/micrometer/micrometer-commons/1.16.4/micrometer-commons-1.16.4-sources.jar
2026.05.20 22:55:12 INFO  Progress (1): 7.7/49 kB
2026.05.20 22:55:12 INFO  Progress (1): 16/49 kB 
2026.05.20 22:55:12 INFO  Progress (1): 32/49 kB
2026.05.20 22:55:12 INFO  Progress (1): 49/49 kB
2026.05.20 22:55:12 INFO  Progress (1): 49 kB   
2026.05.20 22:55:12 INFO                     
2026.05.20 22:55:12 INFO  Downloaded from central: https://repo.maven.apache.org/maven2/io/micrometer/micrometer-commons/1.16.4/micrometer-commons-1.16.4-sources.jar (49 kB at 1.6 MB/s)
2026.05.20 22:55:12 INFO  [INFO] SUCCESS: io.micrometer:micrometer-commons:jar:1.16.4:compile (sources = true)
2026.05.20 22:55:12 INFO  [INFO] Resolving artifact: org.slf4j:slf4j-api:jar:2.0.17:compile (sources = false)
2026.05.20 22:55:12 INFO  [INFO] SUCCESS: org.slf4j:slf4j-api:jar:2.0.17:compile (sources = false)
2026.05.20 22:55:12 INFO  [INFO] Resolving artifact: org.slf4j:slf4j-api:jar:2.0.17:compile (sources = true)
2026.05.20 22:55:12 INFO  Downloading from central: https://repo.maven.apache.org/maven2/org/slf4j/slf4j-api/2.0.17/slf4j-api-2.0.17-sources.jar
2026.05.20 22:55:12 INFO  Progress (1): 7.7/77 kB
2026.05.20 22:55:12 INFO  Progress (1): 16/77 kB 
2026.05.20 22:55:12 INFO  Progress (1): 32/77 kB
2026.05.20 22:55:12 INFO  Progress (1): 48/77 kB
2026.05.20 22:55:12 INFO  Progress (1): 65/77 kB
2026.05.20 22:55:12 INFO  Progress (1): 77 kB   
2026.05.20 22:55:12 INFO                     
2026.05.20 22:55:12 INFO  Downloaded from central: https://repo.maven.apache.org/maven2/org/slf4j/slf4j-api/2.0.17/slf4j-api-2.0.17-sources.jar (77 kB at 2.6 MB/s)
2026.05.20 22:55:12 INFO  [INFO] SUCCESS: org.slf4j:slf4j-api:jar:2.0.17:compile (sources = true)
2026.05.20 22:55:12 INFO  [INFO] Resolving artifact: org.jspecify:jspecify:jar:1.0.0:compile (sources = false)
2026.05.20 22:55:12 INFO  [INFO] SUCCESS: org.jspecify:jspecify:jar:1.0.0:compile (sources = false)
2026.05.20 22:55:12 INFO  [INFO] Resolving artifact: org.jspecify:jspecify:jar:1.0.0:compile (sources = true)
2026.05.20 22:55:12 INFO  Downloading from central: https://repo.maven.apache.org/maven2/org/jspecify/jspecify/1.0.0/jspecify-1.0.0-sources.jar
2026.05.20 22:55:12 INFO  Progress (1): 7.7/12 kB
2026.05.20 22:55:12 INFO  Progress (1): 12 kB    
2026.05.20 22:55:12 INFO                     
2026.05.20 22:55:12 INFO  Downloaded from central: https://repo.maven.apache.org/maven2/org/jspecify/jspecify/1.0.0/jspecify-1.0.0-sources.jar (12 kB at 461 kB/s)
2026.05.20 22:55:12 INFO  [INFO] SUCCESS: org.jspecify:jspecify:jar:1.0.0:compile (sources = true)
2026.05.20 22:55:12 INFO  [INFO] Resolving artifact: com.fasterxml.jackson.core:jackson-annotations:jar:2.21:compile (sources = false)
2026.05.20 22:55:12 INFO  [INFO] SUCCESS: com.fasterxml.jackson.core:jackson-annotations:jar:2.21:compile (sources = false)
2026.05.20 22:55:12 INFO  [INFO] Resolving artifact: com.fasterxml.jackson.core:jackson-annotations:jar:2.21:compile (sources = true)
2026.05.20 22:55:12 INFO  Downloading from central: https://repo.maven.apache.org/maven2/com/fasterxml/jackson/core/jackson-annotations/2.21/jackson-annotations-2.21-sources.jar
2026.05.20 22:55:12 INFO  Progress (1): 4.1/90 kB
2026.05.20 22:55:12 INFO  Progress (1): 20/90 kB 
2026.05.20 22:55:12 INFO  Progress (1): 37/90 kB
2026.05.20 22:55:12 INFO  Progress (1): 53/90 kB
2026.05.20 22:55:12 INFO  Progress (1): 70/90 kB
2026.05.20 22:55:12 INFO  Progress (1): 86/90 kB
2026.05.20 22:55:12 INFO  Progress (1): 90 kB   
2026.05.20 22:55:12 INFO                     
2026.05.20 22:55:12 INFO  Downloaded from central: https://repo.maven.apache.org/maven2/com/fasterxml/jackson/core/jackson-annotations/2.21/jackson-annotations-2.21-sources.jar (90 kB at 3.7 MB/s)
2026.05.20 22:55:12 INFO  [INFO] SUCCESS: com.fasterxml.jackson.core:jackson-annotations:jar:2.21:compile (sources = true)
2026.05.20 22:55:12 INFO  [INFO] Resolving artifact: org.springframework.security:spring-security-crypto:jar:7.0.4:compile (sources = false)
2026.05.20 22:55:12 INFO  [INFO] SUCCESS: org.springframework.security:spring-security-crypto:jar:7.0.4:compile (sources = false)
2026.05.20 22:55:12 INFO  [INFO] Resolving artifact: org.springframework.security:spring-security-crypto:jar:7.0.4:compile (sources = true)
2026.05.20 22:55:12 INFO  Downloading from central: https://repo.maven.apache.org/maven2/org/springframework/security/spring-security-crypto/7.0.4/spring-security-crypto-7.0.4-sources.jar
2026.05.20 22:55:12 INFO  Progress (1): 7.7/102 kB
2026.05.20 22:55:12 INFO  Progress (1): 16/102 kB 
2026.05.20 22:55:12 INFO  Progress (1): 32/102 kB
2026.05.20 22:55:12 INFO  Progress (1): 49/102 kB
2026.05.20 22:55:12 INFO  Progress (1): 57/102 kB
2026.05.20 22:55:12 INFO  Progress (1): 74/102 kB
2026.05.20 22:55:12 INFO  Progress (1): 90/102 kB
2026.05.20 22:55:12 INFO  Progress (1): 102 kB   
2026.05.20 22:55:12 INFO                      
2026.05.20 22:55:12 INFO  Downloaded from central: https://repo.maven.apache.org/maven2/org/springframework/security/spring-security-crypto/7.0.4/spring-security-crypto-7.0.4-sources.jar (102 kB at 4.2 MB/s)
2026.05.20 22:55:12 INFO  [INFO] SUCCESS: org.springframework.security:spring-security-crypto:jar:7.0.4:compile (sources = true)
2026.05.20 22:55:12 INFO  [INFO] Resolving artifact: org.springframework.boot:spring-boot-data-jpa:jar:4.0.5:compile (sources = false)
2026.05.20 22:55:12 INFO  [INFO] SUCCESS: org.springframework.boot:spring-boot-data-jpa:jar:4.0.5:compile (sources = false)
2026.05.20 22:55:12 INFO  [INFO] Resolving artifact: org.springframework.boot:spring-boot-data-jpa:jar:4.0.5:compile (sources = true)
2026.05.20 22:55:12 INFO  Downloading from central: https://repo.maven.apache.org/maven2/org/springframework/boot/spring-boot-data-jpa/4.0.5/spring-boot-data-jpa-4.0.5-sources.jar
2026.05.20 22:55:12 INFO  Progress (1): 7.7/11 kB
2026.05.20 22:55:12 INFO  Progress (1): 11 kB    
2026.05.20 22:55:12 INFO                     
2026.05.20 22:55:12 INFO  Downloaded from central: https://repo.maven.apache.org/maven2/org/springframework/boot/spring-boot-data-jpa/4.0.5/spring-boot-data-jpa-4.0.5-sources.jar (11 kB at 471 kB/s)
2026.05.20 22:55:12 INFO  [INFO] SUCCESS: org.springframework.boot:spring-boot-data-jpa:jar:4.0.5:compile (sources = true)
2026.05.20 22:55:12 INFO  [INFO] Resolving artifact: org.jboss.logging:jboss-logging:jar:3.6.3.Final:compile (sources = false)
2026.05.20 22:55:12 INFO  [INFO] SUCCESS: org.jboss.logging:jboss-logging:jar:3.6.3.Final:compile (sources = false)
2026.05.20 22:55:12 INFO  [INFO] Resolving artifact: org.jboss.logging:jboss-logging:jar:3.6.3.Final:compile (sources = true)
2026.05.20 22:55:12 INFO  Downloading from central: https://repo.maven.apache.org/maven2/org/jboss/logging/jboss-logging/3.6.3.Final/jboss-logging-3.6.3.Final-sources.jar
2026.05.20 22:55:12 INFO  Progress (1): 7.7/47 kB
2026.05.20 22:55:12 INFO  Progress (1): 16/47 kB 
2026.05.20 22:55:12 INFO  Progress (1): 32/47 kB
2026.05.20 22:55:12 INFO  Progress (1): 47 kB   
2026.05.20 22:55:12 INFO                     
2026.05.20 22:55:12 INFO  Downloaded from central: https://repo.maven.apache.org/maven2/org/jboss/logging/jboss-logging/3.6.3.Final/jboss-logging-3.6.3.Final-sources.jar (47 kB at 2.0 MB/s)
2026.05.20 22:55:12 INFO  [INFO] SUCCESS: org.jboss.logging:jboss-logging:jar:3.6.3.Final:compile (sources = true)
2026.05.20 22:55:12 INFO  [INFO] Resolving artifact: org.springframework.boot:spring-boot-starter-data-jpa:jar:4.0.5:compile (sources = false)
2026.05.20 22:55:12 INFO  [INFO] SUCCESS: org.springframework.boot:spring-boot-starter-data-jpa:jar:4.0.5:compile (sources = false)
2026.05.20 22:55:12 INFO  [INFO] Resolving artifact: org.springframework.boot:spring-boot-starter-data-jpa:jar:4.0.5:compile (sources = true)
2026.05.20 22:55:12 INFO  Downloading from central: https://repo.maven.apache.org/maven2/org/springframework/boot/spring-boot-starter-data-jpa/4.0.5/spring-boot-starter-data-jpa-4.0.5-sources.jar
2026.05.20 22:55:12 INFO  Progress (1): 4.8 kB
2026.05.20 22:55:12 INFO                      
2026.05.20 22:55:12 INFO  Downloaded from central: https://repo.maven.apache.org/maven2/org/springframework/boot/spring-boot-starter-data-jpa/4.0.5/spring-boot-starter-data-jpa-4.0.5-sources.jar (4.8 kB at 207 kB/s)
2026.05.20 22:55:12 INFO  [INFO] SUCCESS: org.springframework.boot:spring-boot-starter-data-jpa:jar:4.0.5:compile (sources = true)
2026.05.20 22:55:12 INFO  [INFO] Resolving artifact: org.springframework:spring-orm:jar:7.0.6:compile (sources = false)
2026.05.20 22:55:12 INFO  [INFO] SUCCESS: org.springframework:spring-orm:jar:7.0.6:compile (sources = false)
2026.05.20 22:55:12 INFO  [INFO] Resolving artifact: org.springframework:spring-orm:jar:7.0.6:compile (sources = true)
2026.05.20 22:55:12 INFO  Downloading from central: https://repo.maven.apache.org/maven2/org/springframework/spring-orm/7.0.6/spring-orm-7.0.6-sources.jar
2026.05.20 22:55:12 INFO  Progress (1): 7.7/171 kB
2026.05.20 22:55:12 INFO  Progress (1): 12/171 kB 
2026.05.20 22:55:12 INFO  Progress (1): 29/171 kB
2026.05.20 22:55:12 INFO  Progress (1): 45/171 kB
2026.05.20 22:55:12 INFO  Progress (1): 61/171 kB
2026.05.20 22:55:12 INFO  Progress (1): 78/171 kB
2026.05.20 22:55:12 INFO  Progress (1): 94/171 kB
2026.05.20 22:55:12 INFO  Progress (1): 111/171 kB
2026.05.20 22:55:12 INFO  Progress (1): 127/171 kB
2026.05.20 22:55:12 INFO  Progress (1): 143/171 kB
2026.05.20 22:55:12 INFO  Progress (1): 160/171 kB
2026.05.20 22:55:12 INFO  Progress (1): 171 kB    
2026.05.20 22:55:12 INFO                      
2026.05.20 22:55:12 INFO  Downloaded from central: https://repo.maven.apache.org/maven2/org/springframework/spring-orm/7.0.6/spring-orm-7.0.6-sources.jar (171 kB at 6.8 MB/s)
2026.05.20 22:55:12 INFO  [INFO] SUCCESS: org.springframework:spring-orm:jar:7.0.6:compile (sources = true)
2026.05.20 22:55:12 INFO  [INFO] Resolving artifact: org.springframework.boot:spring-boot-webmvc-test:jar:4.0.5:test (sources = false)
2026.05.20 22:55:12 INFO  [INFO] SUCCESS: org.springframework.boot:spring-boot-webmvc-test:jar:4.0.5:test (sources = false)
2026.05.20 22:55:12 INFO  [INFO] Resolving artifact: org.springframework.boot:spring-boot-webmvc-test:jar:4.0.5:test (sources = true)
2026.05.20 22:55:12 INFO  Downloading from central: https://repo.maven.apache.org/maven2/org/springframework/boot/spring-boot-webmvc-test/4.0.5/spring-boot-webmvc-test-4.0.5-sources.jar
2026.05.20 22:55:12 INFO  Progress (1): 7.7/33 kB
2026.05.20 22:55:12 INFO  Progress (1): 11/33 kB 
2026.05.20 22:55:12 INFO  Progress (1): 28/33 kB
2026.05.20 22:55:12 INFO  Progress (1): 33 kB   
2026.05.20 22:55:12 INFO                     
2026.05.20 22:55:12 INFO  Downloaded from central: https://repo.maven.apache.org/maven2/org/springframework/boot/spring-boot-webmvc-test/4.0.5/spring-boot-webmvc-test-4.0.5-sources.jar (33 kB at 1.4 MB/s)
2026.05.20 22:55:12 INFO  [INFO] SUCCESS: org.springframework.boot:spring-boot-webmvc-test:jar:4.0.5:test (sources = true)
2026.05.20 22:55:12 INFO  [INFO] Resolving artifact: org.apache.tomcat.embed:tomcat-embed-el:jar:11.0.20:compile (sources = false)
2026.05.20 22:55:12 INFO  [INFO] SUCCESS: org.apache.tomcat.embed:tomcat-embed-el:jar:11.0.20:compile (sources = false)
2026.05.20 22:55:12 INFO  [INFO] Resolving artifact: org.apache.tomcat.embed:tomcat-embed-el:jar:11.0.20:compile (sources = true)
2026.05.20 22:55:12 INFO  Downloading from central: https://repo.maven.apache.org/maven2/org/apache/tomcat/embed/tomcat-embed-el/11.0.20/tomcat-embed-el-11.0.20-sources.jar
2026.05.20 22:55:12 INFO  Progress (1): 7.7/238 kB
2026.05.20 22:55:12 INFO  Progress (1): 15/238 kB 
2026.05.20 22:55:12 INFO  Progress (1): 32/238 kB
2026.05.20 22:55:12 INFO  Progress (1): 48/238 kB
2026.05.20 22:55:12 INFO  Progress (1): 65/238 kB
2026.05.20 22:55:12 INFO  Progress (1): 81/238 kB
2026.05.20 22:55:12 INFO  Progress (1): 97/238 kB
2026.05.20 22:55:12 INFO  Progress (1): 114/238 kB
2026.05.20 22:55:12 INFO  Progress (1): 130/238 kB
2026.05.20 22:55:12 INFO  Progress (1): 147/238 kB
2026.05.20 22:55:12 INFO  Progress (1): 163/238 kB
2026.05.20 22:55:12 INFO  Progress (1): 179/238 kB
2026.05.20 22:55:12 INFO  Progress (1): 196/238 kB
2026.05.20 22:55:12 INFO  Progress (1): 212/238 kB
2026.05.20 22:55:12 INFO  Progress (1): 228/238 kB
2026.05.20 22:55:12 INFO  Progress (1): 238 kB    
2026.05.20 22:55:12 INFO                      
2026.05.20 22:55:12 INFO  Downloaded from central: https://repo.maven.apache.org/maven2/org/apache/tomcat/embed/tomcat-embed-el/11.0.20/tomcat-embed-el-11.0.20-sources.jar (238 kB at 7.0 MB/s)
2026.05.20 22:55:12 INFO  [INFO] SUCCESS: org.apache.tomcat.embed:tomcat-embed-el:jar:11.0.20:compile (sources = true)
2026.05.20 22:55:12 INFO  [INFO] Resolving artifact: org.mockito:mockito-junit-jupiter:jar:5.20.0:test (sources = false)
2026.05.20 22:55:12 INFO  [INFO] SUCCESS: org.mockito:mockito-junit-jupiter:jar:5.20.0:test (sources = false)
2026.05.20 22:55:12 INFO  [INFO] Resolving artifact: org.mockito:mockito-junit-jupiter:jar:5.20.0:test (sources = true)
2026.05.20 22:55:12 INFO  Downloading from central: https://repo.maven.apache.org/maven2/org/mockito/mockito-junit-jupiter/5.20.0/mockito-junit-jupiter-5.20.0-sources.jar
2026.05.20 22:55:12 INFO  Progress (1): 6.7 kB
2026.05.20 22:55:12 INFO                      
2026.05.20 22:55:12 INFO  Downloaded from central: https://repo.maven.apache.org/maven2/org/mockito/mockito-junit-jupiter/5.20.0/mockito-junit-jupiter-5.20.0-sources.jar (6.7 kB at 292 kB/s)
2026.05.20 22:55:12 INFO  [INFO] SUCCESS: org.mockito:mockito-junit-jupiter:jar:5.20.0:test (sources = true)
2026.05.20 22:55:12 INFO  [INFO] Resolving artifact: org.springframework:spring-test:jar:7.0.6:test (sources = false)
2026.05.20 22:55:12 INFO  [INFO] SUCCESS: org.springframework:spring-test:jar:7.0.6:test (sources = false)
2026.05.20 22:55:12 INFO  [INFO] Resolving artifact: org.springframework:spring-test:jar:7.0.6:test (sources = true)
2026.05.20 22:55:12 INFO  Downloading from central: https://repo.maven.apache.org/maven2/org/springframework/spring-test/7.0.6/spring-test-7.0.6-sources.jar
2026.05.20 22:55:12 INFO  Progress (1): 7.7/876 kB
2026.05.20 22:55:12 INFO  Progress (1): 16/876 kB 
2026.05.20 22:55:12 INFO  Progress (1): 29/876 kB
2026.05.20 22:55:12 INFO  Progress (1): 45/876 kB
2026.05.20 22:55:12 INFO  Progress (1): 61/876 kB
2026.05.20 22:55:12 INFO  Progress (1): 78/876 kB
2026.05.20 22:55:12 INFO  Progress (1): 94/876 kB
2026.05.20 22:55:12 INFO  Progress (1): 111/876 kB
2026.05.20 22:55:12 INFO  Progress (1): 127/876 kB
2026.05.20 22:55:12 INFO  Progress (1): 135/876 kB
2026.05.20 22:55:12 INFO  Progress (1): 151/876 kB
2026.05.20 22:55:12 INFO  Progress (1): 167/876 kB
2026.05.20 22:55:12 INFO  Progress (1): 184/876 kB
2026.05.20 22:55:12 INFO  Progress (1): 200/876 kB
2026.05.20 22:55:12 INFO  Progress (1): 216/876 kB
2026.05.20 22:55:12 INFO  Progress (1): 233/876 kB
2026.05.20 22:55:12 INFO  Progress (1): 249/876 kB
2026.05.20 22:55:12 INFO  Progress (1): 266/876 kB
2026.05.20 22:55:12 INFO  Progress (1): 282/876 kB
2026.05.20 22:55:12 INFO  Progress (1): 298/876 kB
2026.05.20 22:55:12 INFO  Progress (1): 315/876 kB
2026.05.20 22:55:12 INFO  Progress (1): 331/876 kB
2026.05.20 22:55:12 INFO  Progress (1): 348/876 kB
2026.05.20 22:55:12 INFO  Progress (1): 364/876 kB
2026.05.20 22:55:12 INFO  Progress (1): 372/876 kB
2026.05.20 22:55:12 INFO  Progress (1): 388/876 kB
2026.05.20 22:55:12 INFO  Progress (1): 405/876 kB
2026.05.20 22:55:12 INFO  Progress (1): 421/876 kB
2026.05.20 22:55:12 INFO  Progress (1): 437/876 kB
2026.05.20 22:55:12 INFO  Progress (1): 454/876 kB
2026.05.20 22:55:12 INFO  Progress (1): 470/876 kB
2026.05.20 22:55:12 INFO  Progress (1): 486/876 kB
2026.05.20 22:55:12 INFO  Progress (1): 503/876 kB
2026.05.20 22:55:12 INFO  Progress (1): 519/876 kB
2026.05.20 22:55:12 INFO  Progress (1): 536/876 kB
2026.05.20 22:55:12 INFO  Progress (1): 552/876 kB
2026.05.20 22:55:12 INFO  Progress (1): 568/876 kB
2026.05.20 22:55:12 INFO  Progress (1): 585/876 kB
2026.05.20 22:55:12 INFO  Progress (1): 591/876 kB
2026.05.20 22:55:12 INFO  Progress (1): 607/876 kB
2026.05.20 22:55:12 INFO  Progress (1): 624/876 kB
2026.05.20 22:55:12 INFO  Progress (1): 640/876 kB
2026.05.20 22:55:12 INFO  Progress (1): 657/876 kB
2026.05.20 22:55:12 INFO  Progress (1): 673/876 kB
2026.05.20 22:55:12 INFO  Progress (1): 689/876 kB
2026.05.20 22:55:12 INFO  Progress (1): 706/876 kB
2026.05.20 22:55:12 INFO  Progress (1): 722/876 kB
2026.05.20 22:55:12 INFO  Progress (1): 738/876 kB
2026.05.20 22:55:12 INFO  Progress (1): 755/876 kB
2026.05.20 22:55:12 INFO  Progress (1): 771/876 kB
2026.05.20 22:55:12 INFO  Progress (1): 788/876 kB
2026.05.20 22:55:12 INFO  Progress (1): 804/876 kB
2026.05.20 22:55:12 INFO  Progress (1): 820/876 kB
2026.05.20 22:55:12 INFO  Progress (1): 837/876 kB
2026.05.20 22:55:12 INFO  Progress (1): 853/876 kB
2026.05.20 22:55:12 INFO  Progress (1): 870/876 kB
2026.05.20 22:55:12 INFO  Progress (1): 876 kB    
2026.05.20 22:55:12 INFO                      
2026.05.20 22:55:12 INFO  Downloaded from central: https://repo.maven.apache.org/maven2/org/springframework/spring-test/7.0.6/spring-test-7.0.6-sources.jar (876 kB at 20 MB/s)
2026.05.20 22:55:12 INFO  [INFO] SUCCESS: org.springframework:spring-test:jar:7.0.6:test (sources = true)
2026.05.20 22:55:12 INFO  [INFO] Resolving artifact: org.assertj:assertj-core:jar:3.27.7:test (sources = false)
2026.05.20 22:55:12 INFO  [INFO] SUCCESS: org.assertj:assertj-core:jar:3.27.7:test (sources = false)
2026.05.20 22:55:12 INFO  [INFO] Resolving artifact: org.assertj:assertj-core:jar:3.27.7:test (sources = true)
2026.05.20 22:55:12 INFO  Downloading from central: https://repo.maven.apache.org/maven2/org/assertj/assertj-core/3.27.7/assertj-core-3.27.7-sources.jar
2026.05.20 22:55:12 INFO  Progress (1): 0/1.5 MB
2026.05.20 22:55:12 INFO  Progress (1): 0/1.5 MB
2026.05.20 22:55:12 INFO  Progress (1): 0/1.5 MB
2026.05.20 22:55:12 INFO  Progress (1): 0/1.5 MB
2026.05.20 22:55:12 INFO  Progress (1): 0.1/1.5 MB
2026.05.20 22:55:12 INFO  Progress (1): 0.1/1.5 MB
2026.05.20 22:55:12 INFO  Progress (1): 0.1/1.5 MB
2026.05.20 22:55:12 INFO  Progress (1): 0.1/1.5 MB
2026.05.20 22:55:12 INFO  Progress (1): 0.1/1.5 MB
2026.05.20 22:55:12 INFO  Progress (1): 0.1/1.5 MB
2026.05.20 22:55:12 INFO  Progress (1): 0.2/1.5 MB
2026.05.20 22:55:12 INFO  Progress (1): 0.2/1.5 MB
2026.05.20 22:55:12 INFO  Progress (1): 0.2/1.5 MB
2026.05.20 22:55:12 INFO  Progress (1): 0.2/1.5 MB
2026.05.20 22:55:12 INFO  Progress (1): 0.2/1.5 MB
2026.05.20 22:55:12 INFO  Progress (1): 0.2/1.5 MB
2026.05.20 22:55:12 INFO  Progress (1): 0.3/1.5 MB
2026.05.20 22:55:12 INFO  Progress (1): 0.3/1.5 MB
2026.05.20 22:55:12 INFO  Progress (1): 0.3/1.5 MB
2026.05.20 22:55:12 INFO  Progress (1): 0.3/1.5 MB
2026.05.20 22:55:12 INFO  Progress (1): 0.3/1.5 MB
2026.05.20 22:55:12 INFO  Progress (1): 0.3/1.5 MB
2026.05.20 22:55:12 INFO  Progress (1): 0.4/1.5 MB
2026.05.20 22:55:12 INFO  Progress (1): 0.4/1.5 MB
2026.05.20 22:55:12 INFO  Progress (1): 0.4/1.5 MB
2026.05.20 22:55:12 INFO  Progress (1): 0.4/1.5 MB
2026.05.20 22:55:12 INFO  Progress (1): 0.4/1.5 MB
2026.05.20 22:55:12 INFO  Progress (1): 0.4/1.5 MB
2026.05.20 22:55:12 INFO  Progress (1): 0.4/1.5 MB
2026.05.20 22:55:12 INFO  Progress (1): 0.5/1.5 MB
2026.05.20 22:55:12 INFO  Progress (1): 0.5/1.5 MB
2026.05.20 22:55:12 INFO  Progress (1): 0.5/1.5 MB
2026.05.20 22:55:12 INFO  Progress (1): 0.5/1.5 MB
2026.05.20 22:55:12 INFO  Progress (1): 0.5/1.5 MB
2026.05.20 22:55:12 INFO  Progress (1): 0.5/1.5 MB
2026.05.20 22:55:12 INFO  Progress (1): 0.6/1.5 MB
2026.05.20 22:55:12 INFO  Progress (1): 0.6/1.5 MB
2026.05.20 22:55:12 INFO  Progress (1): 0.6/1.5 MB
2026.05.20 22:55:12 INFO  Progress (1): 0.6/1.5 MB
2026.05.20 22:55:12 INFO  Progress (1): 0.6/1.5 MB
2026.05.20 22:55:12 INFO  Progress (1): 0.6/1.5 MB
2026.05.20 22:55:12 INFO  Progress (1): 0.7/1.5 MB
2026.05.20 22:55:12 INFO  Progress (1): 0.7/1.5 MB
2026.05.20 22:55:12 INFO  Progress (1): 0.7/1.5 MB
2026.05.20 22:55:12 INFO  Progress (1): 0.7/1.5 MB
2026.05.20 22:55:12 INFO  Progress (1): 0.7/1.5 MB
2026.05.20 22:55:12 INFO  Progress (1): 0.7/1.5 MB
2026.05.20 22:55:12 INFO  Progress (1): 0.7/1.5 MB
2026.05.20 22:55:12 INFO  Progress (1): 0.8/1.5 MB
2026.05.20 22:55:12 INFO  Progress (1): 0.8/1.5 MB
2026.05.20 22:55:12 INFO  Progress (1): 0.8/1.5 MB
2026.05.20 22:55:12 INFO  Progress (1): 0.8/1.5 MB
2026.05.20 22:55:12 INFO  Progress (1): 0.8/1.5 MB
2026.05.20 22:55:12 INFO  Progress (1): 0.8/1.5 MB
2026.05.20 22:55:12 INFO  Progress (1): 0.9/1.5 MB
2026.05.20 22:55:12 INFO  Progress (1): 0.9/1.5 MB
2026.05.20 22:55:12 INFO  Progress (1): 0.9/1.5 MB
2026.05.20 22:55:12 INFO  Progress (1): 0.9/1.5 MB
2026.05.20 22:55:12 INFO  Progress (1): 0.9/1.5 MB
2026.05.20 22:55:12 INFO  Progress (1): 0.9/1.5 MB
2026.05.20 22:55:12 INFO  Progress (1): 0.9/1.5 MB
2026.05.20 22:55:12 INFO  Progress (1): 1.0/1.5 MB
2026.05.20 22:55:12 INFO  Progress (1): 1.0/1.5 MB
2026.05.20 22:55:12 INFO  Progress (1): 1.0/1.5 MB
2026.05.20 22:55:12 INFO  Progress (1): 1.0/1.5 MB
2026.05.20 22:55:12 INFO  Progress (1): 1.0/1.5 MB
2026.05.20 22:55:12 INFO  Progress (1): 1.0/1.5 MB
2026.05.20 22:55:12 INFO  Progress (1): 1.1/1.5 MB
2026.05.20 22:55:12 INFO  Progress (1): 1.1/1.5 MB
2026.05.20 22:55:12 INFO  Progress (1): 1.1/1.5 MB
2026.05.20 22:55:12 INFO  Progress (1): 1.1/1.5 MB
2026.05.20 22:55:12 INFO  Progress (1): 1.1/1.5 MB
2026.05.20 22:55:12 INFO  Progress (1): 1.1/1.5 MB
2026.05.20 22:55:12 INFO  Progress (1): 1.2/1.5 MB
2026.05.20 22:55:12 INFO  Progress (1): 1.2/1.5 MB
2026.05.20 22:55:12 INFO  Progress (1): 1.2/1.5 MB
2026.05.20 22:55:12 INFO  Progress (1): 1.2/1.5 MB
2026.05.20 22:55:12 INFO  Progress (1): 1.2/1.5 MB
2026.05.20 22:55:12 INFO  Progress (1): 1.2/1.5 MB
2026.05.20 22:55:12 INFO  Progress (1): 1.2/1.5 MB
2026.05.20 22:55:12 INFO  Progress (1): 1.3/1.5 MB
2026.05.20 22:55:12 INFO  Progress (1): 1.3/1.5 MB
2026.05.20 22:55:12 INFO  Progress (1): 1.3/1.5 MB
2026.05.20 22:55:12 INFO  Progress (1): 1.3/1.5 MB
2026.05.20 22:55:12 INFO  Progress (1): 1.3/1.5 MB
2026.05.20 22:55:12 INFO  Progress (1): 1.3/1.5 MB
2026.05.20 22:55:12 INFO  Progress (1): 1.4/1.5 MB
2026.05.20 22:55:12 INFO  Progress (1): 1.4/1.5 MB
2026.05.20 22:55:12 INFO  Progress (1): 1.4/1.5 MB
2026.05.20 22:55:12 INFO  Progress (1): 1.4/1.5 MB
2026.05.20 22:55:12 INFO  Progress (1): 1.4/1.5 MB
2026.05.20 22:55:12 INFO  Progress (1): 1.4/1.5 MB
2026.05.20 22:55:12 INFO  Progress (1): 1.5/1.5 MB
2026.05.20 22:55:12 INFO  Progress (1): 1.5 MB    
2026.05.20 22:55:12 INFO                      
2026.05.20 22:55:12 INFO  Downloaded from central: https://repo.maven.apache.org/maven2/org/assertj/assertj-core/3.27.7/assertj-core-3.27.7-sources.jar (1.5 MB at 30 MB/s)
2026.05.20 22:55:12 INFO  [INFO] SUCCESS: org.assertj:assertj-core:jar:3.27.7:test (sources = true)
2026.05.20 22:55:12 INFO  [INFO] Resolving artifact: org.springframework.boot:spring-boot-data-jpa-test:jar:4.0.5:test (sources = false)
2026.05.20 22:55:12 INFO  [INFO] SUCCESS: org.springframework.boot:spring-boot-data-jpa-test:jar:4.0.5:test (sources = false)
2026.05.20 22:55:12 INFO  [INFO] Resolving artifact: org.springframework.boot:spring-boot-data-jpa-test:jar:4.0.5:test (sources = true)
2026.05.20 22:55:12 INFO  Downloading from central: https://repo.maven.apache.org/maven2/org/springframework/boot/spring-boot-data-jpa-test/4.0.5/spring-boot-data-jpa-test-4.0.5-sources.jar
2026.05.20 22:55:12 INFO  Progress (1): 7.7/12 kB
2026.05.20 22:55:12 INFO  Progress (1): 12 kB    
2026.05.20 22:55:12 INFO                     
2026.05.20 22:55:12 INFO  Downloaded from central: https://repo.maven.apache.org/maven2/org/springframework/boot/spring-boot-data-jpa-test/4.0.5/spring-boot-data-jpa-test-4.0.5-sources.jar (12 kB at 482 kB/s)
2026.05.20 22:55:12 INFO  [INFO] SUCCESS: org.springframework.boot:spring-boot-data-jpa-test:jar:4.0.5:test (sources = true)
2026.05.20 22:55:12 INFO  [INFO] Resolving artifact: org.springframework:spring-context:jar:7.0.6:compile (sources = false)
2026.05.20 22:55:12 INFO  [INFO] SUCCESS: org.springframework:spring-context:jar:7.0.6:compile (sources = false)
2026.05.20 22:55:12 INFO  [INFO] Resolving artifact: org.springframework:spring-context:jar:7.0.6:compile (sources = true)
2026.05.20 22:55:12 INFO  Downloading from central: https://repo.maven.apache.org/maven2/org/springframework/spring-context/7.0.6/spring-context-7.0.6-sources.jar
2026.05.20 22:55:12 INFO  Progress (1): 0/1.1 MB
2026.05.20 22:55:12 INFO  Progress (1): 0/1.1 MB
2026.05.20 22:55:12 INFO  Progress (1): 0/1.1 MB
2026.05.20 22:55:12 INFO  Progress (1): 0/1.1 MB
2026.05.20 22:55:12 INFO  Progress (1): 0.1/1.1 MB
2026.05.20 22:55:12 INFO  Progress (1): 0.1/1.1 MB
2026.05.20 22:55:12 INFO  Progress (1): 0.1/1.1 MB
2026.05.20 22:55:12 INFO  Progress (1): 0.1/1.1 MB
2026.05.20 22:55:12 INFO  Progress (1): 0.1/1.1 MB
2026.05.20 22:55:12 INFO  Progress (1): 0.1/1.1 MB
2026.05.20 22:55:12 INFO  Progress (1): 0.2/1.1 MB
2026.05.20 22:55:12 INFO  Progress (1): 0.2/1.1 MB
2026.05.20 22:55:12 INFO  Progress (1): 0.2/1.1 MB
2026.05.20 22:55:12 INFO  Progress (1): 0.2/1.1 MB
2026.05.20 22:55:12 INFO  Progress (1): 0.2/1.1 MB
2026.05.20 22:55:12 INFO  Progress (1): 0.2/1.1 MB
2026.05.20 22:55:12 INFO  Progress (1): 0.2/1.1 MB
2026.05.20 22:55:12 INFO  Progress (1): 0.2/1.1 MB
2026.05.20 22:55:12 INFO  Progress (1): 0.3/1.1 MB
2026.05.20 22:55:12 INFO  Progress (1): 0.3/1.1 MB
2026.05.20 22:55:12 INFO  Progress (1): 0.3/1.1 MB
2026.05.20 22:55:12 INFO  Progress (1): 0.3/1.1 MB
2026.05.20 22:55:12 INFO  Progress (1): 0.3/1.1 MB
2026.05.20 22:55:12 INFO  Progress (1): 0.3/1.1 MB
2026.05.20 22:55:12 INFO  Progress (1): 0.4/1.1 MB
2026.05.20 22:55:12 INFO  Progress (1): 0.4/1.1 MB
2026.05.20 22:55:12 INFO  Progress (1): 0.4/1.1 MB
2026.05.20 22:55:12 INFO  Progress (1): 0.4/1.1 MB
2026.05.20 22:55:12 INFO  Progress (1): 0.4/1.1 MB
2026.05.20 22:55:12 INFO  Progress (1): 0.4/1.1 MB
2026.05.20 22:55:12 INFO  Progress (1): 0.5/1.1 MB
2026.05.20 22:55:12 INFO  Progress (1): 0.5/1.1 MB
2026.05.20 22:55:12 INFO  Progress (1): 0.5/1.1 MB
2026.05.20 22:55:12 INFO  Progress (1): 0.5/1.1 MB
2026.05.20 22:55:12 INFO  Progress (1): 0.5/1.1 MB
2026.05.20 22:55:12 INFO  Progress (1): 0.5/1.1 MB
2026.05.20 22:55:12 INFO  Progress (1): 0.6/1.1 MB
2026.05.20 22:55:12 INFO  Progress (1): 0.6/1.1 MB
2026.05.20 22:55:12 INFO  Progress (1): 0.6/1.1 MB
2026.05.20 22:55:12 INFO  Progress (1): 0.6/1.1 MB
2026.05.20 22:55:12 INFO  Progress (1): 0.6/1.1 MB
2026.05.20 22:55:12 INFO  Progress (1): 0.6/1.1 MB
2026.05.20 22:55:12 INFO  Progress (1): 0.7/1.1 MB
2026.05.20 22:55:12 INFO  Progress (1): 0.7/1.1 MB
2026.05.20 22:55:12 INFO  Progress (1): 0.7/1.1 MB
2026.05.20 22:55:12 INFO  Progress (1): 0.7/1.1 MB
2026.05.20 22:55:12 INFO  Progress (1): 0.7/1.1 MB
2026.05.20 22:55:12 INFO  Progress (1): 0.7/1.1 MB
2026.05.20 22:55:12 INFO  Progress (1): 0.8/1.1 MB
2026.05.20 22:55:12 INFO  Progress (1): 0.8/1.1 MB
2026.05.20 22:55:12 INFO  Progress (1): 0.8/1.1 MB
2026.05.20 22:55:12 INFO  Progress (1): 0.8/1.1 MB
2026.05.20 22:55:12 INFO  Progress (1): 0.8/1.1 MB
2026.05.20 22:55:12 INFO  Progress (1): 0.8/1.1 MB
2026.05.20 22:55:12 INFO  Progress (1): 0.9/1.1 MB
2026.05.20 22:55:12 INFO  Progress (1): 0.9/1.1 MB
2026.05.20 22:55:12 INFO  Progress (1): 0.9/1.1 MB
2026.05.20 22:55:12 INFO  Progress (1): 0.9/1.1 MB
2026.05.20 22:55:12 INFO  Progress (1): 0.9/1.1 MB
2026.05.20 22:55:12 INFO  Progress (1): 0.9/1.1 MB
2026.05.20 22:55:12 INFO  Progress (1): 1.0/1.1 MB
2026.05.20 22:55:12 INFO  Progress (1): 1.0/1.1 MB
2026.05.20 22:55:12 INFO  Progress (1): 1.0/1.1 MB
2026.05.20 22:55:12 INFO  Progress (1): 1.0/1.1 MB
2026.05.20 22:55:12 INFO  Progress (1): 1.0/1.1 MB
2026.05.20 22:55:12 INFO  Progress (1): 1.0/1.1 MB
2026.05.20 22:55:12 INFO  Progress (1): 1.0/1.1 MB
2026.05.20 22:55:12 INFO  Progress (1): 1.1/1.1 MB
2026.05.20 22:55:12 INFO  Progress (1): 1.1/1.1 MB
2026.05.20 22:55:12 INFO  Progress (1): 1.1/1.1 MB
2026.05.20 22:55:12 INFO  Progress (1): 1.1/1.1 MB
2026.05.20 22:55:12 INFO  Progress (1): 1.1/1.1 MB
2026.05.20 22:55:12 INFO  Progress (1): 1.1 MB    
2026.05.20 22:55:12 INFO                      
2026.05.20 22:55:12 INFO  Downloaded from central: https://repo.maven.apache.org/maven2/org/springframework/spring-context/7.0.6/spring-context-7.0.6-sources.jar (1.1 MB at 27 MB/s)
2026.05.20 22:55:12 INFO  [INFO] SUCCESS: org.springframework:spring-context:jar:7.0.6:compile (sources = true)
2026.05.20 22:55:12 INFO  [INFO] Resolving artifact: org.springframework.boot:spring-boot-webmvc:jar:4.0.5:compile (sources = false)
2026.05.20 22:55:12 INFO  [INFO] SUCCESS: org.springframework.boot:spring-boot-webmvc:jar:4.0.5:compile (sources = false)
2026.05.20 22:55:12 INFO  [INFO] Resolving artifact: org.springframework.boot:spring-boot-webmvc:jar:4.0.5:compile (sources = true)
2026.05.20 22:55:12 INFO  Downloading from central: https://repo.maven.apache.org/maven2/org/springframework/boot/spring-boot-webmvc/4.0.5/spring-boot-webmvc-4.0.5-sources.jar
2026.05.20 22:55:12 INFO  Progress (1): 4.1/89 kB
2026.05.20 22:55:12 INFO  Progress (1): 20/89 kB 
2026.05.20 22:55:12 INFO  Progress (1): 37/89 kB
2026.05.20 22:55:12 INFO  Progress (1): 53/89 kB
2026.05.20 22:55:12 INFO  Progress (1): 70/89 kB
2026.05.20 22:55:12 INFO  Progress (1): 86/89 kB
2026.05.20 22:55:12 INFO  Progress (1): 89 kB   
2026.05.20 22:55:12 INFO                     
2026.05.20 22:55:12 INFO  Downloaded from central: https://repo.maven.apache.org/maven2/org/springframework/boot/spring-boot-webmvc/4.0.5/spring-boot-webmvc-4.0.5-sources.jar (89 kB at 3.4 MB/s)
2026.05.20 22:55:12 INFO  [INFO] SUCCESS: org.springframework.boot:spring-boot-webmvc:jar:4.0.5:compile (sources = true)
2026.05.20 22:55:12 INFO  [INFO] Resolving artifact: org.slf4j:jul-to-slf4j:jar:2.0.17:compile (sources = false)
2026.05.20 22:55:12 INFO  [INFO] SUCCESS: org.slf4j:jul-to-slf4j:jar:2.0.17:compile (sources = false)
2026.05.20 22:55:12 INFO  [INFO] Resolving artifact: org.slf4j:jul-to-slf4j:jar:2.0.17:compile (sources = true)
2026.05.20 22:55:12 INFO  Downloading from central: https://repo.maven.apache.org/maven2/org/slf4j/jul-to-slf4j/2.0.17/jul-to-slf4j-2.0.17-sources.jar
2026.05.20 22:55:12 INFO  Progress (1): 7.1 kB
2026.05.20 22:55:12 INFO                      
2026.05.20 22:55:12 INFO  Downloaded from central: https://repo.maven.apache.org/maven2/org/slf4j/jul-to-slf4j/2.0.17/jul-to-slf4j-2.0.17-sources.jar (7.1 kB at 321 kB/s)
2026.05.20 22:55:12 INFO  [INFO] SUCCESS: org.slf4j:jul-to-slf4j:jar:2.0.17:compile (sources = true)
2026.05.20 22:55:12 INFO  [INFO] Resolving artifact: org.hibernate.orm:hibernate-core:jar:7.2.7.Final:compile (sources = false)
2026.05.20 22:55:12 INFO  [INFO] SUCCESS: org.hibernate.orm:hibernate-core:jar:7.2.7.Final:compile (sources = false)
2026.05.20 22:55:12 INFO  [INFO] Resolving artifact: org.hibernate.orm:hibernate-core:jar:7.2.7.Final:compile (sources = true)
2026.05.20 22:55:12 INFO  Downloading from central: https://repo.maven.apache.org/maven2/org/hibernate/orm/hibernate-core/7.2.7.Final/hibernate-core-7.2.7.Final-sources.jar
2026.05.20 22:55:12 INFO  Progress (1): 0/8.1 MB
2026.05.20 22:55:12 INFO  Progress (1): 0/8.1 MB
2026.05.20 22:55:12 INFO  Progress (1): 0/8.1 MB
2026.05.20 22:55:12 INFO  Progress (1): 0/8.1 MB
2026.05.20 22:55:12 INFO  Progress (1): 0.1/8.1 MB
2026.05.20 22:55:12 INFO  Progress (1): 0.1/8.1 MB
2026.05.20 22:55:12 INFO  Progress (1): 0.1/8.1 MB
2026.05.20 22:55:12 INFO  Progress (1): 0.1/8.1 MB
2026.05.20 22:55:12 INFO  Progress (1): 0.1/8.1 MB
2026.05.20 22:55:12 INFO  Progress (1): 0.1/8.1 MB
2026.05.20 22:55:12 INFO  Progress (1): 0.2/8.1 MB
2026.05.20 22:55:12 INFO  Progress (1): 0.2/8.1 MB
2026.05.20 22:55:12 INFO  Progress (1): 0.2/8.1 MB
2026.05.20 22:55:12 INFO  Progress (1): 0.2/8.1 MB
2026.05.20 22:55:12 INFO  Progress (1): 0.2/8.1 MB
2026.05.20 22:55:12 INFO  Progress (1): 0.2/8.1 MB
2026.05.20 22:55:12 INFO  Progress (1): 0.2/8.1 MB
2026.05.20 22:55:12 INFO  Progress (1): 0.3/8.1 MB
2026.05.20 22:55:12 INFO  Progress (1): 0.3/8.1 MB
2026.05.20 22:55:12 INFO  Progress (1): 0.3/8.1 MB
2026.05.20 22:55:12 INFO  Progress (1): 0.3/8.1 MB
2026.05.20 22:55:12 INFO  Progress (1): 0.3/8.1 MB
2026.05.20 22:55:12 INFO  Progress (1): 0.3/8.1 MB
2026.05.20 22:55:12 INFO  Progress (1): 0.4/8.1 MB
2026.05.20 22:55:12 INFO  Progress (1): 0.4/8.1 MB
2026.05.20 22:55:12 INFO  Progress (1): 0.4/8.1 MB
2026.05.20 22:55:12 INFO  Progress (1): 0.4/8.1 MB
2026.05.20 22:55:12 INFO  Progress (1): 0.4/8.1 MB
2026.05.20 22:55:12 INFO  Progress (1): 0.4/8.1 MB
2026.05.20 22:55:12 INFO  Progress (1): 0.5/8.1 MB
2026.05.20 22:55:12 INFO  Progress (1): 0.5/8.1 MB
2026.05.20 22:55:12 INFO  Progress (1): 0.5/8.1 MB
2026.05.20 22:55:12 INFO  Progress (1): 0.5/8.1 MB
2026.05.20 22:55:12 INFO  Progress (1): 0.5/8.1 MB
2026.05.20 22:55:12 INFO  Progress (1): 0.5/8.1 MB
2026.05.20 22:55:12 INFO  Progress (1): 0.6/8.1 MB
2026.05.20 22:55:12 INFO  Progress (1): 0.6/8.1 MB
2026.05.20 22:55:12 INFO  Progress (1): 0.6/8.1 MB
2026.05.20 22:55:12 INFO  Progress (1): 0.6/8.1 MB
2026.05.20 22:55:12 INFO  Progress (1): 0.6/8.1 MB
2026.05.20 22:55:12 INFO  Progress (1): 0.6/8.1 MB
2026.05.20 22:55:12 INFO  Progress (1): 0.7/8.1 MB
2026.05.20 22:55:12 INFO  Progress (1): 0.7/8.1 MB
2026.05.20 22:55:12 INFO  Progress (1): 0.7/8.1 MB
2026.05.20 22:55:12 INFO  Progress (1): 0.7/8.1 MB
2026.05.20 22:55:12 INFO  Progress (1): 0.7/8.1 MB
2026.05.20 22:55:12 INFO  Progress (1): 0.7/8.1 MB
2026.05.20 22:55:12 INFO  Progress (1): 0.8/8.1 MB
2026.05.20 22:55:12 INFO  Progress (1): 0.8/8.1 MB
2026.05.20 22:55:12 INFO  Progress (1): 0.8/8.1 MB
2026.05.20 22:55:12 INFO  Progress (1): 0.8/8.1 MB
2026.05.20 22:55:12 INFO  Progress (1): 0.8/8.1 MB
2026.05.20 22:55:12 INFO  Progress (1): 0.8/8.1 MB
2026.05.20 22:55:12 INFO  Progress (1): 0.9/8.1 MB
2026.05.20 22:55:12 INFO  Progress (1): 0.9/8.1 MB
2026.05.20 22:55:12 INFO  Progress (1): 0.9/8.1 MB
2026.05.20 22:55:12 INFO  Progress (1): 0.9/8.1 MB
2026.05.20 22:55:12 INFO  Progress (1): 0.9/8.1 MB
2026.05.20 22:55:12 INFO  Progress (1): 0.9/8.1 MB
2026.05.20 22:55:12 INFO  Progress (1): 1.0/8.1 MB
2026.05.20 22:55:12 INFO  Progress (1): 1.0/8.1 MB
2026.05.20 22:55:12 INFO  Progress (1): 1.0/8.1 MB
2026.05.20 22:55:12 INFO  Progress (1): 1.0/8.1 MB
2026.05.20 22:55:12 INFO  Progress (1): 1.0/8.1 MB
2026.05.20 22:55:12 INFO  Progress (1): 1.0/8.1 MB
2026.05.20 22:55:12 INFO  Progress (1): 1.0/8.1 MB
2026.05.20 22:55:12 INFO  Progress (1): 1.1/8.1 MB
2026.05.20 22:55:12 INFO  Progress (1): 1.1/8.1 MB
2026.05.20 22:55:12 INFO  Progress (1): 1.1/8.1 MB
2026.05.20 22:55:12 INFO  Progress (1): 1.1/8.1 MB
2026.05.20 22:55:12 INFO  Progress (1): 1.1/8.1 MB
2026.05.20 22:55:12 INFO  Progress (1): 1.1/8.1 MB
2026.05.20 22:55:12 INFO  Progress (1): 1.2/8.1 MB
2026.05.20 22:55:12 INFO  Progress (1): 1.2/8.1 MB
2026.05.20 22:55:12 INFO  Progress (1): 1.2/8.1 MB
2026.05.20 22:55:12 INFO  Progress (1): 1.2/8.1 MB
2026.05.20 22:55:12 INFO  Progress (1): 1.2/8.1 MB
2026.05.20 22:55:12 INFO  Progress (1): 1.2/8.1 MB
2026.05.20 22:55:12 INFO  Progress (1): 1.3/8.1 MB
2026.05.20 22:55:12 INFO  Progress (1): 1.3/8.1 MB
2026.05.20 22:55:12 INFO  Progress (1): 1.3/8.1 MB
2026.05.20 22:55:12 INFO  Progress (1): 1.3/8.1 MB
2026.05.20 22:55:12 INFO  Progress (1): 1.3/8.1 MB
2026.05.20 22:55:12 INFO  Progress (1): 1.3/8.1 MB
2026.05.20 22:55:12 INFO  Progress (1): 1.4/8.1 MB
2026.05.20 22:55:12 INFO  Progress (1): 1.4/8.1 MB
2026.05.20 22:55:12 INFO  Progress (1): 1.4/8.1 MB
2026.05.20 22:55:12 INFO  Progress (1): 1.4/8.1 MB
2026.05.20 22:55:12 INFO  Progress (1): 1.4/8.1 MB
2026.05.20 22:55:12 INFO  Progress (1): 1.4/8.1 MB
2026.05.20 22:55:12 INFO  Progress (1): 1.5/8.1 MB
2026.05.20 22:55:12 INFO  Progress (1): 1.5/8.1 MB
2026.05.20 22:55:12 INFO  Progress (1): 1.5/8.1 MB
2026.05.20 22:55:12 INFO  Progress (1): 1.5/8.1 MB
2026.05.20 22:55:12 INFO  Progress (1): 1.5/8.1 MB
2026.05.20 22:55:12 INFO  Progress (1): 1.5/8.1 MB
2026.05.20 22:55:12 INFO  Progress (1): 1.5/8.1 MB
2026.05.20 22:55:12 INFO  Progress (1): 1.6/8.1 MB
2026.05.20 22:55:12 INFO  Progress (1): 1.6/8.1 MB
2026.05.20 22:55:12 INFO  Progress (1): 1.6/8.1 MB
2026.05.20 22:55:12 INFO  Progress (1): 1.6/8.1 MB
2026.05.20 22:55:12 INFO  Progress (1): 1.6/8.1 MB
2026.05.20 22:55:12 INFO  Progress (1): 1.6/8.1 MB
2026.05.20 22:55:12 INFO  Progress (1): 1.7/8.1 MB
2026.05.20 22:55:12 INFO  Progress (1): 1.7/8.1 MB
2026.05.20 22:55:12 INFO  Progress (1): 1.7/8.1 MB
2026.05.20 22:55:12 INFO  Progress (1): 1.7/8.1 MB
2026.05.20 22:55:12 INFO  Progress (1): 1.7/8.1 MB
2026.05.20 22:55:12 INFO  Progress (1): 1.7/8.1 MB
2026.05.20 22:55:12 INFO  Progress (1): 1.8/8.1 MB
2026.05.20 22:55:12 INFO  Progress (1): 1.8/8.1 MB
2026.05.20 22:55:12 INFO  Progress (1): 1.8/8.1 MB
2026.05.20 22:55:12 INFO  Progress (1): 1.8/8.1 MB
2026.05.20 22:55:12 INFO  Progress (1): 1.8/8.1 MB
2026.05.20 22:55:12 INFO  Progress (1): 1.8/8.1 MB
2026.05.20 22:55:12 INFO  Progress (1): 1.9/8.1 MB
2026.05.20 22:55:12 INFO  Progress (1): 1.9/8.1 MB
2026.05.20 22:55:12 INFO  Progress (1): 1.9/8.1 MB
2026.05.20 22:55:12 INFO  Progress (1): 1.9/8.1 MB
2026.05.20 22:55:12 INFO  Progress (1): 1.9/8.1 MB
2026.05.20 22:55:12 INFO  Progress (1): 1.9/8.1 MB
2026.05.20 22:55:12 INFO  Progress (1): 2.0/8.1 MB
2026.05.20 22:55:12 INFO  Progress (1): 2.0/8.1 MB
2026.05.20 22:55:12 INFO  Progress (1): 2.0/8.1 MB
2026.05.20 22:55:12 INFO  Progress (1): 2.0/8.1 MB
2026.05.20 22:55:12 INFO  Progress (1): 2.0/8.1 MB
2026.05.20 22:55:12 INFO  Progress (1): 2.0/8.1 MB
2026.05.20 22:55:12 INFO  Progress (1): 2.0/8.1 MB
2026.05.20 22:55:12 INFO  Progress (1): 2.1/8.1 MB
2026.05.20 22:55:12 INFO  Progress (1): 2.1/8.1 MB
2026.05.20 22:55:12 INFO  Progress (1): 2.1/8.1 MB
2026.05.20 22:55:12 INFO  Progress (1): 2.1/8.1 MB
2026.05.20 22:55:12 INFO  Progress (1): 2.1/8.1 MB
2026.05.20 22:55:12 INFO  Progress (1): 2.1/8.1 MB
2026.05.20 22:55:12 INFO  Progress (1): 2.1/8.1 MB
2026.05.20 22:55:12 INFO  Progress (1): 2.2/8.1 MB
2026.05.20 22:55:12 INFO  Progress (1): 2.2/8.1 MB
2026.05.20 22:55:12 INFO  Progress (1): 2.2/8.1 MB
2026.05.20 22:55:12 INFO  Progress (1): 2.2/8.1 MB
2026.05.20 22:55:12 INFO  Progress (1): 2.2/8.1 MB
2026.05.20 22:55:12 INFO  Progress (1): 2.2/8.1 MB
2026.05.20 22:55:12 INFO  Progress (1): 2.3/8.1 MB
2026.05.20 22:55:12 INFO  Progress (1): 2.3/8.1 MB
2026.05.20 22:55:12 INFO  Progress (1): 2.3/8.1 MB
2026.05.20 22:55:12 INFO  Progress (1): 2.3/8.1 MB
2026.05.20 22:55:12 INFO  Progress (1): 2.3/8.1 MB
2026.05.20 22:55:12 INFO  Progress (1): 2.3/8.1 MB
2026.05.20 22:55:12 INFO  Progress (1): 2.4/8.1 MB
2026.05.20 22:55:12 INFO  Progress (1): 2.4/8.1 MB
2026.05.20 22:55:12 INFO  Progress (1): 2.4/8.1 MB
2026.05.20 22:55:12 INFO  Progress (1): 2.4/8.1 MB
2026.05.20 22:55:12 INFO  Progress (1): 2.4/8.1 MB
2026.05.20 22:55:12 INFO  Progress (1): 2.4/8.1 MB
2026.05.20 22:55:12 INFO  Progress (1): 2.5/8.1 MB
2026.05.20 22:55:12 INFO  Progress (1): 2.5/8.1 MB
2026.05.20 22:55:12 INFO  Progress (1): 2.5/8.1 MB
2026.05.20 22:55:12 INFO  Progress (1): 2.5/8.1 MB
2026.05.20 22:55:12 INFO  Progress (1): 2.5/8.1 MB
2026.05.20 22:55:12 INFO  Progress (1): 2.5/8.1 MB
2026.05.20 22:55:12 INFO  Progress (1): 2.6/8.1 MB
2026.05.20 22:55:12 INFO  Progress (1): 2.6/8.1 MB
2026.05.20 22:55:12 INFO  Progress (1): 2.6/8.1 MB
2026.05.20 22:55:12 INFO  Progress (1): 2.6/8.1 MB
2026.05.20 22:55:12 INFO  Progress (1): 2.6/8.1 MB
2026.05.20 22:55:12 INFO  Progress (1): 2.6/8.1 MB
2026.05.20 22:55:12 INFO  Progress (1): 2.7/8.1 MB
2026.05.20 22:55:12 INFO  Progress (1): 2.7/8.1 MB
2026.05.20 22:55:12 INFO  Progress (1): 2.7/8.1 MB
2026.05.20 22:55:12 INFO  Progress (1): 2.7/8.1 MB
2026.05.20 22:55:12 INFO  Progress (1): 2.7/8.1 MB
2026.05.20 22:55:12 INFO  Progress (1): 2.7/8.1 MB
2026.05.20 22:55:12 INFO  Progress (1): 2.7/8.1 MB
2026.05.20 22:55:12 INFO  Progress (1): 2.8/8.1 MB
2026.05.20 22:55:12 INFO  Progress (1): 2.8/8.1 MB
2026.05.20 22:55:12 INFO  Progress (1): 2.8/8.1 MB
2026.05.20 22:55:12 INFO  Progress (1): 2.8/8.1 MB
2026.05.20 22:55:12 INFO  Progress (1): 2.8/8.1 MB
2026.05.20 22:55:12 INFO  Progress (1): 2.8/8.1 MB
2026.05.20 22:55:12 INFO  Progress (1): 2.9/8.1 MB
2026.05.20 22:55:12 INFO  Progress (1): 2.9/8.1 MB
2026.05.20 22:55:12 INFO  Progress (1): 2.9/8.1 MB
2026.05.20 22:55:12 INFO  Progress (1): 2.9/8.1 MB
2026.05.20 22:55:12 INFO  Progress (1): 2.9/8.1 MB
2026.05.20 22:55:12 INFO  Progress (1): 2.9/8.1 MB
2026.05.20 22:55:12 INFO  Progress (1): 3.0/8.1 MB
2026.05.20 22:55:12 INFO  Progress (1): 3.0/8.1 MB
2026.05.20 22:55:12 INFO  Progress (1): 3.0/8.1 MB
2026.05.20 22:55:12 INFO  Progress (1): 3.0/8.1 MB
2026.05.20 22:55:12 INFO  Progress (1): 3.0/8.1 MB
2026.05.20 22:55:12 INFO  Progress (1): 3.0/8.1 MB
2026.05.20 22:55:12 INFO  Progress (1): 3.0/8.1 MB
2026.05.20 22:55:12 INFO  Progress (1): 3.1/8.1 MB
2026.05.20 22:55:12 INFO  Progress (1): 3.1/8.1 MB
2026.05.20 22:55:12 INFO  Progress (1): 3.1/8.1 MB
2026.05.20 22:55:12 INFO  Progress (1): 3.1/8.1 MB
2026.05.20 22:55:12 INFO  Progress (1): 3.1/8.1 MB
2026.05.20 22:55:12 INFO  Progress (1): 3.1/8.1 MB
2026.05.20 22:55:12 INFO  Progress (1): 3.2/8.1 MB
2026.05.20 22:55:12 INFO  Progress (1): 3.2/8.1 MB
2026.05.20 22:55:12 INFO  Progress (1): 3.2/8.1 MB
2026.05.20 22:55:12 INFO  Progress (1): 3.2/8.1 MB
2026.05.20 22:55:12 INFO  Progress (1): 3.2/8.1 MB
2026.05.20 22:55:12 INFO  Progress (1): 3.2/8.1 MB
2026.05.20 22:55:12 INFO  Progress (1): 3.3/8.1 MB
2026.05.20 22:55:12 INFO  Progress (1): 3.3/8.1 MB
2026.05.20 22:55:12 INFO  Progress (1): 3.3/8.1 MB
2026.05.20 22:55:12 INFO  Progress (1): 3.3/8.1 MB
2026.05.20 22:55:12 INFO  Progress (1): 3.3/8.1 MB
2026.05.20 22:55:12 INFO  Progress (1): 3.3/8.1 MB
2026.05.20 22:55:12 INFO  Progress (1): 3.3/8.1 MB
2026.05.20 22:55:12 INFO  Progress (1): 3.4/8.1 MB
2026.05.20 22:55:12 INFO  Progress (1): 3.4/8.1 MB
2026.05.20 22:55:12 INFO  Progress (1): 3.4/8.1 MB
2026.05.20 22:55:12 INFO  Progress (1): 3.4/8.1 MB
2026.05.20 22:55:12 INFO  Progress (1): 3.4/8.1 MB
2026.05.20 22:55:12 INFO  Progress (1): 3.4/8.1 MB
2026.05.20 22:55:12 INFO  Progress (1): 3.5/8.1 MB
2026.05.20 22:55:12 INFO  Progress (1): 3.5/8.1 MB
2026.05.20 22:55:12 INFO  Progress (1): 3.5/8.1 MB
2026.05.20 22:55:12 INFO  Progress (1): 3.5/8.1 MB
2026.05.20 22:55:12 INFO  Progress (1): 3.5/8.1 MB
2026.05.20 22:55:12 INFO  Progress (1): 3.5/8.1 MB
2026.05.20 22:55:12 INFO  Progress (1): 3.5/8.1 MB
2026.05.20 22:55:12 INFO  Progress (1): 3.6/8.1 MB
2026.05.20 22:55:12 INFO  Progress (1): 3.6/8.1 MB
2026.05.20 22:55:12 INFO  Progress (1): 3.6/8.1 MB
2026.05.20 22:55:12 INFO  Progress (1): 3.6/8.1 MB
2026.05.20 22:55:12 INFO  Progress (1): 3.6/8.1 MB
2026.05.20 22:55:12 INFO  Progress (1): 3.6/8.1 MB
2026.05.20 22:55:12 INFO  Progress (1): 3.7/8.1 MB
2026.05.20 22:55:12 INFO  Progress (1): 3.7/8.1 MB
2026.05.20 22:55:12 INFO  Progress (1): 3.7/8.1 MB
2026.05.20 22:55:12 INFO  Progress (1): 3.7/8.1 MB
2026.05.20 22:55:12 INFO  Progress (1): 3.7/8.1 MB
2026.05.20 22:55:12 INFO  Progress (1): 3.7/8.1 MB
2026.05.20 22:55:12 INFO  Progress (1): 3.8/8.1 MB
2026.05.20 22:55:12 INFO  Progress (1): 3.8/8.1 MB
2026.05.20 22:55:12 INFO  Progress (1): 3.8/8.1 MB
2026.05.20 22:55:12 INFO  Progress (1): 3.8/8.1 MB
2026.05.20 22:55:12 INFO  Progress (1): 3.8/8.1 MB
2026.05.20 22:55:12 INFO  Progress (1): 3.8/8.1 MB
2026.05.20 22:55:12 INFO  Progress (1): 3.8/8.1 MB
2026.05.20 22:55:12 INFO  Progress (1): 3.9/8.1 MB
2026.05.20 22:55:12 INFO  Progress (1): 3.9/8.1 MB
2026.05.20 22:55:12 INFO  Progress (1): 3.9/8.1 MB
2026.05.20 22:55:12 INFO  Progress (1): 3.9/8.1 MB
2026.05.20 22:55:12 INFO  Progress (1): 3.9/8.1 MB
2026.05.20 22:55:12 INFO  Progress (1): 3.9/8.1 MB
2026.05.20 22:55:12 INFO  Progress (1): 4.0/8.1 MB
2026.05.20 22:55:12 INFO  Progress (1): 4.0/8.1 MB
2026.05.20 22:55:12 INFO  Progress (1): 4.0/8.1 MB
2026.05.20 22:55:12 INFO  Progress (1): 4.0/8.1 MB
2026.05.20 22:55:12 INFO  Progress (1): 4.0/8.1 MB
2026.05.20 22:55:12 INFO  Progress (1): 4.0/8.1 MB
2026.05.20 22:55:12 INFO  Progress (1): 4.1/8.1 MB
2026.05.20 22:55:12 INFO  Progress (1): 4.1/8.1 MB
2026.05.20 22:55:12 INFO  Progress (1): 4.1/8.1 MB
2026.05.20 22:55:12 INFO  Progress (1): 4.1/8.1 MB
2026.05.20 22:55:12 INFO  Progress (1): 4.1/8.1 MB
2026.05.20 22:55:12 INFO  Progress (1): 4.1/8.1 MB
2026.05.20 22:55:12 INFO  Progress (1): 4.2/8.1 MB
2026.05.20 22:55:12 INFO  Progress (1): 4.2/8.1 MB
2026.05.20 22:55:12 INFO  Progress (1): 4.2/8.1 MB
2026.05.20 22:55:12 INFO  Progress (1): 4.2/8.1 MB
2026.05.20 22:55:12 INFO  Progress (1): 4.2/8.1 MB
2026.05.20 22:55:12 INFO  Progress (1): 4.2/8.1 MB
2026.05.20 22:55:12 INFO  Progress (1): 4.3/8.1 MB
2026.05.20 22:55:12 INFO  Progress (1): 4.3/8.1 MB
2026.05.20 22:55:12 INFO  Progress (1): 4.3/8.1 MB
2026.05.20 22:55:12 INFO  Progress (1): 4.3/8.1 MB
2026.05.20 22:55:12 INFO  Progress (1): 4.3/8.1 MB
2026.05.20 22:55:12 INFO  Progress (1): 4.3/8.1 MB
2026.05.20 22:55:12 INFO  Progress (1): 4.4/8.1 MB
2026.05.20 22:55:12 INFO  Progress (1): 4.4/8.1 MB
2026.05.20 22:55:12 INFO  Progress (1): 4.4/8.1 MB
2026.05.20 22:55:12 INFO  Progress (1): 4.4/8.1 MB
2026.05.20 22:55:12 INFO  Progress (1): 4.4/8.1 MB
2026.05.20 22:55:12 INFO  Progress (1): 4.4/8.1 MB
2026.05.20 22:55:12 INFO  Progress (1): 4.5/8.1 MB
2026.05.20 22:55:12 INFO  Progress (1): 4.5/8.1 MB
2026.05.20 22:55:12 INFO  Progress (1): 4.5/8.1 MB
2026.05.20 22:55:12 INFO  Progress (1): 4.5/8.1 MB
2026.05.20 22:55:12 INFO  Progress (1): 4.5/8.1 MB
2026.05.20 22:55:12 INFO  Progress (1): 4.5/8.1 MB
2026.05.20 22:55:12 INFO  Progress (1): 4.6/8.1 MB
2026.05.20 22:55:12 INFO  Progress (1): 4.6/8.1 MB
2026.05.20 22:55:12 INFO  Progress (1): 4.6/8.1 MB
2026.05.20 22:55:12 INFO  Progress (1): 4.6/8.1 MB
2026.05.20 22:55:12 INFO  Progress (1): 4.6/8.1 MB
2026.05.20 22:55:12 INFO  Progress (1): 4.6/8.1 MB
2026.05.20 22:55:12 INFO  Progress (1): 4.7/8.1 MB
2026.05.20 22:55:12 INFO  Progress (1): 4.7/8.1 MB
2026.05.20 22:55:12 INFO  Progress (1): 4.7/8.1 MB
2026.05.20 22:55:12 INFO  Progress (1): 4.7/8.1 MB
2026.05.20 22:55:12 INFO  Progress (1): 4.7/8.1 MB
2026.05.20 22:55:12 INFO  Progress (1): 4.7/8.1 MB
2026.05.20 22:55:12 INFO  Progress (1): 4.7/8.1 MB
2026.05.20 22:55:12 INFO  Progress (1): 4.8/8.1 MB
2026.05.20 22:55:12 INFO  Progress (1): 4.8/8.1 MB
2026.05.20 22:55:12 INFO  Progress (1): 4.8/8.1 MB
2026.05.20 22:55:12 INFO  Progress (1): 4.8/8.1 MB
2026.05.20 22:55:12 INFO  Progress (1): 4.8/8.1 MB
2026.05.20 22:55:12 INFO  Progress (1): 4.8/8.1 MB
2026.05.20 22:55:12 INFO  Progress (1): 4.9/8.1 MB
2026.05.20 22:55:12 INFO  Progress (1): 4.9/8.1 MB
2026.05.20 22:55:12 INFO  Progress (1): 4.9/8.1 MB
2026.05.20 22:55:12 INFO  Progress (1): 4.9/8.1 MB
2026.05.20 22:55:12 INFO  Progress (1): 4.9/8.1 MB
2026.05.20 22:55:12 INFO  Progress (1): 4.9/8.1 MB
2026.05.20 22:55:12 INFO  Progress (1): 5.0/8.1 MB
2026.05.20 22:55:12 INFO  Progress (1): 5.0/8.1 MB
2026.05.20 22:55:12 INFO  Progress (1): 5.0/8.1 MB
2026.05.20 22:55:12 INFO  Progress (1): 5.0/8.1 MB
2026.05.20 22:55:12 INFO  Progress (1): 5.0/8.1 MB
2026.05.20 22:55:12 INFO  Progress (1): 5.0/8.1 MB
2026.05.20 22:55:12 INFO  Progress (1): 5.1/8.1 MB
2026.05.20 22:55:12 INFO  Progress (1): 5.1/8.1 MB
2026.05.20 22:55:12 INFO  Progress (1): 5.1/8.1 MB
2026.05.20 22:55:12 INFO  Progress (1): 5.1/8.1 MB
2026.05.20 22:55:12 INFO  Progress (1): 5.1/8.1 MB
2026.05.20 22:55:12 INFO  Progress (1): 5.1/8.1 MB
2026.05.20 22:55:12 INFO  Progress (1): 5.2/8.1 MB
2026.05.20 22:55:12 INFO  Progress (1): 5.2/8.1 MB
2026.05.20 22:55:12 INFO  Progress (1): 5.2/8.1 MB
2026.05.20 22:55:12 INFO  Progress (1): 5.2/8.1 MB
2026.05.20 22:55:12 INFO  Progress (1): 5.2/8.1 MB
2026.05.20 22:55:12 INFO  Progress (1): 5.2/8.1 MB
2026.05.20 22:55:12 INFO  Progress (1): 5.2/8.1 MB
2026.05.20 22:55:12 INFO  Progress (1): 5.3/8.1 MB
2026.05.20 22:55:12 INFO  Progress (1): 5.3/8.1 MB
2026.05.20 22:55:12 INFO  Progress (1): 5.3/8.1 MB
2026.05.20 22:55:12 INFO  Progress (1): 5.3/8.1 MB
2026.05.20 22:55:12 INFO  Progress (1): 5.3/8.1 MB
2026.05.20 22:55:12 INFO  Progress (1): 5.3/8.1 MB
2026.05.20 22:55:12 INFO  Progress (1): 5.4/8.1 MB
2026.05.20 22:55:12 INFO  Progress (1): 5.4/8.1 MB
2026.05.20 22:55:12 INFO  Progress (1): 5.4/8.1 MB
2026.05.20 22:55:12 INFO  Progress (1): 5.4/8.1 MB
2026.05.20 22:55:12 INFO  Progress (1): 5.4/8.1 MB
2026.05.20 22:55:12 INFO  Progress (1): 5.4/8.1 MB
2026.05.20 22:55:12 INFO  Progress (1): 5.4/8.1 MB
2026.05.20 22:55:12 INFO  Progress (1): 5.5/8.1 MB
2026.05.20 22:55:12 INFO  Progress (1): 5.5/8.1 MB
2026.05.20 22:55:12 INFO  Progress (1): 5.5/8.1 MB
2026.05.20 22:55:12 INFO  Progress (1): 5.5/8.1 MB
2026.05.20 22:55:12 INFO  Progress (1): 5.5/8.1 MB
2026.05.20 22:55:12 INFO  Progress (1): 5.5/8.1 MB
2026.05.20 22:55:12 INFO  Progress (1): 5.6/8.1 MB
2026.05.20 22:55:12 INFO  Progress (1): 5.6/8.1 MB
2026.05.20 22:55:12 INFO  Progress (1): 5.6/8.1 MB
2026.05.20 22:55:12 INFO  Progress (1): 5.6/8.1 MB
2026.05.20 22:55:12 INFO  Progress (1): 5.6/8.1 MB
2026.05.20 22:55:12 INFO  Progress (1): 5.6/8.1 MB
2026.05.20 22:55:12 INFO  Progress (1): 5.7/8.1 MB
2026.05.20 22:55:12 INFO  Progress (1): 5.7/8.1 MB
2026.05.20 22:55:12 INFO  Progress (1): 5.7/8.1 MB
2026.05.20 22:55:12 INFO  Progress (1): 5.7/8.1 MB
2026.05.20 22:55:12 INFO  Progress (1): 5.7/8.1 MB
2026.05.20 22:55:12 INFO  Progress (1): 5.7/8.1 MB
2026.05.20 22:55:12 INFO  Progress (1): 5.8/8.1 MB
2026.05.20 22:55:12 INFO  Progress (1): 5.8/8.1 MB
2026.05.20 22:55:12 INFO  Progress (1): 5.8/8.1 MB
2026.05.20 22:55:12 INFO  Progress (1): 5.8/8.1 MB
2026.05.20 22:55:12 INFO  Progress (1): 5.8/8.1 MB
2026.05.20 22:55:12 INFO  Progress (1): 5.8/8.1 MB
2026.05.20 22:55:12 INFO  Progress (1): 5.9/8.1 MB
2026.05.20 22:55:12 INFO  Progress (1): 5.9/8.1 MB
2026.05.20 22:55:12 INFO  Progress (1): 5.9/8.1 MB
2026.05.20 22:55:12 INFO  Progress (1): 5.9/8.1 MB
2026.05.20 22:55:12 INFO  Progress (1): 5.9/8.1 MB
2026.05.20 22:55:12 INFO  Progress (1): 5.9/8.1 MB
2026.05.20 22:55:12 INFO  Progress (1): 6.0/8.1 MB
2026.05.20 22:55:12 INFO  Progress (1): 6.0/8.1 MB
2026.05.20 22:55:12 INFO  Progress (1): 6.0/8.1 MB
2026.05.20 22:55:12 INFO  Progress (1): 6.0/8.1 MB
2026.05.20 22:55:12 INFO  Progress (1): 6.0/8.1 MB
2026.05.20 22:55:12 INFO  Progress (1): 6.0/8.1 MB
2026.05.20 22:55:12 INFO  Progress (1): 6.1/8.1 MB
2026.05.20 22:55:12 INFO  Progress (1): 6.1/8.1 MB
2026.05.20 22:55:12 INFO  Progress (1): 6.1/8.1 MB
2026.05.20 22:55:12 INFO  Progress (1): 6.1/8.1 MB
2026.05.20 22:55:12 INFO  Progress (1): 6.1/8.1 MB
2026.05.20 22:55:12 INFO  Progress (1): 6.1/8.1 MB
2026.05.20 22:55:12 INFO  Progress (1): 6.1/8.1 MB
2026.05.20 22:55:12 INFO  Progress (1): 6.2/8.1 MB
2026.05.20 22:55:12 INFO  Progress (1): 6.2/8.1 MB
2026.05.20 22:55:12 INFO  Progress (1): 6.2/8.1 MB
2026.05.20 22:55:12 INFO  Progress (1): 6.2/8.1 MB
2026.05.20 22:55:12 INFO  Progress (1): 6.2/8.1 MB
2026.05.20 22:55:12 INFO  Progress (1): 6.2/8.1 MB
2026.05.20 22:55:12 INFO  Progress (1): 6.3/8.1 MB
2026.05.20 22:55:12 INFO  Progress (1): 6.3/8.1 MB
2026.05.20 22:55:12 INFO  Progress (1): 6.3/8.1 MB
2026.05.20 22:55:12 INFO  Progress (1): 6.3/8.1 MB
2026.05.20 22:55:12 INFO  Progress (1): 6.3/8.1 MB
2026.05.20 22:55:12 INFO  Progress (1): 6.3/8.1 MB
2026.05.20 22:55:12 INFO  Progress (1): 6.4/8.1 MB
2026.05.20 22:55:12 INFO  Progress (1): 6.4/8.1 MB
2026.05.20 22:55:12 INFO  Progress (1): 6.4/8.1 MB
2026.05.20 22:55:12 INFO  Progress (1): 6.4/8.1 MB
2026.05.20 22:55:12 INFO  Progress (1): 6.4/8.1 MB
2026.05.20 22:55:12 INFO  Progress (1): 6.4/8.1 MB
2026.05.20 22:55:12 INFO  Progress (1): 6.4/8.1 MB
2026.05.20 22:55:12 INFO  Progress (1): 6.5/8.1 MB
2026.05.20 22:55:12 INFO  Progress (1): 6.5/8.1 MB
2026.05.20 22:55:12 INFO  Progress (1): 6.5/8.1 MB
2026.05.20 22:55:12 INFO  Progress (1): 6.5/8.1 MB
2026.05.20 22:55:12 INFO  Progress (1): 6.5/8.1 MB
2026.05.20 22:55:12 INFO  Progress (1): 6.5/8.1 MB
2026.05.20 22:55:12 INFO  Progress (1): 6.6/8.1 MB
2026.05.20 22:55:12 INFO  Progress (1): 6.6/8.1 MB
2026.05.20 22:55:12 INFO  Progress (1): 6.6/8.1 MB
2026.05.20 22:55:12 INFO  Progress (1): 6.6/8.1 MB
2026.05.20 22:55:12 INFO  Progress (1): 6.6/8.1 MB
2026.05.20 22:55:12 INFO  Progress (1): 6.6/8.1 MB
2026.05.20 22:55:12 INFO  Progress (1): 6.7/8.1 MB
2026.05.20 22:55:12 INFO  Progress (1): 6.7/8.1 MB
2026.05.20 22:55:12 INFO  Progress (1): 6.7/8.1 MB
2026.05.20 22:55:12 INFO  Progress (1): 6.7/8.1 MB
2026.05.20 22:55:12 INFO  Progress (1): 6.7/8.1 MB
2026.05.20 22:55:12 INFO  Progress (1): 6.7/8.1 MB
2026.05.20 22:55:12 INFO  Progress (1): 6.7/8.1 MB
2026.05.20 22:55:12 INFO  Progress (1): 6.8/8.1 MB
2026.05.20 22:55:12 INFO  Progress (1): 6.8/8.1 MB
2026.05.20 22:55:12 INFO  Progress (1): 6.8/8.1 MB
2026.05.20 22:55:12 INFO  Progress (1): 6.8/8.1 MB
2026.05.20 22:55:12 INFO  Progress (1): 6.8/8.1 MB
2026.05.20 22:55:12 INFO  Progress (1): 6.8/8.1 MB
2026.05.20 22:55:12 INFO  Progress (1): 6.9/8.1 MB
2026.05.20 22:55:12 INFO  Progress (1): 6.9/8.1 MB
2026.05.20 22:55:12 INFO  Progress (1): 6.9/8.1 MB
2026.05.20 22:55:12 INFO  Progress (1): 6.9/8.1 MB
2026.05.20 22:55:12 INFO  Progress (1): 6.9/8.1 MB
2026.05.20 22:55:12 INFO  Progress (1): 6.9/8.1 MB
2026.05.20 22:55:12 INFO  Progress (1): 7.0/8.1 MB
2026.05.20 22:55:12 INFO  Progress (1): 7.0/8.1 MB
2026.05.20 22:55:12 INFO  Progress (1): 7.0/8.1 MB
2026.05.20 22:55:13 INFO  Progress (1): 7.0/8.1 MB
2026.05.20 22:55:13 INFO  Progress (1): 7.0/8.1 MB
2026.05.20 22:55:13 INFO  Progress (1): 7.0/8.1 MB
2026.05.20 22:55:13 INFO  Progress (1): 7.1/8.1 MB
2026.05.20 22:55:13 INFO  Progress (1): 7.1/8.1 MB
2026.05.20 22:55:13 INFO  Progress (1): 7.1/8.1 MB
2026.05.20 22:55:13 INFO  Progress (1): 7.1/8.1 MB
2026.05.20 22:55:13 INFO  Progress (1): 7.1/8.1 MB
2026.05.20 22:55:13 INFO  Progress (1): 7.1/8.1 MB
2026.05.20 22:55:13 INFO  Progress (1): 7.2/8.1 MB
2026.05.20 22:55:13 INFO  Progress (1): 7.2/8.1 MB
2026.05.20 22:55:13 INFO  Progress (1): 7.2/8.1 MB
2026.05.20 22:55:13 INFO  Progress (1): 7.2/8.1 MB
2026.05.20 22:55:13 INFO  Progress (1): 7.2/8.1 MB
2026.05.20 22:55:13 INFO  Progress (1): 7.2/8.1 MB
2026.05.20 22:55:13 INFO  Progress (1): 7.3/8.1 MB
2026.05.20 22:55:13 INFO  Progress (1): 7.3/8.1 MB
2026.05.20 22:55:13 INFO  Progress (1): 7.3/8.1 MB
2026.05.20 22:55:13 INFO  Progress (1): 7.3/8.1 MB
2026.05.20 22:55:13 INFO  Progress (1): 7.3/8.1 MB
2026.05.20 22:55:13 INFO  Progress (1): 7.3/8.1 MB
2026.05.20 22:55:13 INFO  Progress (1): 7.4/8.1 MB
2026.05.20 22:55:13 INFO  Progress (1): 7.4/8.1 MB
2026.05.20 22:55:13 INFO  Progress (1): 7.4/8.1 MB
2026.05.20 22:55:13 INFO  Progress (1): 7.4/8.1 MB
2026.05.20 22:55:13 INFO  Progress (1): 7.4/8.1 MB
2026.05.20 22:55:13 INFO  Progress (1): 7.4/8.1 MB
2026.05.20 22:55:13 INFO  Progress (1): 7.4/8.1 MB
2026.05.20 22:55:13 INFO  Progress (1): 7.5/8.1 MB
2026.05.20 22:55:13 INFO  Progress (1): 7.5/8.1 MB
2026.05.20 22:55:13 INFO  Progress (1): 7.5/8.1 MB
2026.05.20 22:55:13 INFO  Progress (1): 7.5/8.1 MB
2026.05.20 22:55:13 INFO  Progress (1): 7.5/8.1 MB
2026.05.20 22:55:13 INFO  Progress (1): 7.5/8.1 MB
2026.05.20 22:55:13 INFO  Progress (1): 7.6/8.1 MB
2026.05.20 22:55:13 INFO  Progress (1): 7.6/8.1 MB
2026.05.20 22:55:13 INFO  Progress (1): 7.6/8.1 MB
2026.05.20 22:55:13 INFO  Progress (1): 7.6/8.1 MB
2026.05.20 22:55:13 INFO  Progress (1): 7.6/8.1 MB
2026.05.20 22:55:13 INFO  Progress (1): 7.6/8.1 MB
2026.05.20 22:55:13 INFO  Progress (1): 7.7/8.1 MB
2026.05.20 22:55:13 INFO  Progress (1): 7.7/8.1 MB
2026.05.20 22:55:13 INFO  Progress (1): 7.7/8.1 MB
2026.05.20 22:55:13 INFO  Progress (1): 7.7/8.1 MB
2026.05.20 22:55:13 INFO  Progress (1): 7.7/8.1 MB
2026.05.20 22:55:13 INFO  Progress (1): 7.7/8.1 MB
2026.05.20 22:55:13 INFO  Progress (1): 7.8/8.1 MB
2026.05.20 22:55:13 INFO  Progress (1): 7.8/8.1 MB
2026.05.20 22:55:13 INFO  Progress (1): 7.8/8.1 MB
2026.05.20 22:55:13 INFO  Progress (1): 7.8/8.1 MB
2026.05.20 22:55:13 INFO  Progress (1): 7.8/8.1 MB
2026.05.20 22:55:13 INFO  Progress (1): 7.8/8.1 MB
2026.05.20 22:55:13 INFO  Progress (1): 7.9/8.1 MB
2026.05.20 22:55:13 INFO  Progress (1): 7.9/8.1 MB
2026.05.20 22:55:13 INFO  Progress (1): 7.9/8.1 MB
2026.05.20 22:55:13 INFO  Progress (1): 7.9/8.1 MB
2026.05.20 22:55:13 INFO  Progress (1): 7.9/8.1 MB
2026.05.20 22:55:13 INFO  Progress (1): 7.9/8.1 MB
2026.05.20 22:55:13 INFO  Progress (1): 8.0/8.1 MB
2026.05.20 22:55:13 INFO  Progress (1): 8.0/8.1 MB
2026.05.20 22:55:13 INFO  Progress (1): 8.0/8.1 MB
2026.05.20 22:55:13 INFO  Progress (1): 8.0/8.1 MB
2026.05.20 22:55:13 INFO  Progress (1): 8.0/8.1 MB
2026.05.20 22:55:13 INFO  Progress (1): 8.0/8.1 MB
2026.05.20 22:55:13 INFO  Progress (1): 8.1/8.1 MB
2026.05.20 22:55:13 INFO  Progress (1): 8.1/8.1 MB
2026.05.20 22:55:13 INFO  Progress (1): 8.1/8.1 MB
2026.05.20 22:55:13 INFO  Progress (1): 8.1/8.1 MB
2026.05.20 22:55:13 INFO  Progress (1): 8.1/8.1 MB
2026.05.20 22:55:13 INFO  Progress (1): 8.1/8.1 MB
2026.05.20 22:55:13 INFO  Progress (1): 8.1 MB    
2026.05.20 22:55:13 INFO                      
2026.05.20 22:55:13 INFO  Downloaded from central: https://repo.maven.apache.org/maven2/org/hibernate/orm/hibernate-core/7.2.7.Final/hibernate-core-7.2.7.Final-sources.jar (8.1 MB at 46 MB/s)
2026.05.20 22:55:13 INFO  [INFO] SUCCESS: org.hibernate.orm:hibernate-core:jar:7.2.7.Final:compile (sources = true)
2026.05.20 22:55:13 INFO  [INFO] Resolving artifact: com.zaxxer:HikariCP:jar:7.0.2:compile (sources = false)
2026.05.20 22:55:13 INFO  [INFO] SUCCESS: com.zaxxer:HikariCP:jar:7.0.2:compile (sources = false)
2026.05.20 22:55:13 INFO  [INFO] Resolving artifact: com.zaxxer:HikariCP:jar:7.0.2:compile (sources = true)
2026.05.20 22:55:13 INFO  Downloading from central: https://repo.maven.apache.org/maven2/com/zaxxer/HikariCP/7.0.2/HikariCP-7.0.2-sources.jar
2026.05.20 22:55:13 INFO  Progress (1): 7.7/103 kB
2026.05.20 22:55:13 INFO  Progress (1): 16/103 kB 
2026.05.20 22:55:13 INFO  Progress (1): 25/103 kB
2026.05.20 22:55:13 INFO  Progress (1): 41/103 kB
2026.05.20 22:55:13 INFO  Progress (1): 57/103 kB
2026.05.20 22:55:13 INFO  Progress (1): 74/103 kB
2026.05.20 22:55:13 INFO  Progress (1): 90/103 kB
2026.05.20 22:55:13 INFO  Progress (1): 103 kB   
2026.05.20 22:55:13 INFO                      
2026.05.20 22:55:13 INFO  Downloaded from central: https://repo.maven.apache.org/maven2/com/zaxxer/HikariCP/7.0.2/HikariCP-7.0.2-sources.jar (103 kB at 4.0 MB/s)
2026.05.20 22:55:13 INFO  [INFO] SUCCESS: com.zaxxer:HikariCP:jar:7.0.2:compile (sources = true)
2026.05.20 22:55:13 INFO  [INFO] Resolving artifact: io.jsonwebtoken:jjwt-api:jar:0.12.5:compile (sources = false)
2026.05.20 22:55:13 INFO  [INFO] SUCCESS: io.jsonwebtoken:jjwt-api:jar:0.12.5:compile (sources = false)
2026.05.20 22:55:13 INFO  [INFO] Resolving artifact: io.jsonwebtoken:jjwt-api:jar:0.12.5:compile (sources = true)
2026.05.20 22:55:13 INFO  Downloading from central: https://repo.maven.apache.org/maven2/io/jsonwebtoken/jjwt-api/0.12.5/jjwt-api-0.12.5-sources.jar
2026.05.20 22:55:13 INFO  Progress (1): 7.7/256 kB
2026.05.20 22:55:13 INFO  Progress (1): 16/256 kB 
2026.05.20 22:55:13 INFO  Progress (1): 24/256 kB
2026.05.20 22:55:13 INFO  Progress (1): 40/256 kB
2026.05.20 22:55:13 INFO  Progress (1): 57/256 kB
2026.05.20 22:55:13 INFO  Progress (1): 73/256 kB
2026.05.20 22:55:13 INFO  Progress (1): 90/256 kB
2026.05.20 22:55:13 INFO  Progress (1): 106/256 kB
2026.05.20 22:55:13 INFO  Progress (1): 122/256 kB
2026.05.20 22:55:13 INFO  Progress (1): 139/256 kB
2026.05.20 22:55:13 INFO  Progress (1): 155/256 kB
2026.05.20 22:55:13 INFO  Progress (1): 172/256 kB
2026.05.20 22:55:13 INFO  Progress (1): 188/256 kB
2026.05.20 22:55:13 INFO  Progress (1): 204/256 kB
2026.05.20 22:55:13 INFO  Progress (1): 221/256 kB
2026.05.20 22:55:13 INFO  Progress (1): 237/256 kB
2026.05.20 22:55:13 INFO  Progress (1): 253/256 kB
2026.05.20 22:55:13 INFO  Progress (1): 256 kB    
2026.05.20 22:55:13 INFO                      
2026.05.20 22:55:13 INFO  Downloaded from central: https://repo.maven.apache.org/maven2/io/jsonwebtoken/jjwt-api/0.12.5/jjwt-api-0.12.5-sources.jar (256 kB at 8.0 MB/s)
2026.05.20 22:55:13 INFO  [INFO] SUCCESS: io.jsonwebtoken:jjwt-api:jar:0.12.5:compile (sources = true)
2026.05.20 22:55:13 INFO  [INFO] Resolving artifact: tools.jackson.core:jackson-databind:jar:3.1.0:compile (sources = false)
2026.05.20 22:55:13 INFO  [INFO] SUCCESS: tools.jackson.core:jackson-databind:jar:3.1.0:compile (sources = false)
2026.05.20 22:55:13 INFO  [INFO] Resolving artifact: tools.jackson.core:jackson-databind:jar:3.1.0:compile (sources = true)
2026.05.20 22:55:13 INFO  Downloading from central: https://repo.maven.apache.org/maven2/tools/jackson/core/jackson-databind/3.1.0/jackson-databind-3.1.0-sources.jar
2026.05.20 22:55:13 INFO  Progress (1): 0/1.3 MB
2026.05.20 22:55:13 INFO  Progress (1): 0/1.3 MB
2026.05.20 22:55:13 INFO  Progress (1): 0/1.3 MB
2026.05.20 22:55:13 INFO  Progress (1): 0/1.3 MB
2026.05.20 22:55:13 INFO  Progress (1): 0.1/1.3 MB
2026.05.20 22:55:13 INFO  Progress (1): 0.1/1.3 MB
2026.05.20 22:55:13 INFO  Progress (1): 0.1/1.3 MB
2026.05.20 22:55:13 INFO  Progress (1): 0.1/1.3 MB
2026.05.20 22:55:13 INFO  Progress (1): 0.1/1.3 MB
2026.05.20 22:55:13 INFO  Progress (1): 0.1/1.3 MB
2026.05.20 22:55:13 INFO  Progress (1): 0.2/1.3 MB
2026.05.20 22:55:13 INFO  Progress (1): 0.2/1.3 MB
2026.05.20 22:55:13 INFO  Progress (1): 0.2/1.3 MB
2026.05.20 22:55:13 INFO  Progress (1): 0.2/1.3 MB
2026.05.20 22:55:13 INFO  Progress (1): 0.2/1.3 MB
2026.05.20 22:55:13 INFO  Progress (1): 0.2/1.3 MB
2026.05.20 22:55:13 INFO  Progress (1): 0.3/1.3 MB
2026.05.20 22:55:13 INFO  Progress (1): 0.3/1.3 MB
2026.05.20 22:55:13 INFO  Progress (1): 0.3/1.3 MB
2026.05.20 22:55:13 INFO  Progress (1): 0.3/1.3 MB
2026.05.20 22:55:13 INFO  Progress (1): 0.3/1.3 MB
2026.05.20 22:55:13 INFO  Progress (1): 0.3/1.3 MB
2026.05.20 22:55:13 INFO  Progress (1): 0.3/1.3 MB
2026.05.20 22:55:13 INFO  Progress (1): 0.4/1.3 MB
2026.05.20 22:55:13 INFO  Progress (1): 0.4/1.3 MB
2026.05.20 22:55:13 INFO  Progress (1): 0.4/1.3 MB
2026.05.20 22:55:13 INFO  Progress (1): 0.4/1.3 MB
2026.05.20 22:55:13 INFO  Progress (1): 0.4/1.3 MB
2026.05.20 22:55:13 INFO  Progress (1): 0.4/1.3 MB
2026.05.20 22:55:13 INFO  Progress (1): 0.5/1.3 MB
2026.05.20 22:55:13 INFO  Progress (1): 0.5/1.3 MB
2026.05.20 22:55:13 INFO  Progress (1): 0.5/1.3 MB
2026.05.20 22:55:13 INFO  Progress (1): 0.5/1.3 MB
2026.05.20 22:55:13 INFO  Progress (1): 0.5/1.3 MB
2026.05.20 22:55:13 INFO  Progress (1): 0.5/1.3 MB
2026.05.20 22:55:13 INFO  Progress (1): 0.6/1.3 MB
2026.05.20 22:55:13 INFO  Progress (1): 0.6/1.3 MB
2026.05.20 22:55:13 INFO  Progress (1): 0.6/1.3 MB
2026.05.20 22:55:13 INFO  Progress (1): 0.6/1.3 MB
2026.05.20 22:55:13 INFO  Progress (1): 0.6/1.3 MB
2026.05.20 22:55:13 INFO  Progress (1): 0.6/1.3 MB
2026.05.20 22:55:13 INFO  Progress (1): 0.7/1.3 MB
2026.05.20 22:55:13 INFO  Progress (1): 0.7/1.3 MB
2026.05.20 22:55:13 INFO  Progress (1): 0.7/1.3 MB
2026.05.20 22:55:13 INFO  Progress (1): 0.7/1.3 MB
2026.05.20 22:55:13 INFO  Progress (1): 0.7/1.3 MB
2026.05.20 22:55:13 INFO  Progress (1): 0.7/1.3 MB
2026.05.20 22:55:13 INFO  Progress (1): 0.8/1.3 MB
2026.05.20 22:55:13 INFO  Progress (1): 0.8/1.3 MB
2026.05.20 22:55:13 INFO  Progress (1): 0.8/1.3 MB
2026.05.20 22:55:13 INFO  Progress (1): 0.8/1.3 MB
2026.05.20 22:55:13 INFO  Progress (1): 0.8/1.3 MB
2026.05.20 22:55:13 INFO  Progress (1): 0.8/1.3 MB
2026.05.20 22:55:13 INFO  Progress (1): 0.9/1.3 MB
2026.05.20 22:55:13 INFO  Progress (1): 0.9/1.3 MB
2026.05.20 22:55:13 INFO  Progress (1): 0.9/1.3 MB
2026.05.20 22:55:13 INFO  Progress (1): 0.9/1.3 MB
2026.05.20 22:55:13 INFO  Progress (1): 0.9/1.3 MB
2026.05.20 22:55:13 INFO  Progress (1): 0.9/1.3 MB
2026.05.20 22:55:13 INFO  Progress (1): 1.0/1.3 MB
2026.05.20 22:55:13 INFO  Progress (1): 1.0/1.3 MB
2026.05.20 22:55:13 INFO  Progress (1): 1.0/1.3 MB
2026.05.20 22:55:13 INFO  Progress (1): 1.0/1.3 MB
2026.05.20 22:55:13 INFO  Progress (1): 1.0/1.3 MB
2026.05.20 22:55:13 INFO  Progress (1): 1.0/1.3 MB
2026.05.20 22:55:13 INFO  Progress (1): 1.0/1.3 MB
2026.05.20 22:55:13 INFO  Progress (1): 1.1/1.3 MB
2026.05.20 22:55:13 INFO  Progress (1): 1.1/1.3 MB
2026.05.20 22:55:13 INFO  Progress (1): 1.1/1.3 MB
2026.05.20 22:55:13 INFO  Progress (1): 1.1/1.3 MB
2026.05.20 22:55:13 INFO  Progress (1): 1.1/1.3 MB
2026.05.20 22:55:13 INFO  Progress (1): 1.1/1.3 MB
2026.05.20 22:55:13 INFO  Progress (1): 1.2/1.3 MB
2026.05.20 22:55:13 INFO  Progress (1): 1.2/1.3 MB
2026.05.20 22:55:13 INFO  Progress (1): 1.2/1.3 MB
2026.05.20 22:55:13 INFO  Progress (1): 1.2/1.3 MB
2026.05.20 22:55:13 INFO  Progress (1): 1.2/1.3 MB
2026.05.20 22:55:13 INFO  Progress (1): 1.2/1.3 MB
2026.05.20 22:55:13 INFO  Progress (1): 1.3/1.3 MB
2026.05.20 22:55:13 INFO  Progress (1): 1.3/1.3 MB
2026.05.20 22:55:13 INFO  Progress (1): 1.3/1.3 MB
2026.05.20 22:55:13 INFO  Progress (1): 1.3/1.3 MB
2026.05.20 22:55:13 INFO  Progress (1): 1.3/1.3 MB
2026.05.20 22:55:13 INFO  Progress (1): 1.3 MB    
2026.05.20 22:55:13 INFO                      
2026.05.20 22:55:13 INFO  Downloaded from central: https://repo.maven.apache.org/maven2/tools/jackson/core/jackson-databind/3.1.0/jackson-databind-3.1.0-sources.jar (1.3 MB at 26 MB/s)
2026.05.20 22:55:13 INFO  [INFO] SUCCESS: tools.jackson.core:jackson-databind:jar:3.1.0:compile (sources = true)
2026.05.20 22:55:13 INFO  [INFO] Resolving artifact: org.antlr:antlr4-runtime:jar:4.13.2:compile (sources = false)
2026.05.20 22:55:13 INFO  [INFO] SUCCESS: org.antlr:antlr4-runtime:jar:4.13.2:compile (sources = false)
2026.05.20 22:55:13 INFO  [INFO] Resolving artifact: org.antlr:antlr4-runtime:jar:4.13.2:compile (sources = true)
2026.05.20 22:55:13 INFO  Downloading from central: https://repo.maven.apache.org/maven2/org/antlr/antlr4-runtime/4.13.2/antlr4-runtime-4.13.2-sources.jar
2026.05.20 22:55:13 INFO  Progress (1): 7.7/314 kB
2026.05.20 22:55:13 INFO  Progress (1): 11/314 kB 
2026.05.20 22:55:13 INFO  Progress (1): 28/314 kB
2026.05.20 22:55:13 INFO  Progress (1): 44/314 kB
2026.05.20 22:55:13 INFO  Progress (1): 61/314 kB
2026.05.20 22:55:13 INFO  Progress (1): 77/314 kB
2026.05.20 22:55:13 INFO  Progress (1): 93/314 kB
2026.05.20 22:55:13 INFO  Progress (1): 110/314 kB
2026.05.20 22:55:13 INFO  Progress (1): 126/314 kB
2026.05.20 22:55:13 INFO  Progress (1): 142/314 kB
2026.05.20 22:55:13 INFO  Progress (1): 159/314 kB
2026.05.20 22:55:13 INFO  Progress (1): 175/314 kB
2026.05.20 22:55:13 INFO  Progress (1): 192/314 kB
2026.05.20 22:55:13 INFO  Progress (1): 208/314 kB
2026.05.20 22:55:13 INFO  Progress (1): 224/314 kB
2026.05.20 22:55:13 INFO  Progress (1): 241/314 kB
2026.05.20 22:55:13 INFO  Progress (1): 257/314 kB
2026.05.20 22:55:13 INFO  Progress (1): 262/314 kB
2026.05.20 22:55:13 INFO  Progress (1): 279/314 kB
2026.05.20 22:55:13 INFO  Progress (1): 295/314 kB
2026.05.20 22:55:13 INFO  Progress (1): 311/314 kB
2026.05.20 22:55:13 INFO  Progress (1): 314 kB    
2026.05.20 22:55:13 INFO                      
2026.05.20 22:55:13 INFO  Downloaded from central: https://repo.maven.apache.org/maven2/org/antlr/antlr4-runtime/4.13.2/antlr4-runtime-4.13.2-sources.jar (314 kB at 11 MB/s)
2026.05.20 22:55:13 INFO  [INFO] SUCCESS: org.antlr:antlr4-runtime:jar:4.13.2:compile (sources = true)
2026.05.20 22:55:13 INFO  [INFO] Resolving artifact: io.micrometer:micrometer-observation:jar:1.16.4:compile (sources = false)
2026.05.20 22:55:13 INFO  [INFO] SUCCESS: io.micrometer:micrometer-observation:jar:1.16.4:compile (sources = false)
2026.05.20 22:55:13 INFO  [INFO] Resolving artifact: io.micrometer:micrometer-observation:jar:1.16.4:compile (sources = true)
2026.05.20 22:55:13 INFO  Downloading from central: https://repo.maven.apache.org/maven2/io/micrometer/micrometer-observation/1.16.4/micrometer-observation-1.16.4-sources.jar
2026.05.20 22:55:13 INFO  Progress (1): 7.7/59 kB
2026.05.20 22:55:13 INFO  Progress (1): 15/59 kB 
2026.05.20 22:55:13 INFO  Progress (1): 32/59 kB
2026.05.20 22:55:13 INFO  Progress (1): 48/59 kB
2026.05.20 22:55:13 INFO  Progress (1): 59 kB   
2026.05.20 22:55:13 INFO                     
2026.05.20 22:55:13 INFO  Downloaded from central: https://repo.maven.apache.org/maven2/io/micrometer/micrometer-observation/1.16.4/micrometer-observation-1.16.4-sources.jar (59 kB at 2.7 MB/s)
2026.05.20 22:55:13 INFO  [INFO] SUCCESS: io.micrometer:micrometer-observation:jar:1.16.4:compile (sources = true)
2026.05.20 22:55:13 INFO  [INFO] Resolving artifact: org.opentest4j:opentest4j:jar:1.3.0:test (sources = false)
2026.05.20 22:55:13 INFO  [INFO] SUCCESS: org.opentest4j:opentest4j:jar:1.3.0:test (sources = false)
2026.05.20 22:55:13 INFO  [INFO] Resolving artifact: org.opentest4j:opentest4j:jar:1.3.0:test (sources = true)
2026.05.20 22:55:13 INFO  Downloading from central: https://repo.maven.apache.org/maven2/org/opentest4j/opentest4j/1.3.0/opentest4j-1.3.0-sources.jar
2026.05.20 22:55:13 INFO  Progress (1): 3.2/10 kB
2026.05.20 22:55:13 INFO  Progress (1): 10 kB    
2026.05.20 22:55:13 INFO                     
2026.05.20 22:55:13 INFO  Downloaded from central: https://repo.maven.apache.org/maven2/org/opentest4j/opentest4j/1.3.0/opentest4j-1.3.0-sources.jar (10 kB at 367 kB/s)
2026.05.20 22:55:13 INFO  [INFO] SUCCESS: org.opentest4j:opentest4j:jar:1.3.0:test (sources = true)
2026.05.20 22:55:13 INFO  [INFO] Resolving artifact: org.springframework.boot:spring-boot-starter-webmvc:jar:4.0.5:compile (sources = false)
2026.05.20 22:55:13 INFO  [INFO] SUCCESS: org.springframework.boot:spring-boot-starter-webmvc:jar:4.0.5:compile (sources = false)
2026.05.20 22:55:13 INFO  [INFO] Resolving artifact: org.springframework.boot:spring-boot-starter-webmvc:jar:4.0.5:compile (sources = true)
2026.05.20 22:55:13 INFO  Downloading from central: https://repo.maven.apache.org/maven2/org/springframework/boot/spring-boot-starter-webmvc/4.0.5/spring-boot-starter-webmvc-4.0.5-sources.jar
2026.05.20 22:55:13 INFO  Progress (1): 4.7 kB
2026.05.20 22:55:13 INFO                      
2026.05.20 22:55:13 INFO  Downloaded from central: https://repo.maven.apache.org/maven2/org/springframework/boot/spring-boot-starter-webmvc/4.0.5/spring-boot-starter-webmvc-4.0.5-sources.jar (4.7 kB at 206 kB/s)
2026.05.20 22:55:13 INFO  [INFO] SUCCESS: org.springframework.boot:spring-boot-starter-webmvc:jar:4.0.5:compile (sources = true)
2026.05.20 22:55:13 INFO  [INFO] Resolving artifact: org.springdoc:springdoc-openapi-starter-webmvc-ui:jar:2.8.8:compile (sources = false)
2026.05.20 22:55:13 INFO  [INFO] SUCCESS: org.springdoc:springdoc-openapi-starter-webmvc-ui:jar:2.8.8:compile (sources = false)
2026.05.20 22:55:13 INFO  [INFO] Resolving artifact: org.springdoc:springdoc-openapi-starter-webmvc-ui:jar:2.8.8:compile (sources = true)
2026.05.20 22:55:13 INFO  Downloading from central: https://repo.maven.apache.org/maven2/org/springdoc/springdoc-openapi-starter-webmvc-ui/2.8.8/springdoc-openapi-starter-webmvc-ui-2.8.8-sources.jar
2026.05.20 22:55:13 INFO  Progress (1): 7.7/16 kB
2026.05.20 22:55:13 INFO  Progress (1): 11/16 kB 
2026.05.20 22:55:13 INFO  Progress (1): 16 kB   
2026.05.20 22:55:13 INFO                     
2026.05.20 22:55:13 INFO  Downloaded from central: https://repo.maven.apache.org/maven2/org/springdoc/springdoc-openapi-starter-webmvc-ui/2.8.8/springdoc-openapi-starter-webmvc-ui-2.8.8-sources.jar (16 kB at 651 kB/s)
2026.05.20 22:55:13 INFO  [INFO] SUCCESS: org.springdoc:springdoc-openapi-starter-webmvc-ui:jar:2.8.8:compile (sources = true)
2026.05.20 22:55:13 INFO  [INFO] Resolving artifact: org.springframework.boot:spring-boot-starter-test:jar:4.0.5:test (sources = false)
2026.05.20 22:55:13 INFO  [INFO] SUCCESS: org.springframework.boot:spring-boot-starter-test:jar:4.0.5:test (sources = false)
2026.05.20 22:55:13 INFO  [INFO] Resolving artifact: org.springframework.boot:spring-boot-starter-test:jar:4.0.5:test (sources = true)
2026.05.20 22:55:13 INFO  Downloading from central: https://repo.maven.apache.org/maven2/org/springframework/boot/spring-boot-starter-test/4.0.5/spring-boot-starter-test-4.0.5-sources.jar
2026.05.20 22:55:13 INFO  Progress (1): 3.2/4.8 kB
2026.05.20 22:55:13 INFO  Progress (1): 4.8 kB    
2026.05.20 22:55:13 INFO                      
2026.05.20 22:55:13 INFO  Downloaded from central: https://repo.maven.apache.org/maven2/org/springframework/boot/spring-boot-starter-test/4.0.5/spring-boot-starter-test-4.0.5-sources.jar (4.8 kB at 218 kB/s)
2026.05.20 22:55:13 INFO  [INFO] SUCCESS: org.springframework.boot:spring-boot-starter-test:jar:4.0.5:test (sources = true)
2026.05.20 22:55:13 INFO  [INFO] Resolving artifact: org.springframework.boot:spring-boot-test:jar:4.0.5:test (sources = false)
2026.05.20 22:55:13 INFO  [INFO] SUCCESS: org.springframework.boot:spring-boot-test:jar:4.0.5:test (sources = false)
2026.05.20 22:55:13 INFO  [INFO] Resolving artifact: org.springframework.boot:spring-boot-test:jar:4.0.5:test (sources = true)
2026.05.20 22:55:13 INFO  Downloading from central: https://repo.maven.apache.org/maven2/org/springframework/boot/spring-boot-test/4.0.5/spring-boot-test-4.0.5-sources.jar
2026.05.20 22:55:13 INFO  Progress (1): 7.7/135 kB
2026.05.20 22:55:13 INFO  Progress (1): 16/135 kB 
2026.05.20 22:55:13 INFO  Progress (1): 32/135 kB
2026.05.20 22:55:13 INFO  Progress (1): 49/135 kB
2026.05.20 22:55:13 INFO  Progress (1): 65/135 kB
2026.05.20 22:55:13 INFO  Progress (1): 81/135 kB
2026.05.20 22:55:13 INFO  Progress (1): 98/135 kB
2026.05.20 22:55:13 INFO  Progress (1): 114/135 kB
2026.05.20 22:55:13 INFO  Progress (1): 131/135 kB
2026.05.20 22:55:13 INFO  Progress (1): 135 kB    
2026.05.20 22:55:13 INFO                      
2026.05.20 22:55:13 INFO  Downloaded from central: https://repo.maven.apache.org/maven2/org/springframework/boot/spring-boot-test/4.0.5/spring-boot-test-4.0.5-sources.jar (135 kB at 5.0 MB/s)
2026.05.20 22:55:13 INFO  [INFO] SUCCESS: org.springframework.boot:spring-boot-test:jar:4.0.5:test (sources = true)
2026.05.20 22:55:13 INFO  [INFO] Resolving artifact: org.apache.logging.log4j:log4j-to-slf4j:jar:2.25.3:compile (sources = false)
2026.05.20 22:55:13 INFO  [INFO] SUCCESS: org.apache.logging.log4j:log4j-to-slf4j:jar:2.25.3:compile (sources = false)
2026.05.20 22:55:13 INFO  [INFO] Resolving artifact: org.apache.logging.log4j:log4j-to-slf4j:jar:2.25.3:compile (sources = true)
2026.05.20 22:55:13 INFO  Downloading from central: https://repo.maven.apache.org/maven2/org/apache/logging/log4j/log4j-to-slf4j/2.25.3/log4j-to-slf4j-2.25.3-sources.jar
2026.05.20 22:55:13 INFO  Progress (1): 7.7/19 kB
2026.05.20 22:55:13 INFO  Progress (1): 15/19 kB 
2026.05.20 22:55:13 INFO  Progress (1): 19 kB   
2026.05.20 22:55:13 INFO                     
2026.05.20 22:55:13 INFO  Downloaded from central: https://repo.maven.apache.org/maven2/org/apache/logging/log4j/log4j-to-slf4j/2.25.3/log4j-to-slf4j-2.25.3-sources.jar (19 kB at 807 kB/s)
2026.05.20 22:55:13 INFO  [INFO] SUCCESS: org.apache.logging.log4j:log4j-to-slf4j:jar:2.25.3:compile (sources = true)
2026.05.20 22:55:13 INFO  [INFO] Resolving artifact: org.springframework.boot:spring-boot-starter-tomcat:jar:4.0.5:compile (sources = false)
2026.05.20 22:55:13 INFO  [INFO] SUCCESS: org.springframework.boot:spring-boot-starter-tomcat:jar:4.0.5:compile (sources = false)
2026.05.20 22:55:13 INFO  [INFO] Resolving artifact: org.springframework.boot:spring-boot-starter-tomcat:jar:4.0.5:compile (sources = true)
2026.05.20 22:55:13 INFO  Downloading from central: https://repo.maven.apache.org/maven2/org/springframework/boot/spring-boot-starter-tomcat/4.0.5/spring-boot-starter-tomcat-4.0.5-sources.jar
2026.05.20 22:55:13 INFO  Progress (1): 3.2/4.8 kB
2026.05.20 22:55:13 INFO  Progress (1): 4.8 kB    
2026.05.20 22:55:13 INFO                      
2026.05.20 22:55:13 INFO  Downloaded from central: https://repo.maven.apache.org/maven2/org/springframework/boot/spring-boot-starter-tomcat/4.0.5/spring-boot-starter-tomcat-4.0.5-sources.jar (4.8 kB at 176 kB/s)
2026.05.20 22:55:13 INFO  [INFO] SUCCESS: org.springframework.boot:spring-boot-starter-tomcat:jar:4.0.5:compile (sources = true)
2026.05.20 22:55:13 INFO  [INFO] Resolving artifact: org.junit.jupiter:junit-jupiter:jar:6.0.3:test (sources = false)
2026.05.20 22:55:13 INFO  [INFO] SUCCESS: org.junit.jupiter:junit-jupiter:jar:6.0.3:test (sources = false)
2026.05.20 22:55:13 INFO  [INFO] Resolving artifact: org.junit.jupiter:junit-jupiter:jar:6.0.3:test (sources = true)
2026.05.20 22:55:13 INFO  Downloading from central: https://repo.maven.apache.org/maven2/org/junit/jupiter/junit-jupiter/6.0.3/junit-jupiter-6.0.3-sources.jar
2026.05.20 22:55:13 INFO  Progress (1): 6.1 kB
2026.05.20 22:55:13 INFO                      
2026.05.20 22:55:13 INFO  Downloaded from central: https://repo.maven.apache.org/maven2/org/junit/jupiter/junit-jupiter/6.0.3/junit-jupiter-6.0.3-sources.jar (6.1 kB at 254 kB/s)
2026.05.20 22:55:13 INFO  [INFO] SUCCESS: org.junit.jupiter:junit-jupiter:jar:6.0.3:test (sources = true)
2026.05.20 22:55:13 INFO  [INFO] Resolving artifact: org.springframework.data:spring-data-jpa:jar:4.0.4:compile (sources = false)
2026.05.20 22:55:13 INFO  [INFO] SUCCESS: org.springframework.data:spring-data-jpa:jar:4.0.4:compile (sources = false)
2026.05.20 22:55:13 INFO  [INFO] Resolving artifact: org.springframework.data:spring-data-jpa:jar:4.0.4:compile (sources = true)
2026.05.20 22:55:13 INFO  Downloading from central: https://repo.maven.apache.org/maven2/org/springframework/data/spring-data-jpa/4.0.4/spring-data-jpa-4.0.4-sources.jar
2026.05.20 22:55:13 INFO  Progress (1): 7.7/807 kB
2026.05.20 22:55:13 INFO  Progress (1): 16/807 kB 
2026.05.20 22:55:13 INFO  Progress (1): 29/807 kB
2026.05.20 22:55:13 INFO  Progress (1): 45/807 kB
2026.05.20 22:55:13 INFO  Progress (1): 61/807 kB
2026.05.20 22:55:13 INFO  Progress (1): 78/807 kB
2026.05.20 22:55:13 INFO  Progress (1): 94/807 kB
2026.05.20 22:55:13 INFO  Progress (1): 111/807 kB
2026.05.20 22:55:13 INFO  Progress (1): 127/807 kB
2026.05.20 22:55:13 INFO  Progress (1): 143/807 kB
2026.05.20 22:55:13 INFO  Progress (1): 160/807 kB
2026.05.20 22:55:13 INFO  Progress (1): 176/807 kB
2026.05.20 22:55:13 INFO  Progress (1): 193/807 kB
2026.05.20 22:55:13 INFO  Progress (1): 209/807 kB
2026.05.20 22:55:13 INFO  Progress (1): 225/807 kB
2026.05.20 22:55:13 INFO  Progress (1): 242/807 kB
2026.05.20 22:55:13 INFO  Progress (1): 258/807 kB
2026.05.20 22:55:13 INFO  Progress (1): 262/807 kB
2026.05.20 22:55:13 INFO  Progress (1): 279/807 kB
2026.05.20 22:55:13 INFO  Progress (1): 295/807 kB
2026.05.20 22:55:13 INFO  Progress (1): 311/807 kB
2026.05.20 22:55:13 INFO  Progress (1): 328/807 kB
2026.05.20 22:55:13 INFO  Progress (1): 344/807 kB
2026.05.20 22:55:13 INFO  Progress (1): 360/807 kB
2026.05.20 22:55:13 INFO  Progress (1): 377/807 kB
2026.05.20 22:55:13 INFO  Progress (1): 393/807 kB
2026.05.20 22:55:13 INFO  Progress (1): 410/807 kB
2026.05.20 22:55:13 INFO  Progress (1): 426/807 kB
2026.05.20 22:55:13 INFO  Progress (1): 442/807 kB
2026.05.20 22:55:13 INFO  Progress (1): 459/807 kB
2026.05.20 22:55:13 INFO  Progress (1): 475/807 kB
2026.05.20 22:55:13 INFO  Progress (1): 492/807 kB
2026.05.20 22:55:13 INFO  Progress (1): 508/807 kB
2026.05.20 22:55:13 INFO  Progress (1): 524/807 kB
2026.05.20 22:55:13 INFO  Progress (1): 541/807 kB
2026.05.20 22:55:13 INFO  Progress (1): 557/807 kB
2026.05.20 22:55:13 INFO  Progress (1): 573/807 kB
2026.05.20 22:55:13 INFO  Progress (1): 590/807 kB
2026.05.20 22:55:13 INFO  Progress (1): 606/807 kB
2026.05.20 22:55:13 INFO  Progress (1): 623/807 kB
2026.05.20 22:55:13 INFO  Progress (1): 639/807 kB
2026.05.20 22:55:13 INFO  Progress (1): 655/807 kB
2026.05.20 22:55:13 INFO  Progress (1): 672/807 kB
2026.05.20 22:55:13 INFO  Progress (1): 688/807 kB
2026.05.20 22:55:13 INFO  Progress (1): 705/807 kB
2026.05.20 22:55:13 INFO  Progress (1): 721/807 kB
2026.05.20 22:55:13 INFO  Progress (1): 737/807 kB
2026.05.20 22:55:13 INFO  Progress (1): 754/807 kB
2026.05.20 22:55:13 INFO  Progress (1): 770/807 kB
2026.05.20 22:55:13 INFO  Progress (1): 786/807 kB
2026.05.20 22:55:13 INFO  Progress (1): 803/807 kB
2026.05.20 22:55:13 INFO  Progress (1): 807 kB    
2026.05.20 22:55:13 INFO                      
2026.05.20 22:55:13 INFO  Downloaded from central: https://repo.maven.apache.org/maven2/org/springframework/data/spring-data-jpa/4.0.4/spring-data-jpa-4.0.4-sources.jar (807 kB at 22 MB/s)
2026.05.20 22:55:13 INFO  [INFO] SUCCESS: org.springframework.data:spring-data-jpa:jar:4.0.4:compile (sources = true)
2026.05.20 22:55:13 INFO  [INFO] Resolving artifact: jakarta.transaction:jakarta.transaction-api:jar:2.0.1:compile (sources = false)
2026.05.20 22:55:13 INFO  [INFO] SUCCESS: jakarta.transaction:jakarta.transaction-api:jar:2.0.1:compile (sources = false)
2026.05.20 22:55:13 INFO  [INFO] Resolving artifact: jakarta.transaction:jakarta.transaction-api:jar:2.0.1:compile (sources = true)
2026.05.20 22:55:13 INFO  Downloading from central: https://repo.maven.apache.org/maven2/jakarta/transaction/jakarta.transaction-api/2.0.1/jakarta.transaction-api-2.0.1-sources.jar
2026.05.20 22:55:13 INFO  Progress (1): 7.7/40 kB
2026.05.20 22:55:13 INFO  Progress (1): 12/40 kB 
2026.05.20 22:55:13 INFO  Progress (1): 29/40 kB
2026.05.20 22:55:13 INFO  Progress (1): 40 kB   
2026.05.20 22:55:13 INFO                     
2026.05.20 22:55:13 INFO  Downloaded from central: https://repo.maven.apache.org/maven2/jakarta/transaction/jakarta.transaction-api/2.0.1/jakarta.transaction-api-2.0.1-sources.jar (40 kB at 1.3 MB/s)
2026.05.20 22:55:13 INFO  [INFO] SUCCESS: jakarta.transaction:jakarta.transaction-api:jar:2.0.1:compile (sources = true)
2026.05.20 22:55:13 INFO  [INFO] Resolving artifact: org.springframework.boot:spring-boot-jackson:jar:4.0.5:compile (sources = false)
2026.05.20 22:55:13 INFO  [INFO] SUCCESS: org.springframework.boot:spring-boot-jackson:jar:4.0.5:compile (sources = false)
2026.05.20 22:55:13 INFO  [INFO] Resolving artifact: org.springframework.boot:spring-boot-jackson:jar:4.0.5:compile (sources = true)
2026.05.20 22:55:13 INFO  Downloading from central: https://repo.maven.apache.org/maven2/org/springframework/boot/spring-boot-jackson/4.0.5/spring-boot-jackson-4.0.5-sources.jar
2026.05.20 22:55:13 INFO  Progress (1): 7.7/35 kB
2026.05.20 22:55:13 INFO  Progress (1): 16/35 kB 
2026.05.20 22:55:13 INFO  Progress (1): 29/35 kB
2026.05.20 22:55:13 INFO  Progress (1): 35 kB   
2026.05.20 22:55:13 INFO                     
2026.05.20 22:55:13 INFO  Downloaded from central: https://repo.maven.apache.org/maven2/org/springframework/boot/spring-boot-jackson/4.0.5/spring-boot-jackson-4.0.5-sources.jar (35 kB at 1.4 MB/s)
2026.05.20 22:55:13 INFO  [INFO] SUCCESS: org.springframework.boot:spring-boot-jackson:jar:4.0.5:compile (sources = true)
2026.05.20 22:55:13 INFO  [INFO] Resolving artifact: tools.jackson.core:jackson-core:jar:3.1.0:compile (sources = false)
2026.05.20 22:55:13 INFO  [INFO] SUCCESS: tools.jackson.core:jackson-core:jar:3.1.0:compile (sources = false)
2026.05.20 22:55:13 INFO  [INFO] Resolving artifact: tools.jackson.core:jackson-core:jar:3.1.0:compile (sources = true)
2026.05.20 22:55:13 INFO  Downloading from central: https://repo.maven.apache.org/maven2/tools/jackson/core/jackson-core/3.1.0/jackson-core-3.1.0-sources.jar
2026.05.20 22:55:13 INFO  Progress (1): 7.7/486 kB
2026.05.20 22:55:13 INFO  Progress (1): 16/486 kB 
2026.05.20 22:55:13 INFO  Progress (1): 32/486 kB
2026.05.20 22:55:13 INFO  Progress (1): 48/486 kB
2026.05.20 22:55:13 INFO  Progress (1): 65/486 kB
2026.05.20 22:55:13 INFO  Progress (1): 81/486 kB
2026.05.20 22:55:13 INFO  Progress (1): 97/486 kB
2026.05.20 22:55:13 INFO  Progress (1): 114/486 kB
2026.05.20 22:55:13 INFO  Progress (1): 130/486 kB
2026.05.20 22:55:13 INFO  Progress (1): 147/486 kB
2026.05.20 22:55:13 INFO  Progress (1): 163/486 kB
2026.05.20 22:55:13 INFO  Progress (1): 179/486 kB
2026.05.20 22:55:13 INFO  Progress (1): 196/486 kB
2026.05.20 22:55:13 INFO  Progress (1): 212/486 kB
2026.05.20 22:55:13 INFO  Progress (1): 228/486 kB
2026.05.20 22:55:13 INFO  Progress (1): 245/486 kB
2026.05.20 22:55:13 INFO  Progress (1): 261/486 kB
2026.05.20 22:55:13 INFO  Progress (1): 266/486 kB
2026.05.20 22:55:13 INFO  Progress (1): 282/486 kB
2026.05.20 22:55:13 INFO  Progress (1): 299/486 kB
2026.05.20 22:55:13 INFO  Progress (1): 315/486 kB
2026.05.20 22:55:13 INFO  Progress (1): 331/486 kB
2026.05.20 22:55:13 INFO  Progress (1): 348/486 kB
2026.05.20 22:55:13 INFO  Progress (1): 364/486 kB
2026.05.20 22:55:13 INFO  Progress (1): 381/486 kB
2026.05.20 22:55:13 INFO  Progress (1): 397/486 kB
2026.05.20 22:55:13 INFO  Progress (1): 413/486 kB
2026.05.20 22:55:13 INFO  Progress (1): 430/486 kB
2026.05.20 22:55:13 INFO  Progress (1): 446/486 kB
2026.05.20 22:55:13 INFO  Progress (1): 463/486 kB
2026.05.20 22:55:13 INFO  Progress (1): 479/486 kB
2026.05.20 22:55:13 INFO  Progress (1): 486 kB    
2026.05.20 22:55:13 INFO                      
2026.05.20 22:55:13 INFO  Downloaded from central: https://repo.maven.apache.org/maven2/tools/jackson/core/jackson-core/3.1.0/jackson-core-3.1.0-sources.jar (486 kB at 9.7 MB/s)
2026.05.20 22:55:13 INFO  [INFO] SUCCESS: tools.jackson.core:jackson-core:jar:3.1.0:compile (sources = true)
2026.05.20 22:55:13 INFO  [INFO] Resolving artifact: io.jsonwebtoken:jjwt-jackson:jar:0.12.5:runtime (sources = false)
2026.05.20 22:55:13 INFO  [INFO] SUCCESS: io.jsonwebtoken:jjwt-jackson:jar:0.12.5:runtime (sources = false)
2026.05.20 22:55:13 INFO  [INFO] Resolving artifact: io.jsonwebtoken:jjwt-jackson:jar:0.12.5:runtime (sources = true)
2026.05.20 22:55:13 INFO  Downloading from central: https://repo.maven.apache.org/maven2/io/jsonwebtoken/jjwt-jackson/0.12.5/jjwt-jackson-0.12.5-sources.jar
2026.05.20 22:55:13 INFO  Progress (1): 3.2/8.0 kB
2026.05.20 22:55:13 INFO  Progress (1): 8.0 kB    
2026.05.20 22:55:13 INFO                      
2026.05.20 22:55:13 INFO  Downloaded from central: https://repo.maven.apache.org/maven2/io/jsonwebtoken/jjwt-jackson/0.12.5/jjwt-jackson-0.12.5-sources.jar (8.0 kB at 334 kB/s)
2026.05.20 22:55:13 INFO  [INFO] SUCCESS: io.jsonwebtoken:jjwt-jackson:jar:0.12.5:runtime (sources = true)
2026.05.20 22:55:13 INFO  [INFO] Resolving artifact: org.springframework.boot:spring-boot-security-test:jar:4.0.5:test (sources = false)
2026.05.20 22:55:13 INFO  [INFO] SUCCESS: org.springframework.boot:spring-boot-security-test:jar:4.0.5:test (sources = false)
2026.05.20 22:55:13 INFO  [INFO] Resolving artifact: org.springframework.boot:spring-boot-security-test:jar:4.0.5:test (sources = true)
2026.05.20 22:55:13 INFO  Downloading from central: https://repo.maven.apache.org/maven2/org/springframework/boot/spring-boot-security-test/4.0.5/spring-boot-security-test-4.0.5-sources.jar
2026.05.20 22:55:13 INFO  Progress (1): 7.3/11 kB
2026.05.20 22:55:13 INFO  Progress (1): 11 kB    
2026.05.20 22:55:13 INFO                     
2026.05.20 22:55:13 INFO  Downloaded from central: https://repo.maven.apache.org/maven2/org/springframework/boot/spring-boot-security-test/4.0.5/spring-boot-security-test-4.0.5-sources.jar (11 kB at 395 kB/s)
2026.05.20 22:55:13 INFO  [INFO] SUCCESS: org.springframework.boot:spring-boot-security-test:jar:4.0.5:test (sources = true)
2026.05.20 22:55:13 INFO  [INFO] Resolving artifact: com.fasterxml.jackson.core:jackson-core:jar:2.21.2:compile (sources = false)
2026.05.20 22:55:13 INFO  [INFO] SUCCESS: com.fasterxml.jackson.core:jackson-core:jar:2.21.2:compile (sources = false)
2026.05.20 22:55:13 INFO  [INFO] Resolving artifact: com.fasterxml.jackson.core:jackson-core:jar:2.21.2:compile (sources = true)
2026.05.20 22:55:13 INFO  Downloading from central: https://repo.maven.apache.org/maven2/com/fasterxml/jackson/core/jackson-core/2.21.2/jackson-core-2.21.2-sources.jar
2026.05.20 22:55:13 INFO  Progress (1): 7.7/498 kB
2026.05.20 22:55:13 INFO  Progress (1): 16/498 kB 
2026.05.20 22:55:13 INFO  Progress (1): 29/498 kB
2026.05.20 22:55:13 INFO  Progress (1): 45/498 kB
2026.05.20 22:55:13 INFO  Progress (1): 61/498 kB
2026.05.20 22:55:13 INFO  Progress (1): 78/498 kB
2026.05.20 22:55:13 INFO  Progress (1): 94/498 kB
2026.05.20 22:55:13 INFO  Progress (1): 111/498 kB
2026.05.20 22:55:13 INFO  Progress (1): 127/498 kB
2026.05.20 22:55:13 INFO  Progress (1): 143/498 kB
2026.05.20 22:55:13 INFO  Progress (1): 160/498 kB
2026.05.20 22:55:13 INFO  Progress (1): 176/498 kB
2026.05.20 22:55:13 INFO  Progress (1): 193/498 kB
2026.05.20 22:55:13 INFO  Progress (1): 209/498 kB
2026.05.20 22:55:13 INFO  Progress (1): 225/498 kB
2026.05.20 22:55:13 INFO  Progress (1): 242/498 kB
2026.05.20 22:55:13 INFO  Progress (1): 258/498 kB
2026.05.20 22:55:13 INFO  Progress (1): 274/498 kB
2026.05.20 22:55:13 INFO  Progress (1): 291/498 kB
2026.05.20 22:55:13 INFO  Progress (1): 307/498 kB
2026.05.20 22:55:13 INFO  Progress (1): 324/498 kB
2026.05.20 22:55:13 INFO  Progress (1): 340/498 kB
2026.05.20 22:55:13 INFO  Progress (1): 356/498 kB
2026.05.20 22:55:13 INFO  Progress (1): 360/498 kB
2026.05.20 22:55:13 INFO  Progress (1): 377/498 kB
2026.05.20 22:55:13 INFO  Progress (1): 393/498 kB
2026.05.20 22:55:13 INFO  Progress (1): 410/498 kB
2026.05.20 22:55:13 INFO  Progress (1): 426/498 kB
2026.05.20 22:55:13 INFO  Progress (1): 442/498 kB
2026.05.20 22:55:13 INFO  Progress (1): 459/498 kB
2026.05.20 22:55:13 INFO  Progress (1): 475/498 kB
2026.05.20 22:55:13 INFO  Progress (1): 492/498 kB
2026.05.20 22:55:13 INFO  Progress (1): 498 kB    
2026.05.20 22:55:13 INFO                      
2026.05.20 22:55:13 INFO  Downloaded from central: https://repo.maven.apache.org/maven2/com/fasterxml/jackson/core/jackson-core/2.21.2/jackson-core-2.21.2-sources.jar (498 kB at 8.9 MB/s)
2026.05.20 22:55:13 INFO  [INFO] SUCCESS: com.fasterxml.jackson.core:jackson-core:jar:2.21.2:compile (sources = true)
2026.05.20 22:55:13 INFO  [INFO] Resolving artifact: jakarta.persistence:jakarta.persistence-api:jar:3.2.0:compile (sources = false)
2026.05.20 22:55:13 INFO  [INFO] SUCCESS: jakarta.persistence:jakarta.persistence-api:jar:3.2.0:compile (sources = false)
2026.05.20 22:55:13 INFO  [INFO] Resolving artifact: jakarta.persistence:jakarta.persistence-api:jar:3.2.0:compile (sources = true)
2026.05.20 22:55:13 INFO  Downloading from central: https://repo.maven.apache.org/maven2/jakarta/persistence/jakarta.persistence-api/3.2.0/jakarta.persistence-api-3.2.0-sources.jar
2026.05.20 22:55:13 INFO  Progress (1): 7.7/311 kB
2026.05.20 22:55:13 INFO  Progress (1): 12/311 kB 
2026.05.20 22:55:13 INFO  Progress (1): 29/311 kB
2026.05.20 22:55:13 INFO  Progress (1): 45/311 kB
2026.05.20 22:55:13 INFO  Progress (1): 61/311 kB
2026.05.20 22:55:13 INFO  Progress (1): 78/311 kB
2026.05.20 22:55:13 INFO  Progress (1): 94/311 kB
2026.05.20 22:55:13 INFO  Progress (1): 111/311 kB
2026.05.20 22:55:13 INFO  Progress (1): 127/311 kB
2026.05.20 22:55:13 INFO  Progress (1): 143/311 kB
2026.05.20 22:55:13 INFO  Progress (1): 160/311 kB
2026.05.20 22:55:13 INFO  Progress (1): 176/311 kB
2026.05.20 22:55:13 INFO  Progress (1): 193/311 kB
2026.05.20 22:55:13 INFO  Progress (1): 209/311 kB
2026.05.20 22:55:13 INFO  Progress (1): 225/311 kB
2026.05.20 22:55:13 INFO  Progress (1): 242/311 kB
2026.05.20 22:55:13 INFO  Progress (1): 258/311 kB
2026.05.20 22:55:13 INFO  Progress (1): 274/311 kB
2026.05.20 22:55:13 INFO  Progress (1): 291/311 kB
2026.05.20 22:55:13 INFO  Progress (1): 307/311 kB
2026.05.20 22:55:13 INFO  Progress (1): 311 kB    
2026.05.20 22:55:13 INFO                      
2026.05.20 22:55:13 INFO  Downloaded from central: https://repo.maven.apache.org/maven2/jakarta/persistence/jakarta.persistence-api/3.2.0/jakarta.persistence-api-3.2.0-sources.jar (311 kB at 7.2 MB/s)
2026.05.20 22:55:13 INFO  [INFO] SUCCESS: jakarta.persistence:jakarta.persistence-api:jar:3.2.0:compile (sources = true)
2026.05.20 22:55:13 INFO  [INFO] Resolving artifact: io.swagger.core.v3:swagger-models-jakarta:jar:2.2.30:compile (sources = false)
2026.05.20 22:55:13 INFO  [INFO] SUCCESS: io.swagger.core.v3:swagger-models-jakarta:jar:2.2.30:compile (sources = false)
2026.05.20 22:55:13 INFO  [INFO] Resolving artifact: io.swagger.core.v3:swagger-models-jakarta:jar:2.2.30:compile (sources = true)
2026.05.20 22:55:13 INFO  Downloading from central: https://repo.maven.apache.org/maven2/io/swagger/core/v3/swagger-models-jakarta/2.2.30/swagger-models-jakarta-2.2.30-sources.jar
2026.05.20 22:55:13 INFO  Progress (1): 7.7/79 kB
2026.05.20 22:55:13 INFO  Progress (1): 16/79 kB 
2026.05.20 22:55:13 INFO  Progress (1): 29/79 kB
2026.05.20 22:55:13 INFO  Progress (1): 45/79 kB
2026.05.20 22:55:13 INFO  Progress (1): 61/79 kB
2026.05.20 22:55:13 INFO  Progress (1): 78/79 kB
2026.05.20 22:55:13 INFO  Progress (1): 79 kB   
2026.05.20 22:55:13 INFO                     
2026.05.20 22:55:13 INFO  Downloaded from central: https://repo.maven.apache.org/maven2/io/swagger/core/v3/swagger-models-jakarta/2.2.30/swagger-models-jakarta-2.2.30-sources.jar (79 kB at 2.3 MB/s)
2026.05.20 22:55:13 INFO  [INFO] SUCCESS: io.swagger.core.v3:swagger-models-jakarta:jar:2.2.30:compile (sources = true)
2026.05.20 22:55:13 INFO  [INFO] Resolving artifact: org.awaitility:awaitility:jar:4.3.0:test (sources = false)
2026.05.20 22:55:13 INFO  [INFO] SUCCESS: org.awaitility:awaitility:jar:4.3.0:test (sources = false)
2026.05.20 22:55:13 INFO  [INFO] Resolving artifact: org.awaitility:awaitility:jar:4.3.0:test (sources = true)
2026.05.20 22:55:13 INFO  Downloading from central: https://repo.maven.apache.org/maven2/org/awaitility/awaitility/4.3.0/awaitility-4.3.0-sources.jar
2026.05.20 22:55:13 INFO  Progress (1): 7.7/80 kB
2026.05.20 22:55:13 INFO  Progress (1): 12/80 kB 
2026.05.20 22:55:13 INFO  Progress (1): 29/80 kB
2026.05.20 22:55:13 INFO  Progress (1): 45/80 kB
2026.05.20 22:55:13 INFO  Progress (1): 61/80 kB
2026.05.20 22:55:13 INFO  Progress (1): 78/80 kB
2026.05.20 22:55:13 INFO  Progress (1): 80 kB   
2026.05.20 22:55:13 INFO                     
2026.05.20 22:55:13 INFO  Downloaded from central: https://repo.maven.apache.org/maven2/org/awaitility/awaitility/4.3.0/awaitility-4.3.0-sources.jar (80 kB at 2.7 MB/s)
2026.05.20 22:55:13 INFO  [INFO] SUCCESS: org.awaitility:awaitility:jar:4.3.0:test (sources = true)
2026.05.20 22:55:13 INFO  [INFO] Resolving artifact: org.springframework.security:spring-security-test:jar:7.0.4:test (sources = false)
2026.05.20 22:55:13 INFO  [INFO] SUCCESS: org.springframework.security:spring-security-test:jar:7.0.4:test (sources = false)
2026.05.20 22:55:13 INFO  [INFO] Resolving artifact: org.springframework.security:spring-security-test:jar:7.0.4:test (sources = true)
2026.05.20 22:55:13 INFO  Downloading from central: https://repo.maven.apache.org/maven2/org/springframework/security/spring-security-test/7.0.4/spring-security-test-7.0.4-sources.jar
2026.05.20 22:55:13 INFO  Progress (1): 7.7/68 kB
2026.05.20 22:55:13 INFO  Progress (1): 12/68 kB 
2026.05.20 22:55:13 INFO  Progress (1): 29/68 kB
2026.05.20 22:55:13 INFO  Progress (1): 45/68 kB
2026.05.20 22:55:13 INFO  Progress (1): 61/68 kB
2026.05.20 22:55:13 INFO  Progress (1): 68 kB   
2026.05.20 22:55:13 INFO                     
2026.05.20 22:55:13 INFO  Downloaded from central: https://repo.maven.apache.org/maven2/org/springframework/security/spring-security-test/7.0.4/spring-security-test-7.0.4-sources.jar (68 kB at 2.3 MB/s)
2026.05.20 22:55:13 INFO  [INFO] SUCCESS: org.springframework.security:spring-security-test:jar:7.0.4:test (sources = true)
2026.05.20 22:55:13 INFO  [INFO] Resolving artifact: org.springframework.boot:spring-boot-starter-jackson-test:jar:4.0.5:test (sources = false)
2026.05.20 22:55:13 INFO  [INFO] SUCCESS: org.springframework.boot:spring-boot-starter-jackson-test:jar:4.0.5:test (sources = false)
2026.05.20 22:55:13 INFO  [INFO] Resolving artifact: org.springframework.boot:spring-boot-starter-jackson-test:jar:4.0.5:test (sources = true)
2026.05.20 22:55:13 INFO  Downloading from central: https://repo.maven.apache.org/maven2/org/springframework/boot/spring-boot-starter-jackson-test/4.0.5/spring-boot-starter-jackson-test-4.0.5-sources.jar
2026.05.20 22:55:13 INFO  Progress (1): 4.7 kB
2026.05.20 22:55:13 INFO                      
2026.05.20 22:55:13 INFO  Downloaded from central: https://repo.maven.apache.org/maven2/org/springframework/boot/spring-boot-starter-jackson-test/4.0.5/spring-boot-starter-jackson-test-4.0.5-sources.jar (4.7 kB at 182 kB/s)
2026.05.20 22:55:13 INFO  [INFO] SUCCESS: org.springframework.boot:spring-boot-starter-jackson-test:jar:4.0.5:test (sources = true)
2026.05.20 22:55:13 INFO  [INFO] Resolving artifact: org.aspectj:aspectjweaver:jar:1.9.25.1:compile (sources = false)
2026.05.20 22:55:13 INFO  [INFO] SUCCESS: org.aspectj:aspectjweaver:jar:1.9.25.1:compile (sources = false)
2026.05.20 22:55:13 INFO  [INFO] Resolving artifact: org.aspectj:aspectjweaver:jar:1.9.25.1:compile (sources = true)
2026.05.20 22:55:13 INFO  Downloading from central: https://repo.maven.apache.org/maven2/org/aspectj/aspectjweaver/1.9.25.1/aspectjweaver-1.9.25.1-sources.jar
2026.05.20 22:55:13 INFO  Progress (1): 0/1.8 MB
2026.05.20 22:55:13 INFO  Progress (1): 0/1.8 MB
2026.05.20 22:55:13 INFO  Progress (1): 0/1.8 MB
2026.05.20 22:55:13 INFO  Progress (1): 0.1/1.8 MB
2026.05.20 22:55:13 INFO  Progress (1): 0.1/1.8 MB
2026.05.20 22:55:13 INFO  Progress (1): 0.1/1.8 MB
2026.05.20 22:55:13 INFO  Progress (1): 0.1/1.8 MB
2026.05.20 22:55:13 INFO  Progress (1): 0.1/1.8 MB
2026.05.20 22:55:13 INFO  Progress (1): 0.1/1.8 MB
2026.05.20 22:55:13 INFO  Progress (1): 0.1/1.8 MB
2026.05.20 22:55:13 INFO  Progress (1): 0.2/1.8 MB
2026.05.20 22:55:13 INFO  Progress (1): 0.2/1.8 MB
2026.05.20 22:55:13 INFO  Progress (1): 0.2/1.8 MB
2026.05.20 22:55:13 INFO  Progress (1): 0.2/1.8 MB
2026.05.20 22:55:13 INFO  Progress (1): 0.2/1.8 MB
2026.05.20 22:55:13 INFO  Progress (1): 0.2/1.8 MB
2026.05.20 22:55:13 INFO  Progress (1): 0.3/1.8 MB
2026.05.20 22:55:13 INFO  Progress (1): 0.3/1.8 MB
2026.05.20 22:55:13 INFO  Progress (1): 0.3/1.8 MB
2026.05.20 22:55:13 INFO  Progress (1): 0.3/1.8 MB
2026.05.20 22:55:13 INFO  Progress (1): 0.3/1.8 MB
2026.05.20 22:55:13 INFO  Progress (1): 0.3/1.8 MB
2026.05.20 22:55:13 INFO  Progress (1): 0.4/1.8 MB
2026.05.20 22:55:13 INFO  Progress (1): 0.4/1.8 MB
2026.05.20 22:55:13 INFO  Progress (1): 0.4/1.8 MB
2026.05.20 22:55:13 INFO  Progress (1): 0.4/1.8 MB
2026.05.20 22:55:13 INFO  Progress (1): 0.4/1.8 MB
2026.05.20 22:55:13 INFO  Progress (1): 0.4/1.8 MB
2026.05.20 22:55:13 INFO  Progress (1): 0.4/1.8 MB
2026.05.20 22:55:13 INFO  Progress (1): 0.5/1.8 MB
2026.05.20 22:55:13 INFO  Progress (1): 0.5/1.8 MB
2026.05.20 22:55:13 INFO  Progress (1): 0.5/1.8 MB
2026.05.20 22:55:13 INFO  Progress (1): 0.5/1.8 MB
2026.05.20 22:55:13 INFO  Progress (1): 0.5/1.8 MB
2026.05.20 22:55:13 INFO  Progress (1): 0.5/1.8 MB
2026.05.20 22:55:13 INFO  Progress (1): 0.6/1.8 MB
2026.05.20 22:55:13 INFO  Progress (1): 0.6/1.8 MB
2026.05.20 22:55:13 INFO  Progress (1): 0.6/1.8 MB
2026.05.20 22:55:13 INFO  Progress (1): 0.6/1.8 MB
2026.05.20 22:55:13 INFO  Progress (1): 0.6/1.8 MB
2026.05.20 22:55:13 INFO  Progress (1): 0.6/1.8 MB
2026.05.20 22:55:13 INFO  Progress (1): 0.7/1.8 MB
2026.05.20 22:55:13 INFO  Progress (1): 0.7/1.8 MB
2026.05.20 22:55:13 INFO  Progress (1): 0.7/1.8 MB
2026.05.20 22:55:13 INFO  Progress (1): 0.7/1.8 MB
2026.05.20 22:55:13 INFO  Progress (1): 0.7/1.8 MB
2026.05.20 22:55:13 INFO  Progress (1): 0.7/1.8 MB
2026.05.20 22:55:13 INFO  Progress (1): 0.8/1.8 MB
2026.05.20 22:55:13 INFO  Progress (1): 0.8/1.8 MB
2026.05.20 22:55:13 INFO  Progress (1): 0.8/1.8 MB
2026.05.20 22:55:13 INFO  Progress (1): 0.8/1.8 MB
2026.05.20 22:55:13 INFO  Progress (1): 0.8/1.8 MB
2026.05.20 22:55:13 INFO  Progress (1): 0.8/1.8 MB
2026.05.20 22:55:13 INFO  Progress (1): 0.9/1.8 MB
2026.05.20 22:55:13 INFO  Progress (1): 0.9/1.8 MB
2026.05.20 22:55:13 INFO  Progress (1): 0.9/1.8 MB
2026.05.20 22:55:13 INFO  Progress (1): 0.9/1.8 MB
2026.05.20 22:55:13 INFO  Progress (1): 0.9/1.8 MB
2026.05.20 22:55:13 INFO  Progress (1): 0.9/1.8 MB
2026.05.20 22:55:13 INFO  Progress (1): 1.0/1.8 MB
2026.05.20 22:55:13 INFO  Progress (1): 1.0/1.8 MB
2026.05.20 22:55:13 INFO  Progress (1): 1.0/1.8 MB
2026.05.20 22:55:13 INFO  Progress (1): 1.0/1.8 MB
2026.05.20 22:55:13 INFO  Progress (1): 1.0/1.8 MB
2026.05.20 22:55:13 INFO  Progress (1): 1.0/1.8 MB
2026.05.20 22:55:13 INFO  Progress (1): 1.0/1.8 MB
2026.05.20 22:55:13 INFO  Progress (1): 1.0/1.8 MB
2026.05.20 22:55:13 INFO  Progress (1): 1.1/1.8 MB
2026.05.20 22:55:13 INFO  Progress (1): 1.1/1.8 MB
2026.05.20 22:55:13 INFO  Progress (1): 1.1/1.8 MB
2026.05.20 22:55:13 INFO  Progress (1): 1.1/1.8 MB
2026.05.20 22:55:13 INFO  Progress (1): 1.1/1.8 MB
2026.05.20 22:55:13 INFO  Progress (1): 1.1/1.8 MB
2026.05.20 22:55:13 INFO  Progress (1): 1.2/1.8 MB
2026.05.20 22:55:13 INFO  Progress (1): 1.2/1.8 MB
2026.05.20 22:55:13 INFO  Progress (1): 1.2/1.8 MB
2026.05.20 22:55:13 INFO  Progress (1): 1.2/1.8 MB
2026.05.20 22:55:13 INFO  Progress (1): 1.2/1.8 MB
2026.05.20 22:55:13 INFO  Progress (1): 1.2/1.8 MB
2026.05.20 22:55:13 INFO  Progress (1): 1.2/1.8 MB
2026.05.20 22:55:13 INFO  Progress (1): 1.3/1.8 MB
2026.05.20 22:55:13 INFO  Progress (1): 1.3/1.8 MB
2026.05.20 22:55:13 INFO  Progress (1): 1.3/1.8 MB
2026.05.20 22:55:13 INFO  Progress (1): 1.3/1.8 MB
2026.05.20 22:55:13 INFO  Progress (1): 1.3/1.8 MB
2026.05.20 22:55:13 INFO  Progress (1): 1.3/1.8 MB
2026.05.20 22:55:13 INFO  Progress (1): 1.3/1.8 MB
2026.05.20 22:55:13 INFO  Progress (1): 1.4/1.8 MB
2026.05.20 22:55:13 INFO  Progress (1): 1.4/1.8 MB
2026.05.20 22:55:13 INFO  Progress (1): 1.4/1.8 MB
2026.05.20 22:55:13 INFO  Progress (1): 1.4/1.8 MB
2026.05.20 22:55:13 INFO  Progress (1): 1.4/1.8 MB
2026.05.20 22:55:13 INFO  Progress (1): 1.4/1.8 MB
2026.05.20 22:55:13 INFO  Progress (1): 1.5/1.8 MB
2026.05.20 22:55:13 INFO  Progress (1): 1.5/1.8 MB
2026.05.20 22:55:13 INFO  Progress (1): 1.5/1.8 MB
2026.05.20 22:55:13 INFO  Progress (1): 1.5/1.8 MB
2026.05.20 22:55:13 INFO  Progress (1): 1.5/1.8 MB
2026.05.20 22:55:13 INFO  Progress (1): 1.5/1.8 MB
2026.05.20 22:55:13 INFO  Progress (1): 1.6/1.8 MB
2026.05.20 22:55:13 INFO  Progress (1): 1.6/1.8 MB
2026.05.20 22:55:13 INFO  Progress (1): 1.6/1.8 MB
2026.05.20 22:55:13 INFO  Progress (1): 1.6/1.8 MB
2026.05.20 22:55:13 INFO  Progress (1): 1.6/1.8 MB
2026.05.20 22:55:13 INFO  Progress (1): 1.6/1.8 MB
2026.05.20 22:55:13 INFO  Progress (1): 1.6/1.8 MB
2026.05.20 22:55:13 INFO  Progress (1): 1.7/1.8 MB
2026.05.20 22:55:13 INFO  Progress (1): 1.7/1.8 MB
2026.05.20 22:55:13 INFO  Progress (1): 1.7/1.8 MB
2026.05.20 22:55:13 INFO  Progress (1): 1.7/1.8 MB
2026.05.20 22:55:13 INFO  Progress (1): 1.7/1.8 MB
2026.05.20 22:55:13 INFO  Progress (1): 1.7/1.8 MB
2026.05.20 22:55:13 INFO  Progress (1): 1.8/1.8 MB
2026.05.20 22:55:13 INFO  Progress (1): 1.8 MB    
2026.05.20 22:55:13 INFO                      
2026.05.20 22:55:13 INFO  Downloaded from central: https://repo.maven.apache.org/maven2/org/aspectj/aspectjweaver/1.9.25.1/aspectjweaver-1.9.25.1-sources.jar (1.8 MB at 29 MB/s)
2026.05.20 22:55:13 INFO  [INFO] SUCCESS: org.aspectj:aspectjweaver:jar:1.9.25.1:compile (sources = true)
2026.05.20 22:55:13 INFO  [INFO] Resolving artifact: org.apache.commons:commons-lang3:jar:3.19.0:compile (sources = false)
2026.05.20 22:55:13 INFO  [INFO] SUCCESS: org.apache.commons:commons-lang3:jar:3.19.0:compile (sources = false)
2026.05.20 22:55:13 INFO  [INFO] Resolving artifact: org.apache.commons:commons-lang3:jar:3.19.0:compile (sources = true)
2026.05.20 22:55:13 INFO  Downloading from central: https://repo.maven.apache.org/maven2/org/apache/commons/commons-lang3/3.19.0/commons-lang3-3.19.0-sources.jar
2026.05.20 22:55:14 INFO  Progress (1): 7.7/761 kB
2026.05.20 22:55:14 INFO  Progress (1): 12/761 kB 
2026.05.20 22:55:14 INFO  Progress (1): 29/761 kB
2026.05.20 22:55:14 INFO  Progress (1): 45/761 kB
2026.05.20 22:55:14 INFO  Progress (1): 61/761 kB
2026.05.20 22:55:14 INFO  Progress (1): 78/761 kB
2026.05.20 22:55:14 INFO  Progress (1): 94/761 kB
2026.05.20 22:55:14 INFO  Progress (1): 111/761 kB
2026.05.20 22:55:14 INFO  Progress (1): 127/761 kB
2026.05.20 22:55:14 INFO  Progress (1): 143/761 kB
2026.05.20 22:55:14 INFO  Progress (1): 160/761 kB
2026.05.20 22:55:14 INFO  Progress (1): 176/761 kB
2026.05.20 22:55:14 INFO  Progress (1): 193/761 kB
2026.05.20 22:55:14 INFO  Progress (1): 209/761 kB
2026.05.20 22:55:14 INFO  Progress (1): 225/761 kB
2026.05.20 22:55:14 INFO  Progress (1): 242/761 kB
2026.05.20 22:55:14 INFO  Progress (1): 258/761 kB
2026.05.20 22:55:14 INFO  Progress (1): 274/761 kB
2026.05.20 22:55:14 INFO  Progress (1): 278/761 kB
2026.05.20 22:55:14 INFO  Progress (1): 294/761 kB
2026.05.20 22:55:14 INFO  Progress (1): 311/761 kB
2026.05.20 22:55:14 INFO  Progress (1): 327/761 kB
2026.05.20 22:55:14 INFO  Progress (1): 343/761 kB
2026.05.20 22:55:14 INFO  Progress (1): 360/761 kB
2026.05.20 22:55:14 INFO  Progress (1): 376/761 kB
2026.05.20 22:55:14 INFO  Progress (1): 393/761 kB
2026.05.20 22:55:14 INFO  Progress (1): 409/761 kB
2026.05.20 22:55:14 INFO  Progress (1): 425/761 kB
2026.05.20 22:55:14 INFO  Progress (1): 442/761 kB
2026.05.20 22:55:14 INFO  Progress (1): 458/761 kB
2026.05.20 22:55:14 INFO  Progress (1): 474/761 kB
2026.05.20 22:55:14 INFO  Progress (1): 491/761 kB
2026.05.20 22:55:14 INFO  Progress (1): 507/761 kB
2026.05.20 22:55:14 INFO  Progress (1): 524/761 kB
2026.05.20 22:55:14 INFO  Progress (1): 540/761 kB
2026.05.20 22:55:14 INFO  Progress (1): 556/761 kB
2026.05.20 22:55:14 INFO  Progress (1): 573/761 kB
2026.05.20 22:55:14 INFO  Progress (1): 589/761 kB
2026.05.20 22:55:14 INFO  Progress (1): 606/761 kB
2026.05.20 22:55:14 INFO  Progress (1): 622/761 kB
2026.05.20 22:55:14 INFO  Progress (1): 638/761 kB
2026.05.20 22:55:14 INFO  Progress (1): 655/761 kB
2026.05.20 22:55:14 INFO  Progress (1): 671/761 kB
2026.05.20 22:55:14 INFO  Progress (1): 687/761 kB
2026.05.20 22:55:14 INFO  Progress (1): 704/761 kB
2026.05.20 22:55:14 INFO  Progress (1): 720/761 kB
2026.05.20 22:55:14 INFO  Progress (1): 737/761 kB
2026.05.20 22:55:14 INFO  Progress (1): 753/761 kB
2026.05.20 22:55:14 INFO  Progress (1): 761 kB    
2026.05.20 22:55:14 INFO                      
2026.05.20 22:55:14 INFO  Downloaded from central: https://repo.maven.apache.org/maven2/org/apache/commons/commons-lang3/3.19.0/commons-lang3-3.19.0-sources.jar (761 kB at 22 MB/s)
2026.05.20 22:55:14 INFO  [INFO] SUCCESS: org.apache.commons:commons-lang3:jar:3.19.0:compile (sources = true)
2026.05.20 22:55:14 INFO  [INFO] Resolving artifact: org.springframework.boot:spring-boot-starter-security:jar:4.0.5:compile (sources = false)
2026.05.20 22:55:14 INFO  [INFO] SUCCESS: org.springframework.boot:spring-boot-starter-security:jar:4.0.5:compile (sources = false)
2026.05.20 22:55:14 INFO  [INFO] Resolving artifact: org.springframework.boot:spring-boot-starter-security:jar:4.0.5:compile (sources = true)
2026.05.20 22:55:14 INFO  Downloading from central: https://repo.maven.apache.org/maven2/org/springframework/boot/spring-boot-starter-security/4.0.5/spring-boot-starter-security-4.0.5-sources.jar
2026.05.20 22:55:14 INFO  Progress (1): 4.7 kB
2026.05.20 22:55:14 INFO                      
2026.05.20 22:55:14 INFO  Downloaded from central: https://repo.maven.apache.org/maven2/org/springframework/boot/spring-boot-starter-security/4.0.5/spring-boot-starter-security-4.0.5-sources.jar (4.7 kB at 190 kB/s)
2026.05.20 22:55:14 INFO  [INFO] SUCCESS: org.springframework.boot:spring-boot-starter-security:jar:4.0.5:compile (sources = true)
2026.05.20 22:55:14 INFO  [INFO] Resolving artifact: org.springframework.security:spring-security-config:jar:7.0.4:compile (sources = false)
2026.05.20 22:55:14 INFO  [INFO] SUCCESS: org.springframework.security:spring-security-config:jar:7.0.4:compile (sources = false)
2026.05.20 22:55:14 INFO  [INFO] Resolving artifact: org.springframework.security:spring-security-config:jar:7.0.4:compile (sources = true)
2026.05.20 22:55:14 INFO  Downloading from central: https://repo.maven.apache.org/maven2/org/springframework/security/spring-security-config/7.0.4/spring-security-config-7.0.4-sources.jar
2026.05.20 22:55:14 INFO  Progress (1): 0/1.5 MB
2026.05.20 22:55:14 INFO  Progress (1): 0/1.5 MB
2026.05.20 22:55:14 INFO  Progress (1): 0/1.5 MB
2026.05.20 22:55:14 INFO  Progress (1): 0.1/1.5 MB
2026.05.20 22:55:14 INFO  Progress (1): 0.1/1.5 MB
2026.05.20 22:55:14 INFO  Progress (1): 0.1/1.5 MB
2026.05.20 22:55:14 INFO  Progress (1): 0.1/1.5 MB
2026.05.20 22:55:14 INFO  Progress (1): 0.1/1.5 MB
2026.05.20 22:55:14 INFO  Progress (1): 0.1/1.5 MB
2026.05.20 22:55:14 INFO  Progress (1): 0.2/1.5 MB
2026.05.20 22:55:14 INFO  Progress (1): 0.2/1.5 MB
2026.05.20 22:55:14 INFO  Progress (1): 0.2/1.5 MB
2026.05.20 22:55:14 INFO  Progress (1): 0.2/1.5 MB
2026.05.20 22:55:14 INFO  Progress (1): 0.2/1.5 MB
2026.05.20 22:55:14 INFO  Progress (1): 0.2/1.5 MB
2026.05.20 22:55:14 INFO  Progress (1): 0.2/1.5 MB
2026.05.20 22:55:14 INFO  Progress (1): 0.3/1.5 MB
2026.05.20 22:55:14 INFO  Progress (1): 0.3/1.5 MB
2026.05.20 22:55:14 INFO  Progress (1): 0.3/1.5 MB
2026.05.20 22:55:14 INFO  Progress (1): 0.3/1.5 MB
2026.05.20 22:55:14 INFO  Progress (1): 0.3/1.5 MB
2026.05.20 22:55:14 INFO  Progress (1): 0.3/1.5 MB
2026.05.20 22:55:14 INFO  Progress (1): 0.4/1.5 MB
2026.05.20 22:55:14 INFO  Progress (1): 0.4/1.5 MB
2026.05.20 22:55:14 INFO  Progress (1): 0.4/1.5 MB
2026.05.20 22:55:14 INFO  Progress (1): 0.4/1.5 MB
2026.05.20 22:55:14 INFO  Progress (1): 0.4/1.5 MB
2026.05.20 22:55:14 INFO  Progress (1): 0.4/1.5 MB
2026.05.20 22:55:14 INFO  Progress (1): 0.5/1.5 MB
2026.05.20 22:55:14 INFO  Progress (1): 0.5/1.5 MB
2026.05.20 22:55:14 INFO  Progress (1): 0.5/1.5 MB
2026.05.20 22:55:14 INFO  Progress (1): 0.5/1.5 MB
2026.05.20 22:55:14 INFO  Progress (1): 0.5/1.5 MB
2026.05.20 22:55:14 INFO  Progress (1): 0.5/1.5 MB
2026.05.20 22:55:14 INFO  Progress (1): 0.6/1.5 MB
2026.05.20 22:55:14 INFO  Progress (1): 0.6/1.5 MB
2026.05.20 22:55:14 INFO  Progress (1): 0.6/1.5 MB
2026.05.20 22:55:14 INFO  Progress (1): 0.6/1.5 MB
2026.05.20 22:55:14 INFO  Progress (1): 0.6/1.5 MB
2026.05.20 22:55:14 INFO  Progress (1): 0.6/1.5 MB
2026.05.20 22:55:14 INFO  Progress (1): 0.7/1.5 MB
2026.05.20 22:55:14 INFO  Progress (1): 0.7/1.5 MB
2026.05.20 22:55:14 INFO  Progress (1): 0.7/1.5 MB
2026.05.20 22:55:14 INFO  Progress (1): 0.7/1.5 MB
2026.05.20 22:55:14 INFO  Progress (1): 0.7/1.5 MB
2026.05.20 22:55:14 INFO  Progress (1): 0.7/1.5 MB
2026.05.20 22:55:14 INFO  Progress (1): 0.8/1.5 MB
2026.05.20 22:55:14 INFO  Progress (1): 0.8/1.5 MB
2026.05.20 22:55:14 INFO  Progress (1): 0.8/1.5 MB
2026.05.20 22:55:14 INFO  Progress (1): 0.8/1.5 MB
2026.05.20 22:55:14 INFO  Progress (1): 0.8/1.5 MB
2026.05.20 22:55:14 INFO  Progress (1): 0.8/1.5 MB
2026.05.20 22:55:14 INFO  Progress (1): 0.9/1.5 MB
2026.05.20 22:55:14 INFO  Progress (1): 0.9/1.5 MB
2026.05.20 22:55:14 INFO  Progress (1): 0.9/1.5 MB
2026.05.20 22:55:14 INFO  Progress (1): 0.9/1.5 MB
2026.05.20 22:55:14 INFO  Progress (1): 0.9/1.5 MB
2026.05.20 22:55:14 INFO  Progress (1): 0.9/1.5 MB
2026.05.20 22:55:14 INFO  Progress (1): 1.0/1.5 MB
2026.05.20 22:55:14 INFO  Progress (1): 1.0/1.5 MB
2026.05.20 22:55:14 INFO  Progress (1): 1.0/1.5 MB
2026.05.20 22:55:14 INFO  Progress (1): 1.0/1.5 MB
2026.05.20 22:55:14 INFO  Progress (1): 1.0/1.5 MB
2026.05.20 22:55:14 INFO  Progress (1): 1.0/1.5 MB
2026.05.20 22:55:14 INFO  Progress (1): 1.1/1.5 MB
2026.05.20 22:55:14 INFO  Progress (1): 1.1/1.5 MB
2026.05.20 22:55:14 INFO  Progress (1): 1.1/1.5 MB
2026.05.20 22:55:14 INFO  Progress (1): 1.1/1.5 MB
2026.05.20 22:55:14 INFO  Progress (1): 1.1/1.5 MB
2026.05.20 22:55:14 INFO  Progress (1): 1.1/1.5 MB
2026.05.20 22:55:14 INFO  Progress (1): 1.2/1.5 MB
2026.05.20 22:55:14 INFO  Progress (1): 1.2/1.5 MB
2026.05.20 22:55:14 INFO  Progress (1): 1.2/1.5 MB
2026.05.20 22:55:14 INFO  Progress (1): 1.2/1.5 MB
2026.05.20 22:55:14 INFO  Progress (1): 1.2/1.5 MB
2026.05.20 22:55:14 INFO  Progress (1): 1.2/1.5 MB
2026.05.20 22:55:14 INFO  Progress (1): 1.2/1.5 MB
2026.05.20 22:55:14 INFO  Progress (1): 1.3/1.5 MB
2026.05.20 22:55:14 INFO  Progress (1): 1.3/1.5 MB
2026.05.20 22:55:14 INFO  Progress (1): 1.3/1.5 MB
2026.05.20 22:55:14 INFO  Progress (1): 1.3/1.5 MB
2026.05.20 22:55:14 INFO  Progress (1): 1.3/1.5 MB
2026.05.20 22:55:14 INFO  Progress (1): 1.3/1.5 MB
2026.05.20 22:55:14 INFO  Progress (1): 1.4/1.5 MB
2026.05.20 22:55:14 INFO  Progress (1): 1.4/1.5 MB
2026.05.20 22:55:14 INFO  Progress (1): 1.4/1.5 MB
2026.05.20 22:55:14 INFO  Progress (1): 1.4/1.5 MB
2026.05.20 22:55:14 INFO  Progress (1): 1.4/1.5 MB
2026.05.20 22:55:14 INFO  Progress (1): 1.4/1.5 MB
2026.05.20 22:55:14 INFO  Progress (1): 1.5/1.5 MB
2026.05.20 22:55:14 INFO  Progress (1): 1.5/1.5 MB
2026.05.20 22:55:14 INFO  Progress (1): 1.5/1.5 MB
2026.05.20 22:55:14 INFO  Progress (1): 1.5/1.5 MB
2026.05.20 22:55:14 INFO  Progress (1): 1.5 MB    
2026.05.20 22:55:14 INFO                      
2026.05.20 22:55:14 INFO  Downloaded from central: https://repo.maven.apache.org/maven2/org/springframework/security/spring-security-config/7.0.4/spring-security-config-7.0.4-sources.jar (1.5 MB at 29 MB/s)
2026.05.20 22:55:14 INFO  [INFO] SUCCESS: org.springframework.security:spring-security-config:jar:7.0.4:compile (sources = true)
2026.05.20 22:55:14 INFO  [INFO] Resolving artifact: net.minidev:json-smart:jar:2.6.0:test (sources = false)
2026.05.20 22:55:14 INFO  [INFO] SUCCESS: net.minidev:json-smart:jar:2.6.0:test (sources = false)
2026.05.20 22:55:14 INFO  [INFO] Resolving artifact: net.minidev:json-smart:jar:2.6.0:test (sources = true)
2026.05.20 22:55:14 INFO  Downloading from central: https://repo.maven.apache.org/maven2/net/minidev/json-smart/2.6.0/json-smart-2.6.0-sources.jar
2026.05.20 22:55:14 INFO  Progress (1): 4.1/63 kB
2026.05.20 22:55:14 INFO  Progress (1): 20/63 kB 
2026.05.20 22:55:14 INFO  Progress (1): 37/63 kB
2026.05.20 22:55:14 INFO  Progress (1): 53/63 kB
2026.05.20 22:55:14 INFO  Progress (1): 63 kB   
2026.05.20 22:55:14 INFO                     
2026.05.20 22:55:14 INFO  Downloaded from central: https://repo.maven.apache.org/maven2/net/minidev/json-smart/2.6.0/json-smart-2.6.0-sources.jar (63 kB at 2.4 MB/s)
2026.05.20 22:55:14 INFO  [INFO] SUCCESS: net.minidev:json-smart:jar:2.6.0:test (sources = true)
2026.05.20 22:55:14 INFO  [INFO] Resolving artifact: org.springframework.boot:spring-boot-hibernate:jar:4.0.5:compile (sources = false)
2026.05.20 22:55:14 INFO  [INFO] SUCCESS: org.springframework.boot:spring-boot-hibernate:jar:4.0.5:compile (sources = false)
2026.05.20 22:55:14 INFO  [INFO] Resolving artifact: org.springframework.boot:spring-boot-hibernate:jar:4.0.5:compile (sources = true)
2026.05.20 22:55:14 INFO  Downloading from central: https://repo.maven.apache.org/maven2/org/springframework/boot/spring-boot-hibernate/4.0.5/spring-boot-hibernate-4.0.5-sources.jar
2026.05.20 22:55:14 INFO  Progress (1): 7.7/22 kB
2026.05.20 22:55:14 INFO  Progress (1): 16/22 kB 
2026.05.20 22:55:14 INFO  Progress (1): 22 kB   
2026.05.20 22:55:14 INFO                     
2026.05.20 22:55:14 INFO  Downloaded from central: https://repo.maven.apache.org/maven2/org/springframework/boot/spring-boot-hibernate/4.0.5/spring-boot-hibernate-4.0.5-sources.jar (22 kB at 792 kB/s)
2026.05.20 22:55:14 INFO  [INFO] SUCCESS: org.springframework.boot:spring-boot-hibernate:jar:4.0.5:compile (sources = true)
2026.05.20 22:55:14 INFO  [INFO] Resolving artifact: org.glassfish.jaxb:jaxb-runtime:jar:4.0.6:runtime (sources = false)
2026.05.20 22:55:14 INFO  [INFO] SUCCESS: org.glassfish.jaxb:jaxb-runtime:jar:4.0.6:runtime (sources = false)
2026.05.20 22:55:14 INFO  [INFO] Resolving artifact: org.glassfish.jaxb:jaxb-runtime:jar:4.0.6:runtime (sources = true)
2026.05.20 22:55:14 INFO  Downloading from central: https://repo.maven.apache.org/maven2/org/glassfish/jaxb/jaxb-runtime/4.0.6/jaxb-runtime-4.0.6-sources.jar
2026.05.20 22:55:14 INFO  Progress (1): 7.7/652 kB
2026.05.20 22:55:14 INFO  Progress (1): 11/652 kB 
2026.05.20 22:55:14 INFO  Progress (1): 28/652 kB
2026.05.20 22:55:14 INFO  Progress (1): 44/652 kB
2026.05.20 22:55:14 INFO  Progress (1): 61/652 kB
2026.05.20 22:55:14 INFO  Progress (1): 77/652 kB
2026.05.20 22:55:14 INFO  Progress (1): 93/652 kB
2026.05.20 22:55:14 INFO  Progress (1): 110/652 kB
2026.05.20 22:55:14 INFO  Progress (1): 126/652 kB
2026.05.20 22:55:14 INFO  Progress (1): 142/652 kB
2026.05.20 22:55:14 INFO  Progress (1): 159/652 kB
2026.05.20 22:55:14 INFO  Progress (1): 175/652 kB
2026.05.20 22:55:14 INFO  Progress (1): 192/652 kB
2026.05.20 22:55:14 INFO  Progress (1): 208/652 kB
2026.05.20 22:55:14 INFO  Progress (1): 224/652 kB
2026.05.20 22:55:14 INFO  Progress (1): 241/652 kB
2026.05.20 22:55:14 INFO  Progress (1): 257/652 kB
2026.05.20 22:55:14 INFO  Progress (1): 274/652 kB
2026.05.20 22:55:14 INFO  Progress (1): 290/652 kB
2026.05.20 22:55:14 INFO  Progress (1): 306/652 kB
2026.05.20 22:55:14 INFO  Progress (1): 323/652 kB
2026.05.20 22:55:14 INFO  Progress (1): 339/652 kB
2026.05.20 22:55:14 INFO  Progress (1): 355/652 kB
2026.05.20 22:55:14 INFO  Progress (1): 372/652 kB
2026.05.20 22:55:14 INFO  Progress (1): 388/652 kB
2026.05.20 22:55:14 INFO  Progress (1): 405/652 kB
2026.05.20 22:55:14 INFO  Progress (1): 421/652 kB
2026.05.20 22:55:14 INFO  Progress (1): 437/652 kB
2026.05.20 22:55:14 INFO  Progress (1): 454/652 kB
2026.05.20 22:55:14 INFO  Progress (1): 470/652 kB
2026.05.20 22:55:14 INFO  Progress (1): 487/652 kB
2026.05.20 22:55:14 INFO  Progress (1): 503/652 kB
2026.05.20 22:55:14 INFO  Progress (1): 519/652 kB
2026.05.20 22:55:14 INFO  Progress (1): 536/652 kB
2026.05.20 22:55:14 INFO  Progress (1): 552/652 kB
2026.05.20 22:55:14 INFO  Progress (1): 568/652 kB
2026.05.20 22:55:14 INFO  Progress (1): 585/652 kB
2026.05.20 22:55:14 INFO  Progress (1): 601/652 kB
2026.05.20 22:55:14 INFO  Progress (1): 618/652 kB
2026.05.20 22:55:14 INFO  Progress (1): 634/652 kB
2026.05.20 22:55:14 INFO  Progress (1): 650/652 kB
2026.05.20 22:55:14 INFO  Progress (1): 652 kB    
2026.05.20 22:55:14 INFO                      
2026.05.20 22:55:14 INFO  Downloaded from central: https://repo.maven.apache.org/maven2/org/glassfish/jaxb/jaxb-runtime/4.0.6/jaxb-runtime-4.0.6-sources.jar (652 kB at 12 MB/s)
2026.05.20 22:55:14 INFO  [INFO] SUCCESS: org.glassfish.jaxb:jaxb-runtime:jar:4.0.6:runtime (sources = true)
2026.05.20 22:55:14 INFO  [INFO] Resolving artifact: org.springframework.boot:spring-boot-tomcat:jar:4.0.5:compile (sources = false)
2026.05.20 22:55:14 INFO  [INFO] SUCCESS: org.springframework.boot:spring-boot-tomcat:jar:4.0.5:compile (sources = false)
2026.05.20 22:55:14 INFO  [INFO] Resolving artifact: org.springframework.boot:spring-boot-tomcat:jar:4.0.5:compile (sources = true)
2026.05.20 22:55:14 INFO  Downloading from central: https://repo.maven.apache.org/maven2/org/springframework/boot/spring-boot-tomcat/4.0.5/spring-boot-tomcat-4.0.5-sources.jar
2026.05.20 22:55:14 INFO  Progress (1): 7.7/79 kB
2026.05.20 22:55:14 INFO  Progress (1): 16/79 kB 
2026.05.20 22:55:14 INFO  Progress (1): 25/79 kB
2026.05.20 22:55:14 INFO  Progress (1): 41/79 kB
2026.05.20 22:55:14 INFO  Progress (1): 57/79 kB
2026.05.20 22:55:14 INFO  Progress (1): 74/79 kB
2026.05.20 22:55:14 INFO  Progress (1): 79 kB   
2026.05.20 22:55:14 INFO                     
2026.05.20 22:55:14 INFO  Downloaded from central: https://repo.maven.apache.org/maven2/org/springframework/boot/spring-boot-tomcat/4.0.5/spring-boot-tomcat-4.0.5-sources.jar (79 kB at 2.6 MB/s)
2026.05.20 22:55:14 INFO  [INFO] SUCCESS: org.springframework.boot:spring-boot-tomcat:jar:4.0.5:compile (sources = true)
2026.05.20 22:55:14 INFO  [INFO] Resolving artifact: org.springframework.boot:spring-boot-jdbc-test:jar:4.0.5:test (sources = false)
2026.05.20 22:55:14 INFO  [INFO] SUCCESS: org.springframework.boot:spring-boot-jdbc-test:jar:4.0.5:test (sources = false)
2026.05.20 22:55:14 INFO  [INFO] Resolving artifact: org.springframework.boot:spring-boot-jdbc-test:jar:4.0.5:test (sources = true)
2026.05.20 22:55:14 INFO  Downloading from central: https://repo.maven.apache.org/maven2/org/springframework/boot/spring-boot-jdbc-test/4.0.5/spring-boot-jdbc-test-4.0.5-sources.jar
2026.05.20 22:55:14 INFO  Progress (1): 7.7/17 kB
2026.05.20 22:55:14 INFO  Progress (1): 15/17 kB 
2026.05.20 22:55:14 INFO  Progress (1): 17 kB   
2026.05.20 22:55:14 INFO                     
2026.05.20 22:55:14 INFO  Downloaded from central: https://repo.maven.apache.org/maven2/org/springframework/boot/spring-boot-jdbc-test/4.0.5/spring-boot-jdbc-test-4.0.5-sources.jar (17 kB at 593 kB/s)
2026.05.20 22:55:14 INFO  [INFO] SUCCESS: org.springframework.boot:spring-boot-jdbc-test:jar:4.0.5:test (sources = true)
2026.05.20 22:55:14 INFO  [INFO] Resolving artifact: org.springframework.boot:spring-boot-persistence:jar:4.0.5:compile (sources = false)
2026.05.20 22:55:14 INFO  [INFO] SUCCESS: org.springframework.boot:spring-boot-persistence:jar:4.0.5:compile (sources = false)
2026.05.20 22:55:14 INFO  [INFO] Resolving artifact: org.springframework.boot:spring-boot-persistence:jar:4.0.5:compile (sources = true)
2026.05.20 22:55:14 INFO  Downloading from central: https://repo.maven.apache.org/maven2/org/springframework/boot/spring-boot-persistence/4.0.5/spring-boot-persistence-4.0.5-sources.jar
2026.05.20 22:55:14 INFO  Progress (1): 7.7/13 kB
2026.05.20 22:55:14 INFO  Progress (1): 8.2/13 kB
2026.05.20 22:55:14 INFO  Progress (1): 13 kB    
2026.05.20 22:55:14 INFO                     
2026.05.20 22:55:14 INFO  Downloaded from central: https://repo.maven.apache.org/maven2/org/springframework/boot/spring-boot-persistence/4.0.5/spring-boot-persistence-4.0.5-sources.jar (13 kB at 456 kB/s)
2026.05.20 22:55:14 INFO  [INFO] SUCCESS: org.springframework.boot:spring-boot-persistence:jar:4.0.5:compile (sources = true)
2026.05.20 22:55:14 INFO  [INFO] Resolving artifact: org.junit.jupiter:junit-jupiter-engine:jar:6.0.3:test (sources = false)
2026.05.20 22:55:14 INFO  [INFO] SUCCESS: org.junit.jupiter:junit-jupiter-engine:jar:6.0.3:test (sources = false)
2026.05.20 22:55:14 INFO  [INFO] Resolving artifact: org.junit.jupiter:junit-jupiter-engine:jar:6.0.3:test (sources = true)
2026.05.20 22:55:14 INFO  Downloading from central: https://repo.maven.apache.org/maven2/org/junit/jupiter/junit-jupiter-engine/6.0.3/junit-jupiter-engine-6.0.3-sources.jar
2026.05.20 22:55:14 INFO  Progress (1): 7.7/173 kB
2026.05.20 22:55:14 INFO  Progress (1): 11/173 kB 
2026.05.20 22:55:14 INFO  Progress (1): 28/173 kB
2026.05.20 22:55:14 INFO  Progress (1): 44/173 kB
2026.05.20 22:55:14 INFO  Progress (1): 61/173 kB
2026.05.20 22:55:14 INFO  Progress (1): 77/173 kB
2026.05.20 22:55:14 INFO  Progress (1): 93/173 kB
2026.05.20 22:55:14 INFO  Progress (1): 110/173 kB
2026.05.20 22:55:14 INFO  Progress (1): 126/173 kB
2026.05.20 22:55:14 INFO  Progress (1): 142/173 kB
2026.05.20 22:55:14 INFO  Progress (1): 159/173 kB
2026.05.20 22:55:14 INFO  Progress (1): 173 kB    
2026.05.20 22:55:14 INFO                      
2026.05.20 22:55:14 INFO  Downloaded from central: https://repo.maven.apache.org/maven2/org/junit/jupiter/junit-jupiter-engine/6.0.3/junit-jupiter-engine-6.0.3-sources.jar (173 kB at 4.5 MB/s)
2026.05.20 22:55:14 INFO  [INFO] SUCCESS: org.junit.jupiter:junit-jupiter-engine:jar:6.0.3:test (sources = true)
2026.05.20 22:55:14 INFO  [INFO] Resolving artifact: com.fasterxml:classmate:jar:1.7.3:compile (sources = false)
2026.05.20 22:55:14 INFO  [INFO] SUCCESS: com.fasterxml:classmate:jar:1.7.3:compile (sources = false)
2026.05.20 22:55:14 INFO  [INFO] Resolving artifact: com.fasterxml:classmate:jar:1.7.3:compile (sources = true)
2026.05.20 22:55:14 INFO  Downloading from central: https://repo.maven.apache.org/maven2/com/fasterxml/classmate/1.7.3/classmate-1.7.3-sources.jar
2026.05.20 22:55:14 INFO  Progress (1): 7.7/54 kB
2026.05.20 22:55:14 INFO  Progress (1): 16/54 kB 
2026.05.20 22:55:14 INFO  Progress (1): 32/54 kB
2026.05.20 22:55:14 INFO  Progress (1): 49/54 kB
2026.05.20 22:55:14 INFO  Progress (1): 54 kB   
2026.05.20 22:55:14 INFO                     
2026.05.20 22:55:14 INFO  Downloaded from central: https://repo.maven.apache.org/maven2/com/fasterxml/classmate/1.7.3/classmate-1.7.3-sources.jar (54 kB at 1.9 MB/s)
2026.05.20 22:55:14 INFO  [INFO] SUCCESS: com.fasterxml:classmate:jar:1.7.3:compile (sources = true)
2026.05.20 22:55:14 INFO  [INFO] Resolving artifact: org.springframework.boot:spring-boot-jpa-test:jar:4.0.5:test (sources = false)
2026.05.20 22:55:14 INFO  [INFO] SUCCESS: org.springframework.boot:spring-boot-jpa-test:jar:4.0.5:test (sources = false)
2026.05.20 22:55:14 INFO  [INFO] Resolving artifact: org.springframework.boot:spring-boot-jpa-test:jar:4.0.5:test (sources = true)
2026.05.20 22:55:14 INFO  Downloading from central: https://repo.maven.apache.org/maven2/org/springframework/boot/spring-boot-jpa-test/4.0.5/spring-boot-jpa-test-4.0.5-sources.jar
2026.05.20 22:55:14 INFO  Progress (1): 3.2/11 kB
2026.05.20 22:55:14 INFO  Progress (1): 11 kB    
2026.05.20 22:55:14 INFO                     
2026.05.20 22:55:14 INFO  Downloaded from central: https://repo.maven.apache.org/maven2/org/springframework/boot/spring-boot-jpa-test/4.0.5/spring-boot-jpa-test-4.0.5-sources.jar (11 kB at 415 kB/s)
2026.05.20 22:55:14 INFO  [INFO] SUCCESS: org.springframework.boot:spring-boot-jpa-test:jar:4.0.5:test (sources = true)
2026.05.20 22:55:14 INFO  [INFO] Resolving artifact: org.springframework.boot:spring-boot-starter-logging:jar:4.0.5:compile (sources = false)
2026.05.20 22:55:14 INFO  [INFO] SUCCESS: org.springframework.boot:spring-boot-starter-logging:jar:4.0.5:compile (sources = false)
2026.05.20 22:55:14 INFO  [INFO] Resolving artifact: org.springframework.boot:spring-boot-starter-logging:jar:4.0.5:compile (sources = true)
2026.05.20 22:55:14 INFO  Downloading from central: https://repo.maven.apache.org/maven2/org/springframework/boot/spring-boot-starter-logging/4.0.5/spring-boot-starter-logging-4.0.5-sources.jar
2026.05.20 22:55:14 INFO  Progress (1): 4.1/4.7 kB
2026.05.20 22:55:14 INFO  Progress (1): 4.7 kB    
2026.05.20 22:55:14 INFO                      
2026.05.20 22:55:14 INFO  Downloaded from central: https://repo.maven.apache.org/maven2/org/springframework/boot/spring-boot-starter-logging/4.0.5/spring-boot-starter-logging-4.0.5-sources.jar (4.7 kB at 198 kB/s)
2026.05.20 22:55:14 INFO  [INFO] SUCCESS: org.springframework.boot:spring-boot-starter-logging:jar:4.0.5:compile (sources = true)
2026.05.20 22:55:14 INFO  [INFO] Resolving artifact: org.springframework.security:spring-security-core:jar:7.0.4:compile (sources = false)
2026.05.20 22:55:14 INFO  [INFO] SUCCESS: org.springframework.security:spring-security-core:jar:7.0.4:compile (sources = false)
2026.05.20 22:55:14 INFO  [INFO] Resolving artifact: org.springframework.security:spring-security-core:jar:7.0.4:compile (sources = true)
2026.05.20 22:55:14 INFO  Downloading from central: https://repo.maven.apache.org/maven2/org/springframework/security/spring-security-core/7.0.4/spring-security-core-7.0.4-sources.jar
2026.05.20 22:55:14 INFO  Progress (1): 7.7/551 kB
2026.05.20 22:55:14 INFO  Progress (1): 12/551 kB 
2026.05.20 22:55:14 INFO  Progress (1): 29/551 kB
2026.05.20 22:55:14 INFO  Progress (1): 45/551 kB
2026.05.20 22:55:14 INFO  Progress (1): 61/551 kB
2026.05.20 22:55:14 INFO  Progress (1): 78/551 kB
2026.05.20 22:55:14 INFO  Progress (1): 94/551 kB
2026.05.20 22:55:14 INFO  Progress (1): 111/551 kB
2026.05.20 22:55:14 INFO  Progress (1): 127/551 kB
2026.05.20 22:55:14 INFO  Progress (1): 143/551 kB
2026.05.20 22:55:14 INFO  Progress (1): 160/551 kB
2026.05.20 22:55:14 INFO  Progress (1): 176/551 kB
2026.05.20 22:55:14 INFO  Progress (1): 193/551 kB
2026.05.20 22:55:14 INFO  Progress (1): 209/551 kB
2026.05.20 22:55:14 INFO  Progress (1): 225/551 kB
2026.05.20 22:55:14 INFO  Progress (1): 237/551 kB
2026.05.20 22:55:14 INFO  Progress (1): 253/551 kB
2026.05.20 22:55:14 INFO  Progress (1): 269/551 kB
2026.05.20 22:55:14 INFO  Progress (1): 286/551 kB
2026.05.20 22:55:14 INFO  Progress (1): 302/551 kB
2026.05.20 22:55:14 INFO  Progress (1): 319/551 kB
2026.05.20 22:55:14 INFO  Progress (1): 335/551 kB
2026.05.20 22:55:14 INFO  Progress (1): 351/551 kB
2026.05.20 22:55:14 INFO  Progress (1): 368/551 kB
2026.05.20 22:55:14 INFO  Progress (1): 384/551 kB
2026.05.20 22:55:14 INFO  Progress (1): 400/551 kB
2026.05.20 22:55:14 INFO  Progress (1): 417/551 kB
2026.05.20 22:55:14 INFO  Progress (1): 433/551 kB
2026.05.20 22:55:14 INFO  Progress (1): 450/551 kB
2026.05.20 22:55:14 INFO  Progress (1): 466/551 kB
2026.05.20 22:55:14 INFO  Progress (1): 482/551 kB
2026.05.20 22:55:14 INFO  Progress (1): 499/551 kB
2026.05.20 22:55:14 INFO  Progress (1): 515/551 kB
2026.05.20 22:55:14 INFO  Progress (1): 532/551 kB
2026.05.20 22:55:14 INFO  Progress (1): 548/551 kB
2026.05.20 22:55:14 INFO  Progress (1): 551 kB    
2026.05.20 22:55:14 INFO                      
2026.05.20 22:55:14 INFO  Downloaded from central: https://repo.maven.apache.org/maven2/org/springframework/security/spring-security-core/7.0.4/spring-security-core-7.0.4-sources.jar (551 kB at 12 MB/s)
2026.05.20 22:55:14 INFO  [INFO] SUCCESS: org.springframework.security:spring-security-core:jar:7.0.4:compile (sources = true)
2026.05.20 22:55:14 INFO  [INFO] Resolving artifact: net.minidev:accessors-smart:jar:2.6.0:test (sources = false)
2026.05.20 22:55:14 INFO  [INFO] SUCCESS: net.minidev:accessors-smart:jar:2.6.0:test (sources = false)
2026.05.20 22:55:14 INFO  [INFO] Resolving artifact: net.minidev:accessors-smart:jar:2.6.0:test (sources = true)
2026.05.20 22:55:14 INFO  Downloading from central: https://repo.maven.apache.org/maven2/net/minidev/accessors-smart/2.6.0/accessors-smart-2.6.0-sources.jar
2026.05.20 22:55:14 INFO  Progress (1): 7.7/23 kB
2026.05.20 22:55:14 INFO  Progress (1): 15/23 kB 
2026.05.20 22:55:14 INFO  Progress (1): 23 kB   
2026.05.20 22:55:14 INFO                     
2026.05.20 22:55:14 INFO  Downloaded from central: https://repo.maven.apache.org/maven2/net/minidev/accessors-smart/2.6.0/accessors-smart-2.6.0-sources.jar (23 kB at 817 kB/s)
2026.05.20 22:55:14 INFO  [INFO] SUCCESS: net.minidev:accessors-smart:jar:2.6.0:test (sources = true)
2026.05.20 22:55:14 INFO  [INFO] Resolving artifact: org.springframework.boot:spring-boot-autoconfigure:jar:4.0.5:compile (sources = false)
2026.05.20 22:55:14 INFO  [INFO] SUCCESS: org.springframework.boot:spring-boot-autoconfigure:jar:4.0.5:compile (sources = false)
2026.05.20 22:55:14 INFO  [INFO] Resolving artifact: org.springframework.boot:spring-boot-autoconfigure:jar:4.0.5:compile (sources = true)
2026.05.20 22:55:14 INFO  Downloading from central: https://repo.maven.apache.org/maven2/org/springframework/boot/spring-boot-autoconfigure/4.0.5/spring-boot-autoconfigure-4.0.5-sources.jar
2026.05.20 22:55:14 INFO  Progress (1): 7.7/233 kB
2026.05.20 22:55:14 INFO  Progress (1): 16/233 kB 
2026.05.20 22:55:14 INFO  Progress (1): 29/233 kB
2026.05.20 22:55:14 INFO  Progress (1): 45/233 kB
2026.05.20 22:55:14 INFO  Progress (1): 61/233 kB
2026.05.20 22:55:14 INFO  Progress (1): 78/233 kB
2026.05.20 22:55:14 INFO  Progress (1): 94/233 kB
2026.05.20 22:55:14 INFO  Progress (1): 111/233 kB
2026.05.20 22:55:14 INFO  Progress (1): 127/233 kB
2026.05.20 22:55:14 INFO  Progress (1): 143/233 kB
2026.05.20 22:55:14 INFO  Progress (1): 160/233 kB
2026.05.20 22:55:14 INFO  Progress (1): 176/233 kB
2026.05.20 22:55:14 INFO  Progress (1): 193/233 kB
2026.05.20 22:55:14 INFO  Progress (1): 209/233 kB
2026.05.20 22:55:14 INFO  Progress (1): 225/233 kB
2026.05.20 22:55:14 INFO  Progress (1): 233 kB    
2026.05.20 22:55:14 INFO                      
2026.05.20 22:55:14 INFO  Downloaded from central: https://repo.maven.apache.org/maven2/org/springframework/boot/spring-boot-autoconfigure/4.0.5/spring-boot-autoconfigure-4.0.5-sources.jar (233 kB at 6.5 MB/s)
2026.05.20 22:55:14 INFO  [INFO] SUCCESS: org.springframework.boot:spring-boot-autoconfigure:jar:4.0.5:compile (sources = true)
2026.05.20 22:55:14 INFO  [INFO] Resolving artifact: org.springframework.boot:spring-boot-servlet:jar:4.0.5:compile (sources = false)
2026.05.20 22:55:14 INFO  [INFO] SUCCESS: org.springframework.boot:spring-boot-servlet:jar:4.0.5:compile (sources = false)
2026.05.20 22:55:14 INFO  [INFO] Resolving artifact: org.springframework.boot:spring-boot-servlet:jar:4.0.5:compile (sources = true)
2026.05.20 22:55:14 INFO  Downloading from central: https://repo.maven.apache.org/maven2/org/springframework/boot/spring-boot-servlet/4.0.5/spring-boot-servlet-4.0.5-sources.jar
2026.05.20 22:55:14 INFO  Progress (1): 7.7/44 kB
2026.05.20 22:55:14 INFO  Progress (1): 12/44 kB 
2026.05.20 22:55:14 INFO  Progress (1): 29/44 kB
2026.05.20 22:55:14 INFO  Progress (1): 44 kB   
2026.05.20 22:55:14 INFO                     
2026.05.20 22:55:14 INFO  Downloaded from central: https://repo.maven.apache.org/maven2/org/springframework/boot/spring-boot-servlet/4.0.5/spring-boot-servlet-4.0.5-sources.jar (44 kB at 1.6 MB/s)
2026.05.20 22:55:14 INFO  [INFO] SUCCESS: org.springframework.boot:spring-boot-servlet:jar:4.0.5:compile (sources = true)
2026.05.20 22:55:14 INFO  [INFO] Resolving artifact: org.junit.jupiter:junit-jupiter-params:jar:6.0.3:test (sources = false)
2026.05.20 22:55:14 INFO  [INFO] SUCCESS: org.junit.jupiter:junit-jupiter-params:jar:6.0.3:test (sources = false)
2026.05.20 22:55:14 INFO  [INFO] Resolving artifact: org.junit.jupiter:junit-jupiter-params:jar:6.0.3:test (sources = true)
2026.05.20 22:55:14 INFO  Downloading from central: https://repo.maven.apache.org/maven2/org/junit/jupiter/junit-jupiter-params/6.0.3/junit-jupiter-params-6.0.3-sources.jar
2026.05.20 22:55:14 INFO  Progress (1): 7.7/140 kB
2026.05.20 22:55:14 INFO  Progress (1): 12/140 kB 
2026.05.20 22:55:14 INFO  Progress (1): 29/140 kB
2026.05.20 22:55:14 INFO  Progress (1): 45/140 kB
2026.05.20 22:55:14 INFO  Progress (1): 61/140 kB
2026.05.20 22:55:14 INFO  Progress (1): 78/140 kB
2026.05.20 22:55:14 INFO  Progress (1): 94/140 kB
2026.05.20 22:55:14 INFO  Progress (1): 111/140 kB
2026.05.20 22:55:14 INFO  Progress (1): 127/140 kB
2026.05.20 22:55:14 INFO  Progress (1): 140 kB    
2026.05.20 22:55:14 INFO                      
2026.05.20 22:55:14 INFO  Downloaded from central: https://repo.maven.apache.org/maven2/org/junit/jupiter/junit-jupiter-params/6.0.3/junit-jupiter-params-6.0.3-sources.jar (140 kB at 4.4 MB/s)
2026.05.20 22:55:14 INFO  [INFO] SUCCESS: org.junit.jupiter:junit-jupiter-params:jar:6.0.3:test (sources = true)
2026.05.20 22:55:14 INFO  [INFO] Resolving artifact: org.springframework.data:spring-data-commons:jar:4.0.4:compile (sources = false)
2026.05.20 22:55:14 INFO  [INFO] SUCCESS: org.springframework.data:spring-data-commons:jar:4.0.4:compile (sources = false)
2026.05.20 22:55:14 INFO  [INFO] Resolving artifact: org.springframework.data:spring-data-commons:jar:4.0.4:compile (sources = true)
2026.05.20 22:55:14 INFO  Downloading from central: https://repo.maven.apache.org/maven2/org/springframework/data/spring-data-commons/4.0.4/spring-data-commons-4.0.4-sources.jar
2026.05.20 22:55:14 INFO  Progress (1): 0/1.1 MB
2026.05.20 22:55:14 INFO  Progress (1): 0/1.1 MB
2026.05.20 22:55:14 INFO  Progress (1): 0/1.1 MB
2026.05.20 22:55:14 INFO  Progress (1): 0/1.1 MB
2026.05.20 22:55:14 INFO  Progress (1): 0.1/1.1 MB
2026.05.20 22:55:14 INFO  Progress (1): 0.1/1.1 MB
2026.05.20 22:55:14 INFO  Progress (1): 0.1/1.1 MB
2026.05.20 22:55:14 INFO  Progress (1): 0.1/1.1 MB
2026.05.20 22:55:14 INFO  Progress (1): 0.1/1.1 MB
2026.05.20 22:55:14 INFO  Progress (1): 0.1/1.1 MB
2026.05.20 22:55:14 INFO  Progress (1): 0.2/1.1 MB
2026.05.20 22:55:14 INFO  Progress (1): 0.2/1.1 MB
2026.05.20 22:55:14 INFO  Progress (1): 0.2/1.1 MB
2026.05.20 22:55:14 INFO  Progress (1): 0.2/1.1 MB
2026.05.20 22:55:14 INFO  Progress (1): 0.2/1.1 MB
2026.05.20 22:55:14 INFO  Progress (1): 0.2/1.1 MB
2026.05.20 22:55:14 INFO  Progress (1): 0.3/1.1 MB
2026.05.20 22:55:14 INFO  Progress (1): 0.3/1.1 MB
2026.05.20 22:55:14 INFO  Progress (1): 0.3/1.1 MB
2026.05.20 22:55:14 INFO  Progress (1): 0.3/1.1 MB
2026.05.20 22:55:14 INFO  Progress (1): 0.3/1.1 MB
2026.05.20 22:55:14 INFO  Progress (1): 0.3/1.1 MB
2026.05.20 22:55:14 INFO  Progress (1): 0.3/1.1 MB
2026.05.20 22:55:14 INFO  Progress (1): 0.4/1.1 MB
2026.05.20 22:55:14 INFO  Progress (1): 0.4/1.1 MB
2026.05.20 22:55:14 INFO  Progress (1): 0.4/1.1 MB
2026.05.20 22:55:14 INFO  Progress (1): 0.4/1.1 MB
2026.05.20 22:55:14 INFO  Progress (1): 0.4/1.1 MB
2026.05.20 22:55:14 INFO  Progress (1): 0.4/1.1 MB
2026.05.20 22:55:14 INFO  Progress (1): 0.5/1.1 MB
2026.05.20 22:55:14 INFO  Progress (1): 0.5/1.1 MB
2026.05.20 22:55:14 INFO  Progress (1): 0.5/1.1 MB
2026.05.20 22:55:14 INFO  Progress (1): 0.5/1.1 MB
2026.05.20 22:55:14 INFO  Progress (1): 0.5/1.1 MB
2026.05.20 22:55:14 INFO  Progress (1): 0.5/1.1 MB
2026.05.20 22:55:14 INFO  Progress (1): 0.6/1.1 MB
2026.05.20 22:55:14 INFO  Progress (1): 0.6/1.1 MB
2026.05.20 22:55:14 INFO  Progress (1): 0.6/1.1 MB
2026.05.20 22:55:14 INFO  Progress (1): 0.6/1.1 MB
2026.05.20 22:55:14 INFO  Progress (1): 0.6/1.1 MB
2026.05.20 22:55:14 INFO  Progress (1): 0.6/1.1 MB
2026.05.20 22:55:14 INFO  Progress (1): 0.7/1.1 MB
2026.05.20 22:55:14 INFO  Progress (1): 0.7/1.1 MB
2026.05.20 22:55:14 INFO  Progress (1): 0.7/1.1 MB
2026.05.20 22:55:14 INFO  Progress (1): 0.7/1.1 MB
2026.05.20 22:55:14 INFO  Progress (1): 0.7/1.1 MB
2026.05.20 22:55:14 INFO  Progress (1): 0.7/1.1 MB
2026.05.20 22:55:14 INFO  Progress (1): 0.8/1.1 MB
2026.05.20 22:55:14 INFO  Progress (1): 0.8/1.1 MB
2026.05.20 22:55:14 INFO  Progress (1): 0.8/1.1 MB
2026.05.20 22:55:14 INFO  Progress (1): 0.8/1.1 MB
2026.05.20 22:55:14 INFO  Progress (1): 0.8/1.1 MB
2026.05.20 22:55:14 INFO  Progress (1): 0.8/1.1 MB
2026.05.20 22:55:14 INFO  Progress (1): 0.9/1.1 MB
2026.05.20 22:55:14 INFO  Progress (1): 0.9/1.1 MB
2026.05.20 22:55:14 INFO  Progress (1): 0.9/1.1 MB
2026.05.20 22:55:14 INFO  Progress (1): 0.9/1.1 MB
2026.05.20 22:55:14 INFO  Progress (1): 0.9/1.1 MB
2026.05.20 22:55:14 INFO  Progress (1): 0.9/1.1 MB
2026.05.20 22:55:14 INFO  Progress (1): 1.0/1.1 MB
2026.05.20 22:55:14 INFO  Progress (1): 1.0/1.1 MB
2026.05.20 22:55:14 INFO  Progress (1): 1.0/1.1 MB
2026.05.20 22:55:14 INFO  Progress (1): 1.0/1.1 MB
2026.05.20 22:55:14 INFO  Progress (1): 1.0/1.1 MB
2026.05.20 22:55:14 INFO  Progress (1): 1.0/1.1 MB
2026.05.20 22:55:14 INFO  Progress (1): 1.0/1.1 MB
2026.05.20 22:55:14 INFO  Progress (1): 1.1/1.1 MB
2026.05.20 22:55:14 INFO  Progress (1): 1.1 MB    
2026.05.20 22:55:14 INFO                      
2026.05.20 22:55:14 INFO  Downloaded from central: https://repo.maven.apache.org/maven2/org/springframework/data/spring-data-commons/4.0.4/spring-data-commons-4.0.4-sources.jar (1.1 MB at 15 MB/s)
2026.05.20 22:55:14 INFO  [INFO] SUCCESS: org.springframework.data:spring-data-commons:jar:4.0.4:compile (sources = true)
2026.05.20 22:55:14 INFO  [INFO] Resolving artifact: org.springframework:spring-aop:jar:7.0.6:compile (sources = false)
2026.05.20 22:55:14 INFO  [INFO] SUCCESS: org.springframework:spring-aop:jar:7.0.6:compile (sources = false)
2026.05.20 22:55:14 INFO  [INFO] Resolving artifact: org.springframework:spring-aop:jar:7.0.6:compile (sources = true)
2026.05.20 22:55:14 INFO  Downloading from central: https://repo.maven.apache.org/maven2/org/springframework/spring-aop/7.0.6/spring-aop-7.0.6-sources.jar
2026.05.20 22:55:14 INFO  Progress (1): 7.7/375 kB
2026.05.20 22:55:14 INFO  Progress (1): 16/375 kB 
2026.05.20 22:55:14 INFO  Progress (1): 25/375 kB
2026.05.20 22:55:14 INFO  Progress (1): 41/375 kB
2026.05.20 22:55:14 INFO  Progress (1): 57/375 kB
2026.05.20 22:55:14 INFO  Progress (1): 74/375 kB
2026.05.20 22:55:14 INFO  Progress (1): 90/375 kB
2026.05.20 22:55:14 INFO  Progress (1): 106/375 kB
2026.05.20 22:55:14 INFO  Progress (1): 123/375 kB
2026.05.20 22:55:14 INFO  Progress (1): 139/375 kB
2026.05.20 22:55:14 INFO  Progress (1): 156/375 kB
2026.05.20 22:55:14 INFO  Progress (1): 172/375 kB
2026.05.20 22:55:14 INFO  Progress (1): 188/375 kB
2026.05.20 22:55:14 INFO  Progress (1): 205/375 kB
2026.05.20 22:55:14 INFO  Progress (1): 221/375 kB
2026.05.20 22:55:14 INFO  Progress (1): 238/375 kB
2026.05.20 22:55:14 INFO  Progress (1): 254/375 kB
2026.05.20 22:55:14 INFO  Progress (1): 270/375 kB
2026.05.20 22:55:14 INFO  Progress (1): 287/375 kB
2026.05.20 22:55:14 INFO  Progress (1): 303/375 kB
2026.05.20 22:55:14 INFO  Progress (1): 319/375 kB
2026.05.20 22:55:14 INFO  Progress (1): 336/375 kB
2026.05.20 22:55:14 INFO  Progress (1): 352/375 kB
2026.05.20 22:55:14 INFO  Progress (1): 369/375 kB
2026.05.20 22:55:14 INFO  Progress (1): 375 kB    
2026.05.20 22:55:14 INFO                      
2026.05.20 22:55:14 INFO  Downloaded from central: https://repo.maven.apache.org/maven2/org/springframework/spring-aop/7.0.6/spring-aop-7.0.6-sources.jar (375 kB at 11 MB/s)
2026.05.20 22:55:14 INFO  [INFO] SUCCESS: org.springframework:spring-aop:jar:7.0.6:compile (sources = true)
2026.05.20 22:55:14 INFO  [INFO] Resolving artifact: jakarta.xml.bind:jakarta.xml.bind-api:jar:4.0.4:compile (sources = false)
2026.05.20 22:55:14 INFO  [INFO] SUCCESS: jakarta.xml.bind:jakarta.xml.bind-api:jar:4.0.4:compile (sources = false)
2026.05.20 22:55:14 INFO  [INFO] Resolving artifact: jakarta.xml.bind:jakarta.xml.bind-api:jar:4.0.4:compile (sources = true)
2026.05.20 22:55:14 INFO  Downloading from central: https://repo.maven.apache.org/maven2/jakarta/xml/bind/jakarta.xml.bind-api/4.0.4/jakarta.xml.bind-api-4.0.4-sources.jar
2026.05.20 22:55:14 INFO  Progress (1): 7.7/198 kB
2026.05.20 22:55:14 INFO  Progress (1): 16/198 kB 
2026.05.20 22:55:14 INFO  Progress (1): 32/198 kB
2026.05.20 22:55:14 INFO  Progress (1): 48/198 kB
2026.05.20 22:55:14 INFO  Progress (1): 65/198 kB
2026.05.20 22:55:14 INFO  Progress (1): 81/198 kB
2026.05.20 22:55:14 INFO  Progress (1): 97/198 kB
2026.05.20 22:55:14 INFO  Progress (1): 101/198 kB
2026.05.20 22:55:14 INFO  Progress (1): 118/198 kB
2026.05.20 22:55:14 INFO  Progress (1): 134/198 kB
2026.05.20 22:55:14 INFO  Progress (1): 150/198 kB
2026.05.20 22:55:14 INFO  Progress (1): 167/198 kB
2026.05.20 22:55:14 INFO  Progress (1): 183/198 kB
2026.05.20 22:55:14 INFO  Progress (1): 198 kB    
2026.05.20 22:55:14 INFO                      
2026.05.20 22:55:14 INFO  Downloaded from central: https://repo.maven.apache.org/maven2/jakarta/xml/bind/jakarta.xml.bind-api/4.0.4/jakarta.xml.bind-api-4.0.4-sources.jar (198 kB at 6.0 MB/s)
2026.05.20 22:55:14 INFO  [INFO] SUCCESS: jakarta.xml.bind:jakarta.xml.bind-api:jar:4.0.4:compile (sources = true)
2026.05.20 22:55:14 INFO  [INFO] Resolving artifact: org.springdoc:springdoc-openapi-starter-webmvc-api:jar:2.8.8:compile (sources = false)
2026.05.20 22:55:14 INFO  [INFO] SUCCESS: org.springdoc:springdoc-openapi-starter-webmvc-api:jar:2.8.8:compile (sources = false)
2026.05.20 22:55:14 INFO  [INFO] Resolving artifact: org.springdoc:springdoc-openapi-starter-webmvc-api:jar:2.8.8:compile (sources = true)
2026.05.20 22:55:14 INFO  Downloading from central: https://repo.maven.apache.org/maven2/org/springdoc/springdoc-openapi-starter-webmvc-api/2.8.8/springdoc-openapi-starter-webmvc-api-2.8.8-sources.jar
2026.05.20 22:55:14 INFO  Progress (1): 7.7/27 kB
2026.05.20 22:55:14 INFO  Progress (1): 15/27 kB 
2026.05.20 22:55:14 INFO  Progress (1): 27 kB   
2026.05.20 22:55:14 INFO                     
2026.05.20 22:55:14 INFO  Downloaded from central: https://repo.maven.apache.org/maven2/org/springdoc/springdoc-openapi-starter-webmvc-api/2.8.8/springdoc-openapi-starter-webmvc-api-2.8.8-sources.jar (27 kB at 929 kB/s)
2026.05.20 22:55:14 INFO  [INFO] SUCCESS: org.springdoc:springdoc-openapi-starter-webmvc-api:jar:2.8.8:compile (sources = true)
2026.05.20 22:55:14 INFO  [INFO] Resolving artifact: org.springframework.boot:spring-boot-jpa:jar:4.0.5:compile (sources = false)
2026.05.20 22:55:14 INFO  [INFO] SUCCESS: org.springframework.boot:spring-boot-jpa:jar:4.0.5:compile (sources = false)
2026.05.20 22:55:14 INFO  [INFO] Resolving artifact: org.springframework.boot:spring-boot-jpa:jar:4.0.5:compile (sources = true)
2026.05.20 22:55:14 INFO  Downloading from central: https://repo.maven.apache.org/maven2/org/springframework/boot/spring-boot-jpa/4.0.5/spring-boot-jpa-4.0.5-sources.jar
2026.05.20 22:55:14 INFO  Progress (1): 7.7/19 kB
2026.05.20 22:55:14 INFO  Progress (1): 12/19 kB 
2026.05.20 22:55:14 INFO  Progress (1): 19 kB   
2026.05.20 22:55:14 INFO                     
2026.05.20 22:55:14 INFO  Downloaded from central: https://repo.maven.apache.org/maven2/org/springframework/boot/spring-boot-jpa/4.0.5/spring-boot-jpa-4.0.5-sources.jar (19 kB at 672 kB/s)
2026.05.20 22:55:14 INFO  [INFO] SUCCESS: org.springframework.boot:spring-boot-jpa:jar:4.0.5:compile (sources = true)
2026.05.20 22:55:14 INFO  [INFO] Resolving artifact: org.mockito:mockito-core:jar:5.20.0:test (sources = false)
2026.05.20 22:55:14 INFO  [INFO] SUCCESS: org.mockito:mockito-core:jar:5.20.0:test (sources = false)
2026.05.20 22:55:14 INFO  [INFO] Resolving artifact: org.mockito:mockito-core:jar:5.20.0:test (sources = true)
2026.05.20 22:55:14 INFO  Downloading from central: https://repo.maven.apache.org/maven2/org/mockito/mockito-core/5.20.0/mockito-core-5.20.0-sources.jar
2026.05.20 22:55:14 INFO  Progress (1): 7.7/543 kB
2026.05.20 22:55:14 INFO  Progress (1): 12/543 kB 
2026.05.20 22:55:14 INFO  Progress (1): 29/543 kB
2026.05.20 22:55:14 INFO  Progress (1): 45/543 kB
2026.05.20 22:55:14 INFO  Progress (1): 61/543 kB
2026.05.20 22:55:14 INFO  Progress (1): 78/543 kB
2026.05.20 22:55:14 INFO  Progress (1): 94/543 kB
2026.05.20 22:55:14 INFO  Progress (1): 111/543 kB
2026.05.20 22:55:14 INFO  Progress (1): 127/543 kB
2026.05.20 22:55:14 INFO  Progress (1): 143/543 kB
2026.05.20 22:55:14 INFO  Progress (1): 160/543 kB
2026.05.20 22:55:14 INFO  Progress (1): 176/543 kB
2026.05.20 22:55:14 INFO  Progress (1): 193/543 kB
2026.05.20 22:55:14 INFO  Progress (1): 209/543 kB
2026.05.20 22:55:14 INFO  Progress (1): 225/543 kB
2026.05.20 22:55:14 INFO  Progress (1): 242/543 kB
2026.05.20 22:55:14 INFO  Progress (1): 258/543 kB
2026.05.20 22:55:14 INFO  Progress (1): 274/543 kB
2026.05.20 22:55:14 INFO  Progress (1): 291/543 kB
2026.05.20 22:55:14 INFO  Progress (1): 307/543 kB
2026.05.20 22:55:14 INFO  Progress (1): 324/543 kB
2026.05.20 22:55:14 INFO  Progress (1): 340/543 kB
2026.05.20 22:55:14 INFO  Progress (1): 356/543 kB
2026.05.20 22:55:14 INFO  Progress (1): 373/543 kB
2026.05.20 22:55:14 INFO  Progress (1): 389/543 kB
2026.05.20 22:55:14 INFO  Progress (1): 406/543 kB
2026.05.20 22:55:14 INFO  Progress (1): 422/543 kB
2026.05.20 22:55:14 INFO  Progress (1): 438/543 kB
2026.05.20 22:55:14 INFO  Progress (1): 455/543 kB
2026.05.20 22:55:14 INFO  Progress (1): 471/543 kB
2026.05.20 22:55:14 INFO  Progress (1): 487/543 kB
2026.05.20 22:55:14 INFO  Progress (1): 504/543 kB
2026.05.20 22:55:14 INFO  Progress (1): 520/543 kB
2026.05.20 22:55:14 INFO  Progress (1): 537/543 kB
2026.05.20 22:55:14 INFO  Progress (1): 543 kB    
2026.05.20 22:55:14 INFO                      
2026.05.20 22:55:14 INFO  Downloaded from central: https://repo.maven.apache.org/maven2/org/mockito/mockito-core/5.20.0/mockito-core-5.20.0-sources.jar (543 kB at 11 MB/s)
2026.05.20 22:55:14 INFO  [INFO] SUCCESS: org.mockito:mockito-core:jar:5.20.0:test (sources = true)
2026.05.20 22:55:14 INFO  [INFO] Resolving artifact: org.objenesis:objenesis:jar:3.3:test (sources = false)
2026.05.20 22:55:14 INFO  [INFO] SUCCESS: org.objenesis:objenesis:jar:3.3:test (sources = false)
2026.05.20 22:55:14 INFO  [INFO] Resolving artifact: org.objenesis:objenesis:jar:3.3:test (sources = true)
2026.05.20 22:55:14 INFO  Downloading from central: https://repo.maven.apache.org/maven2/org/objenesis/objenesis/3.3/objenesis-3.3-sources.jar
2026.05.20 22:55:14 INFO  Progress (1): 7.7/53 kB
2026.05.20 22:55:14 INFO  Progress (1): 15/53 kB 
2026.05.20 22:55:14 INFO  Progress (1): 32/53 kB
2026.05.20 22:55:14 INFO  Progress (1): 48/53 kB
2026.05.20 22:55:14 INFO  Progress (1): 53 kB   
2026.05.20 22:55:14 INFO                     
2026.05.20 22:55:14 INFO  Downloaded from central: https://repo.maven.apache.org/maven2/org/objenesis/objenesis/3.3/objenesis-3.3-sources.jar (53 kB at 1.6 MB/s)
2026.05.20 22:55:14 INFO  [INFO] SUCCESS: org.objenesis:objenesis:jar:3.3:test (sources = true)
2026.05.20 22:55:14 INFO  [INFO] Resolving artifact: org.springframework.boot:spring-boot-starter-jdbc:jar:4.0.5:compile (sources = false)
2026.05.20 22:55:14 INFO  [INFO] SUCCESS: org.springframework.boot:spring-boot-starter-jdbc:jar:4.0.5:compile (sources = false)
2026.05.20 22:55:14 INFO  [INFO] Resolving artifact: org.springframework.boot:spring-boot-starter-jdbc:jar:4.0.5:compile (sources = true)
2026.05.20 22:55:14 INFO  Downloading from central: https://repo.maven.apache.org/maven2/org/springframework/boot/spring-boot-starter-jdbc/4.0.5/spring-boot-starter-jdbc-4.0.5-sources.jar
2026.05.20 22:55:15 INFO  Progress (1): 4.8 kB
2026.05.20 22:55:15 INFO                      
2026.05.20 22:55:15 INFO  Downloaded from central: https://repo.maven.apache.org/maven2/org/springframework/boot/spring-boot-starter-jdbc/4.0.5/spring-boot-starter-jdbc-4.0.5-sources.jar (4.8 kB at 183 kB/s)
2026.05.20 22:55:15 INFO  [INFO] SUCCESS: org.springframework.boot:spring-boot-starter-jdbc:jar:4.0.5:compile (sources = true)
2026.05.20 22:55:15 INFO  [INFO] Resolving artifact: org.apache.logging.log4j:log4j-api:jar:2.25.3:compile (sources = false)
2026.05.20 22:55:15 INFO  [INFO] SUCCESS: org.apache.logging.log4j:log4j-api:jar:2.25.3:compile (sources = false)
2026.05.20 22:55:15 INFO  [INFO] Resolving artifact: org.apache.logging.log4j:log4j-api:jar:2.25.3:compile (sources = true)
2026.05.20 22:55:15 INFO  Downloading from central: https://repo.maven.apache.org/maven2/org/apache/logging/log4j/log4j-api/2.25.3/log4j-api-2.25.3-sources.jar
2026.05.20 22:55:15 INFO  Progress (1): 7.7/295 kB
2026.05.20 22:55:15 INFO  Progress (1): 12/295 kB 
2026.05.20 22:55:15 INFO  Progress (1): 29/295 kB
2026.05.20 22:55:15 INFO  Progress (1): 45/295 kB
2026.05.20 22:55:15 INFO  Progress (1): 61/295 kB
2026.05.20 22:55:15 INFO  Progress (1): 78/295 kB
2026.05.20 22:55:15 INFO  Progress (1): 94/295 kB
2026.05.20 22:55:15 INFO  Progress (1): 111/295 kB
2026.05.20 22:55:15 INFO  Progress (1): 127/295 kB
2026.05.20 22:55:15 INFO  Progress (1): 143/295 kB
2026.05.20 22:55:15 INFO  Progress (1): 160/295 kB
2026.05.20 22:55:15 INFO  Progress (1): 176/295 kB
2026.05.20 22:55:15 INFO  Progress (1): 193/295 kB
2026.05.20 22:55:15 INFO  Progress (1): 209/295 kB
2026.05.20 22:55:15 INFO  Progress (1): 225/295 kB
2026.05.20 22:55:15 INFO  Progress (1): 242/295 kB
2026.05.20 22:55:15 INFO  Progress (1): 258/295 kB
2026.05.20 22:55:15 INFO  Progress (1): 274/295 kB
2026.05.20 22:55:15 INFO  Progress (1): 291/295 kB
2026.05.20 22:55:15 INFO  Progress (1): 295 kB    
2026.05.20 22:55:15 INFO                      
2026.05.20 22:55:15 INFO  Downloaded from central: https://repo.maven.apache.org/maven2/org/apache/logging/log4j/log4j-api/2.25.3/log4j-api-2.25.3-sources.jar (295 kB at 7.8 MB/s)
2026.05.20 22:55:15 INFO  [INFO] SUCCESS: org.apache.logging.log4j:log4j-api:jar:2.25.3:compile (sources = true)
2026.05.20 22:55:15 INFO  [INFO] Resolving artifact: org.springframework:spring-expression:jar:7.0.6:compile (sources = false)
2026.05.20 22:55:15 INFO  [INFO] SUCCESS: org.springframework:spring-expression:jar:7.0.6:compile (sources = false)
2026.05.20 22:55:15 INFO  [INFO] Resolving artifact: org.springframework:spring-expression:jar:7.0.6:compile (sources = true)
2026.05.20 22:55:15 INFO  Downloading from central: https://repo.maven.apache.org/maven2/org/springframework/spring-expression/7.0.6/spring-expression-7.0.6-sources.jar
2026.05.20 22:55:15 INFO  Progress (1): 7.7/242 kB
2026.05.20 22:55:15 INFO  Progress (1): 12/242 kB 
2026.05.20 22:55:15 INFO  Progress (1): 29/242 kB
2026.05.20 22:55:15 INFO  Progress (1): 45/242 kB
2026.05.20 22:55:15 INFO  Progress (1): 61/242 kB
2026.05.20 22:55:15 INFO  Progress (1): 78/242 kB
2026.05.20 22:55:15 INFO  Progress (1): 94/242 kB
2026.05.20 22:55:15 INFO  Progress (1): 111/242 kB
2026.05.20 22:55:15 INFO  Progress (1): 127/242 kB
2026.05.20 22:55:15 INFO  Progress (1): 143/242 kB
2026.05.20 22:55:15 INFO  Progress (1): 160/242 kB
2026.05.20 22:55:15 INFO  Progress (1): 164/242 kB
2026.05.20 22:55:15 INFO  Progress (1): 180/242 kB
2026.05.20 22:55:15 INFO  Progress (1): 196/242 kB
2026.05.20 22:55:15 INFO  Progress (1): 213/242 kB
2026.05.20 22:55:15 INFO  Progress (1): 229/242 kB
2026.05.20 22:55:15 INFO  Progress (1): 242 kB    
2026.05.20 22:55:15 INFO                      
2026.05.20 22:55:15 INFO  Downloaded from central: https://repo.maven.apache.org/maven2/org/springframework/spring-expression/7.0.6/spring-expression-7.0.6-sources.jar (242 kB at 6.0 MB/s)
2026.05.20 22:55:15 INFO  [INFO] SUCCESS: org.springframework:spring-expression:jar:7.0.6:compile (sources = true)
2026.05.20 22:55:15 INFO  [INFO] Resolving artifact: ch.qos.logback:logback-core:jar:1.5.32:compile (sources = false)
2026.05.20 22:55:15 INFO  [INFO] SUCCESS: ch.qos.logback:logback-core:jar:1.5.32:compile (sources = false)
2026.05.20 22:55:15 INFO  [INFO] Resolving artifact: ch.qos.logback:logback-core:jar:1.5.32:compile (sources = true)
2026.05.20 22:55:15 INFO  Downloading from central: https://repo.maven.apache.org/maven2/ch/qos/logback/logback-core/1.5.32/logback-core-1.5.32-sources.jar
2026.05.20 22:55:15 INFO  Progress (1): 7.7/532 kB
2026.05.20 22:55:15 INFO  Progress (1): 16/532 kB 
2026.05.20 22:55:15 INFO  Progress (1): 29/532 kB
2026.05.20 22:55:15 INFO  Progress (1): 45/532 kB
2026.05.20 22:55:15 INFO  Progress (1): 61/532 kB
2026.05.20 22:55:15 INFO  Progress (1): 78/532 kB
2026.05.20 22:55:15 INFO  Progress (1): 94/532 kB
2026.05.20 22:55:15 INFO  Progress (1): 111/532 kB
2026.05.20 22:55:15 INFO  Progress (1): 127/532 kB
2026.05.20 22:55:15 INFO  Progress (1): 143/532 kB
2026.05.20 22:55:15 INFO  Progress (1): 160/532 kB
2026.05.20 22:55:15 INFO  Progress (1): 176/532 kB
2026.05.20 22:55:15 INFO  Progress (1): 193/532 kB
2026.05.20 22:55:15 INFO  Progress (1): 209/532 kB
2026.05.20 22:55:15 INFO  Progress (1): 225/532 kB
2026.05.20 22:55:15 INFO  Progress (1): 242/532 kB
2026.05.20 22:55:15 INFO  Progress (1): 258/532 kB
2026.05.20 22:55:15 INFO  Progress (1): 274/532 kB
2026.05.20 22:55:15 INFO  Progress (1): 291/532 kB
2026.05.20 22:55:15 INFO  Progress (1): 307/532 kB
2026.05.20 22:55:15 INFO  Progress (1): 324/532 kB
2026.05.20 22:55:15 INFO  Progress (1): 340/532 kB
2026.05.20 22:55:15 INFO  Progress (1): 356/532 kB
2026.05.20 22:55:15 INFO  Progress (1): 373/532 kB
2026.05.20 22:55:15 INFO  Progress (1): 389/532 kB
2026.05.20 22:55:15 INFO  Progress (1): 406/532 kB
2026.05.20 22:55:15 INFO  Progress (1): 422/532 kB
2026.05.20 22:55:15 INFO  Progress (1): 438/532 kB
2026.05.20 22:55:15 INFO  Progress (1): 455/532 kB
2026.05.20 22:55:15 INFO  Progress (1): 471/532 kB
2026.05.20 22:55:15 INFO  Progress (1): 487/532 kB
2026.05.20 22:55:15 INFO  Progress (1): 504/532 kB
2026.05.20 22:55:15 INFO  Progress (1): 520/532 kB
2026.05.20 22:55:15 INFO  Progress (1): 532 kB    
2026.05.20 22:55:15 INFO                      
2026.05.20 22:55:15 INFO  Downloaded from central: https://repo.maven.apache.org/maven2/ch/qos/logback/logback-core/1.5.32/logback-core-1.5.32-sources.jar (532 kB at 10 MB/s)
2026.05.20 22:55:15 INFO  [INFO] SUCCESS: ch.qos.logback:logback-core:jar:1.5.32:compile (sources = true)
2026.05.20 22:55:15 INFO  [INFO] Resolving artifact: org.springframework.boot:spring-boot-validation:jar:4.0.5:compile (sources = false)
2026.05.20 22:55:15 INFO  [INFO] SUCCESS: org.springframework.boot:spring-boot-validation:jar:4.0.5:compile (sources = false)
2026.05.20 22:55:15 INFO  [INFO] Resolving artifact: org.springframework.boot:spring-boot-validation:jar:4.0.5:compile (sources = true)
2026.05.20 22:55:15 INFO  Downloading from central: https://repo.maven.apache.org/maven2/org/springframework/boot/spring-boot-validation/4.0.5/spring-boot-validation-4.0.5-sources.jar
2026.05.20 22:55:15 INFO  Progress (1): 7.7/14 kB
2026.05.20 22:55:15 INFO  Progress (1): 14 kB    
2026.05.20 22:55:15 INFO                     
2026.05.20 22:55:15 INFO  Downloaded from central: https://repo.maven.apache.org/maven2/org/springframework/boot/spring-boot-validation/4.0.5/spring-boot-validation-4.0.5-sources.jar (14 kB at 534 kB/s)
2026.05.20 22:55:15 INFO  [INFO] SUCCESS: org.springframework.boot:spring-boot-validation:jar:4.0.5:compile (sources = true)
2026.05.20 22:55:15 INFO  [INFO] Resolving artifact: org.springframework.boot:spring-boot-starter-security-test:jar:4.0.5:test (sources = false)
2026.05.20 22:55:15 INFO  [INFO] SUCCESS: org.springframework.boot:spring-boot-starter-security-test:jar:4.0.5:test (sources = false)
2026.05.20 22:55:15 INFO  [INFO] Resolving artifact: org.springframework.boot:spring-boot-starter-security-test:jar:4.0.5:test (sources = true)
2026.05.20 22:55:15 INFO  Downloading from central: https://repo.maven.apache.org/maven2/org/springframework/boot/spring-boot-starter-security-test/4.0.5/spring-boot-starter-security-test-4.0.5-sources.jar
2026.05.20 22:55:15 INFO  Progress (1): 4.7 kB
2026.05.20 22:55:15 INFO                      
2026.05.20 22:55:15 INFO  Downloaded from central: https://repo.maven.apache.org/maven2/org/springframework/boot/spring-boot-starter-security-test/4.0.5/spring-boot-starter-security-test-4.0.5-sources.jar (4.7 kB at 183 kB/s)
2026.05.20 22:55:15 INFO  [INFO] SUCCESS: org.springframework.boot:spring-boot-starter-security-test:jar:4.0.5:test (sources = true)
2026.05.20 22:55:15 INFO  [INFO] Resolving artifact: org.springframework:spring-web:jar:7.0.6:compile (sources = false)
2026.05.20 22:55:15 INFO  [INFO] SUCCESS: org.springframework:spring-web:jar:7.0.6:compile (sources = false)
2026.05.20 22:55:15 INFO  [INFO] Resolving artifact: org.springframework:spring-web:jar:7.0.6:compile (sources = true)
2026.05.20 22:55:15 INFO  Downloading from central: https://repo.maven.apache.org/maven2/org/springframework/spring-web/7.0.6/spring-web-7.0.6-sources.jar
2026.05.20 22:55:15 INFO  Progress (1): 0/1.5 MB
2026.05.20 22:55:15 INFO  Progress (1): 0/1.5 MB
2026.05.20 22:55:15 INFO  Progress (1): 0/1.5 MB
2026.05.20 22:55:15 INFO  Progress (1): 0/1.5 MB
2026.05.20 22:55:15 INFO  Progress (1): 0.1/1.5 MB
2026.05.20 22:55:15 INFO  Progress (1): 0.1/1.5 MB
2026.05.20 22:55:15 INFO  Progress (1): 0.1/1.5 MB
2026.05.20 22:55:15 INFO  Progress (1): 0.1/1.5 MB
2026.05.20 22:55:15 INFO  Progress (1): 0.1/1.5 MB
2026.05.20 22:55:15 INFO  Progress (1): 0.1/1.5 MB
2026.05.20 22:55:15 INFO  Progress (1): 0.2/1.5 MB
2026.05.20 22:55:15 INFO  Progress (1): 0.2/1.5 MB
2026.05.20 22:55:15 INFO  Progress (1): 0.2/1.5 MB
2026.05.20 22:55:15 INFO  Progress (1): 0.2/1.5 MB
2026.05.20 22:55:15 INFO  Progress (1): 0.2/1.5 MB
2026.05.20 22:55:15 INFO  Progress (1): 0.2/1.5 MB
2026.05.20 22:55:15 INFO  Progress (1): 0.2/1.5 MB
2026.05.20 22:55:15 INFO  Progress (1): 0.3/1.5 MB
2026.05.20 22:55:15 INFO  Progress (1): 0.3/1.5 MB
2026.05.20 22:55:15 INFO  Progress (1): 0.3/1.5 MB
2026.05.20 22:55:15 INFO  Progress (1): 0.3/1.5 MB
2026.05.20 22:55:15 INFO  Progress (1): 0.3/1.5 MB
2026.05.20 22:55:15 INFO  Progress (1): 0.3/1.5 MB
2026.05.20 22:55:15 INFO  Progress (1): 0.4/1.5 MB
2026.05.20 22:55:15 INFO  Progress (1): 0.4/1.5 MB
2026.05.20 22:55:15 INFO  Progress (1): 0.4/1.5 MB
2026.05.20 22:55:15 INFO  Progress (1): 0.4/1.5 MB
2026.05.20 22:55:15 INFO  Progress (1): 0.4/1.5 MB
2026.05.20 22:55:15 INFO  Progress (1): 0.4/1.5 MB
2026.05.20 22:55:15 INFO  Progress (1): 0.5/1.5 MB
2026.05.20 22:55:15 INFO  Progress (1): 0.5/1.5 MB
2026.05.20 22:55:15 INFO  Progress (1): 0.5/1.5 MB
2026.05.20 22:55:15 INFO  Progress (1): 0.5/1.5 MB
2026.05.20 22:55:15 INFO  Progress (1): 0.5/1.5 MB
2026.05.20 22:55:15 INFO  Progress (1): 0.5/1.5 MB
2026.05.20 22:55:15 INFO  Progress (1): 0.6/1.5 MB
2026.05.20 22:55:15 INFO  Progress (1): 0.6/1.5 MB
2026.05.20 22:55:15 INFO  Progress (1): 0.6/1.5 MB
2026.05.20 22:55:15 INFO  Progress (1): 0.6/1.5 MB
2026.05.20 22:55:15 INFO  Progress (1): 0.6/1.5 MB
2026.05.20 22:55:15 INFO  Progress (1): 0.6/1.5 MB
2026.05.20 22:55:15 INFO  Progress (1): 0.7/1.5 MB
2026.05.20 22:55:15 INFO  Progress (1): 0.7/1.5 MB
2026.05.20 22:55:15 INFO  Progress (1): 0.7/1.5 MB
2026.05.20 22:55:15 INFO  Progress (1): 0.7/1.5 MB
2026.05.20 22:55:15 INFO  Progress (1): 0.7/1.5 MB
2026.05.20 22:55:15 INFO  Progress (1): 0.7/1.5 MB
2026.05.20 22:55:15 INFO  Progress (1): 0.8/1.5 MB
2026.05.20 22:55:15 INFO  Progress (1): 0.8/1.5 MB
2026.05.20 22:55:15 INFO  Progress (1): 0.8/1.5 MB
2026.05.20 22:55:15 INFO  Progress (1): 0.8/1.5 MB
2026.05.20 22:55:15 INFO  Progress (1): 0.8/1.5 MB
2026.05.20 22:55:15 INFO  Progress (1): 0.8/1.5 MB
2026.05.20 22:55:15 INFO  Progress (1): 0.9/1.5 MB
2026.05.20 22:55:15 INFO  Progress (1): 0.9/1.5 MB
2026.05.20 22:55:15 INFO  Progress (1): 0.9/1.5 MB
2026.05.20 22:55:15 INFO  Progress (1): 0.9/1.5 MB
2026.05.20 22:55:15 INFO  Progress (1): 0.9/1.5 MB
2026.05.20 22:55:15 INFO  Progress (1): 0.9/1.5 MB
2026.05.20 22:55:15 INFO  Progress (1): 1.0/1.5 MB
2026.05.20 22:55:15 INFO  Progress (1): 1.0/1.5 MB
2026.05.20 22:55:15 INFO  Progress (1): 1.0/1.5 MB
2026.05.20 22:55:15 INFO  Progress (1): 1.0/1.5 MB
2026.05.20 22:55:15 INFO  Progress (1): 1.0/1.5 MB
2026.05.20 22:55:15 INFO  Progress (1): 1.0/1.5 MB
2026.05.20 22:55:15 INFO  Progress (1): 1.0/1.5 MB
2026.05.20 22:55:15 INFO  Progress (1): 1.1/1.5 MB
2026.05.20 22:55:15 INFO  Progress (1): 1.1/1.5 MB
2026.05.20 22:55:15 INFO  Progress (1): 1.1/1.5 MB
2026.05.20 22:55:15 INFO  Progress (1): 1.1/1.5 MB
2026.05.20 22:55:15 INFO  Progress (1): 1.1/1.5 MB
2026.05.20 22:55:15 INFO  Progress (1): 1.1/1.5 MB
2026.05.20 22:55:15 INFO  Progress (1): 1.2/1.5 MB
2026.05.20 22:55:15 INFO  Progress (1): 1.2/1.5 MB
2026.05.20 22:55:15 INFO  Progress (1): 1.2/1.5 MB
2026.05.20 22:55:15 INFO  Progress (1): 1.2/1.5 MB
2026.05.20 22:55:15 INFO  Progress (1): 1.2/1.5 MB
2026.05.20 22:55:15 INFO  Progress (1): 1.2/1.5 MB
2026.05.20 22:55:15 INFO  Progress (1): 1.3/1.5 MB
2026.05.20 22:55:15 INFO  Progress (1): 1.3/1.5 MB
2026.05.20 22:55:15 INFO  Progress (1): 1.3/1.5 MB
2026.05.20 22:55:15 INFO  Progress (1): 1.3/1.5 MB
2026.05.20 22:55:15 INFO  Progress (1): 1.3/1.5 MB
2026.05.20 22:55:15 INFO  Progress (1): 1.3/1.5 MB
2026.05.20 22:55:15 INFO  Progress (1): 1.4/1.5 MB
2026.05.20 22:55:15 INFO  Progress (1): 1.4/1.5 MB
2026.05.20 22:55:15 INFO  Progress (1): 1.4/1.5 MB
2026.05.20 22:55:15 INFO  Progress (1): 1.4/1.5 MB
2026.05.20 22:55:15 INFO  Progress (1): 1.4/1.5 MB
2026.05.20 22:55:15 INFO  Progress (1): 1.4/1.5 MB
2026.05.20 22:55:15 INFO  Progress (1): 1.5/1.5 MB
2026.05.20 22:55:15 INFO  Progress (1): 1.5/1.5 MB
2026.05.20 22:55:15 INFO  Progress (1): 1.5/1.5 MB
2026.05.20 22:55:15 INFO  Progress (1): 1.5 MB    
2026.05.20 22:55:15 INFO                      
2026.05.20 22:55:15 INFO  Downloaded from central: https://repo.maven.apache.org/maven2/org/springframework/spring-web/7.0.6/spring-web-7.0.6-sources.jar (1.5 MB at 14 MB/s)
2026.05.20 22:55:15 INFO  [INFO] SUCCESS: org.springframework:spring-web:jar:7.0.6:compile (sources = true)
2026.05.20 22:55:15 INFO  [INFO] Resolving artifact: io.swagger.core.v3:swagger-annotations-jakarta:jar:2.2.30:compile (sources = false)
2026.05.20 22:55:15 INFO  [INFO] SUCCESS: io.swagger.core.v3:swagger-annotations-jakarta:jar:2.2.30:compile (sources = false)
2026.05.20 22:55:15 INFO  [INFO] Resolving artifact: io.swagger.core.v3:swagger-annotations-jakarta:jar:2.2.30:compile (sources = true)
2026.05.20 22:55:15 INFO  Downloading from central: https://repo.maven.apache.org/maven2/io/swagger/core/v3/swagger-annotations-jakarta/2.2.30/swagger-annotations-jakarta-2.2.30-sources.jar
2026.05.20 22:55:15 INFO  Progress (1): 7.7/55 kB
2026.05.20 22:55:15 INFO  Progress (1): 16/55 kB 
2026.05.20 22:55:15 INFO  Progress (1): 25/55 kB
2026.05.20 22:55:15 INFO  Progress (1): 41/55 kB
2026.05.20 22:55:15 INFO  Progress (1): 55 kB   
2026.05.20 22:55:15 INFO                     
2026.05.20 22:55:15 INFO  Downloaded from central: https://repo.maven.apache.org/maven2/io/swagger/core/v3/swagger-annotations-jakarta/2.2.30/swagger-annotations-jakarta-2.2.30-sources.jar (55 kB at 1.9 MB/s)
2026.05.20 22:55:15 INFO  [INFO] SUCCESS: io.swagger.core.v3:swagger-annotations-jakarta:jar:2.2.30:compile (sources = true)
2026.05.20 22:55:15 INFO  [INFO] Resolving artifact: org.springframework:spring-beans:jar:7.0.6:compile (sources = false)
2026.05.20 22:55:15 INFO  [INFO] SUCCESS: org.springframework:spring-beans:jar:7.0.6:compile (sources = false)
2026.05.20 22:55:15 INFO  [INFO] Resolving artifact: org.springframework:spring-beans:jar:7.0.6:compile (sources = true)
2026.05.20 22:55:15 INFO  Downloading from central: https://repo.maven.apache.org/maven2/org/springframework/spring-beans/7.0.6/spring-beans-7.0.6-sources.jar
2026.05.20 22:55:15 INFO  Progress (1): 7.7/755 kB
2026.05.20 22:55:15 INFO  Progress (1): 16/755 kB 
2026.05.20 22:55:15 INFO  Progress (1): 32/755 kB
2026.05.20 22:55:15 INFO  Progress (1): 49/755 kB
2026.05.20 22:55:15 INFO  Progress (1): 57/755 kB
2026.05.20 22:55:15 INFO  Progress (1): 73/755 kB
2026.05.20 22:55:15 INFO  Progress (1): 90/755 kB
2026.05.20 22:55:15 INFO  Progress (1): 106/755 kB
2026.05.20 22:55:15 INFO  Progress (1): 122/755 kB
2026.05.20 22:55:15 INFO  Progress (1): 139/755 kB
2026.05.20 22:55:15 INFO  Progress (1): 155/755 kB
2026.05.20 22:55:15 INFO  Progress (1): 172/755 kB
2026.05.20 22:55:15 INFO  Progress (1): 188/755 kB
2026.05.20 22:55:15 INFO  Progress (1): 204/755 kB
2026.05.20 22:55:15 INFO  Progress (1): 221/755 kB
2026.05.20 22:55:15 INFO  Progress (1): 237/755 kB
2026.05.20 22:55:15 INFO  Progress (1): 253/755 kB
2026.05.20 22:55:15 INFO  Progress (1): 270/755 kB
2026.05.20 22:55:15 INFO  Progress (1): 286/755 kB
2026.05.20 22:55:15 INFO  Progress (1): 303/755 kB
2026.05.20 22:55:15 INFO  Progress (1): 319/755 kB
2026.05.20 22:55:15 INFO  Progress (1): 335/755 kB
2026.05.20 22:55:15 INFO  Progress (1): 352/755 kB
2026.05.20 22:55:15 INFO  Progress (1): 368/755 kB
2026.05.20 22:55:15 INFO  Progress (1): 385/755 kB
2026.05.20 22:55:15 INFO  Progress (1): 401/755 kB
2026.05.20 22:55:15 INFO  Progress (1): 417/755 kB
2026.05.20 22:55:15 INFO  Progress (1): 434/755 kB
2026.05.20 22:55:15 INFO  Progress (1): 450/755 kB
2026.05.20 22:55:15 INFO  Progress (1): 466/755 kB
2026.05.20 22:55:15 INFO  Progress (1): 483/755 kB
2026.05.20 22:55:15 INFO  Progress (1): 499/755 kB
2026.05.20 22:55:15 INFO  Progress (1): 516/755 kB
2026.05.20 22:55:15 INFO  Progress (1): 532/755 kB
2026.05.20 22:55:15 INFO  Progress (1): 548/755 kB
2026.05.20 22:55:15 INFO  Progress (1): 565/755 kB
2026.05.20 22:55:15 INFO  Progress (1): 581/755 kB
2026.05.20 22:55:15 INFO  Progress (1): 598/755 kB
2026.05.20 22:55:15 INFO  Progress (1): 614/755 kB
2026.05.20 22:55:15 INFO  Progress (1): 630/755 kB
2026.05.20 22:55:15 INFO  Progress (1): 647/755 kB
2026.05.20 22:55:15 INFO  Progress (1): 663/755 kB
2026.05.20 22:55:15 INFO  Progress (1): 672/755 kB
2026.05.20 22:55:15 INFO  Progress (1): 688/755 kB
2026.05.20 22:55:15 INFO  Progress (1): 705/755 kB
2026.05.20 22:55:15 INFO  Progress (1): 721/755 kB
2026.05.20 22:55:15 INFO  Progress (1): 737/755 kB
2026.05.20 22:55:15 INFO  Progress (1): 754/755 kB
2026.05.20 22:55:15 INFO  Progress (1): 755 kB    
2026.05.20 22:55:15 INFO                      
2026.05.20 22:55:15 INFO  Downloaded from central: https://repo.maven.apache.org/maven2/org/springframework/spring-beans/7.0.6/spring-beans-7.0.6-sources.jar (755 kB at 13 MB/s)
2026.05.20 22:55:15 INFO  [INFO] SUCCESS: org.springframework:spring-beans:jar:7.0.6:compile (sources = true)
2026.05.20 22:55:15 INFO  [INFO] Resolving artifact: org.springframework:spring-aspects:jar:7.0.6:compile (sources = false)
2026.05.20 22:55:15 INFO  [INFO] SUCCESS: org.springframework:spring-aspects:jar:7.0.6:compile (sources = false)
2026.05.20 22:55:15 INFO  [INFO] Resolving artifact: org.springframework:spring-aspects:jar:7.0.6:compile (sources = true)
2026.05.20 22:55:15 INFO  Downloading from central: https://repo.maven.apache.org/maven2/org/springframework/spring-aspects/7.0.6/spring-aspects-7.0.6-sources.jar
2026.05.20 22:55:15 INFO  Progress (1): 7.7/33 kB
2026.05.20 22:55:15 INFO  Progress (1): 16/33 kB 
2026.05.20 22:55:15 INFO  Progress (1): 29/33 kB
2026.05.20 22:55:15 INFO  Progress (1): 33 kB   
2026.05.20 22:55:15 INFO                     
2026.05.20 22:55:15 INFO  Downloaded from central: https://repo.maven.apache.org/maven2/org/springframework/spring-aspects/7.0.6/spring-aspects-7.0.6-sources.jar (33 kB at 1.4 MB/s)
2026.05.20 22:55:15 INFO  [INFO] SUCCESS: org.springframework:spring-aspects:jar:7.0.6:compile (sources = true)
2026.05.20 22:55:15 INFO  [INFO] Resolving artifact: org.springframework:spring-core:jar:7.0.6:compile (sources = false)
2026.05.20 22:55:15 INFO  [INFO] SUCCESS: org.springframework:spring-core:jar:7.0.6:compile (sources = false)
2026.05.20 22:55:15 INFO  [INFO] Resolving artifact: org.springframework:spring-core:jar:7.0.6:compile (sources = true)
2026.05.20 22:55:15 INFO  Downloading from central: https://repo.maven.apache.org/maven2/org/springframework/spring-core/7.0.6/spring-core-7.0.6-sources.jar
2026.05.20 22:55:15 INFO  Progress (1): 0/1.5 MB
2026.05.20 22:55:15 INFO  Progress (1): 0/1.5 MB
2026.05.20 22:55:15 INFO  Progress (1): 0/1.5 MB
2026.05.20 22:55:15 INFO  Progress (1): 0/1.5 MB
2026.05.20 22:55:15 INFO  Progress (1): 0.1/1.5 MB
2026.05.20 22:55:15 INFO  Progress (1): 0.1/1.5 MB
2026.05.20 22:55:15 INFO  Progress (1): 0.1/1.5 MB
2026.05.20 22:55:15 INFO  Progress (1): 0.1/1.5 MB
2026.05.20 22:55:15 INFO  Progress (1): 0.1/1.5 MB
2026.05.20 22:55:15 INFO  Progress (1): 0.1/1.5 MB
2026.05.20 22:55:15 INFO  Progress (1): 0.2/1.5 MB
2026.05.20 22:55:15 INFO  Progress (1): 0.2/1.5 MB
2026.05.20 22:55:15 INFO  Progress (1): 0.2/1.5 MB
2026.05.20 22:55:15 INFO  Progress (1): 0.2/1.5 MB
2026.05.20 22:55:15 INFO  Progress (1): 0.2/1.5 MB
2026.05.20 22:55:15 INFO  Progress (1): 0.2/1.5 MB
2026.05.20 22:55:15 INFO  Progress (1): 0.3/1.5 MB
2026.05.20 22:55:15 INFO  Progress (1): 0.3/1.5 MB
2026.05.20 22:55:15 INFO  Progress (1): 0.3/1.5 MB
2026.05.20 22:55:15 INFO  Progress (1): 0.3/1.5 MB
2026.05.20 22:55:15 INFO  Progress (1): 0.3/1.5 MB
2026.05.20 22:55:15 INFO  Progress (1): 0.3/1.5 MB
2026.05.20 22:55:15 INFO  Progress (1): 0.4/1.5 MB
2026.05.20 22:55:15 INFO  Progress (1): 0.4/1.5 MB
2026.05.20 22:55:15 INFO  Progress (1): 0.4/1.5 MB
2026.05.20 22:55:15 INFO  Progress (1): 0.4/1.5 MB
2026.05.20 22:55:15 INFO  Progress (1): 0.4/1.5 MB
2026.05.20 22:55:15 INFO  Progress (1): 0.4/1.5 MB
2026.05.20 22:55:15 INFO  Progress (1): 0.5/1.5 MB
2026.05.20 22:55:15 INFO  Progress (1): 0.5/1.5 MB
2026.05.20 22:55:15 INFO  Progress (1): 0.5/1.5 MB
2026.05.20 22:55:15 INFO  Progress (1): 0.5/1.5 MB
2026.05.20 22:55:15 INFO  Progress (1): 0.5/1.5 MB
2026.05.20 22:55:15 INFO  Progress (1): 0.5/1.5 MB
2026.05.20 22:55:15 INFO  Progress (1): 0.6/1.5 MB
2026.05.20 22:55:15 INFO  Progress (1): 0.6/1.5 MB
2026.05.20 22:55:15 INFO  Progress (1): 0.6/1.5 MB
2026.05.20 22:55:15 INFO  Progress (1): 0.6/1.5 MB
2026.05.20 22:55:15 INFO  Progress (1): 0.6/1.5 MB
2026.05.20 22:55:15 INFO  Progress (1): 0.6/1.5 MB
2026.05.20 22:55:15 INFO  Progress (1): 0.7/1.5 MB
2026.05.20 22:55:15 INFO  Progress (1): 0.7/1.5 MB
2026.05.20 22:55:15 INFO  Progress (1): 0.7/1.5 MB
2026.05.20 22:55:15 INFO  Progress (1): 0.7/1.5 MB
2026.05.20 22:55:15 INFO  Progress (1): 0.7/1.5 MB
2026.05.20 22:55:15 INFO  Progress (1): 0.7/1.5 MB
2026.05.20 22:55:15 INFO  Progress (1): 0.7/1.5 MB
2026.05.20 22:55:15 INFO  Progress (1): 0.8/1.5 MB
2026.05.20 22:55:15 INFO  Progress (1): 0.8/1.5 MB
2026.05.20 22:55:15 INFO  Progress (1): 0.8/1.5 MB
2026.05.20 22:55:15 INFO  Progress (1): 0.8/1.5 MB
2026.05.20 22:55:15 INFO  Progress (1): 0.8/1.5 MB
2026.05.20 22:55:15 INFO  Progress (1): 0.8/1.5 MB
2026.05.20 22:55:15 INFO  Progress (1): 0.9/1.5 MB
2026.05.20 22:55:15 INFO  Progress (1): 0.9/1.5 MB
2026.05.20 22:55:15 INFO  Progress (1): 0.9/1.5 MB
2026.05.20 22:55:15 INFO  Progress (1): 0.9/1.5 MB
2026.05.20 22:55:15 INFO  Progress (1): 0.9/1.5 MB
2026.05.20 22:55:15 INFO  Progress (1): 0.9/1.5 MB
2026.05.20 22:55:15 INFO  Progress (1): 1.0/1.5 MB
2026.05.20 22:55:15 INFO  Progress (1): 1.0/1.5 MB
2026.05.20 22:55:15 INFO  Progress (1): 1.0/1.5 MB
2026.05.20 22:55:15 INFO  Progress (1): 1.0/1.5 MB
2026.05.20 22:55:15 INFO  Progress (1): 1.0/1.5 MB
2026.05.20 22:55:15 INFO  Progress (1): 1.0/1.5 MB
2026.05.20 22:55:15 INFO  Progress (1): 1.1/1.5 MB
2026.05.20 22:55:15 INFO  Progress (1): 1.1/1.5 MB
2026.05.20 22:55:15 INFO  Progress (1): 1.1/1.5 MB
2026.05.20 22:55:15 INFO  Progress (1): 1.1/1.5 MB
2026.05.20 22:55:15 INFO  Progress (1): 1.1/1.5 MB
2026.05.20 22:55:15 INFO  Progress (1): 1.1/1.5 MB
2026.05.20 22:55:15 INFO  Progress (1): 1.2/1.5 MB
2026.05.20 22:55:15 INFO  Progress (1): 1.2/1.5 MB
2026.05.20 22:55:15 INFO  Progress (1): 1.2/1.5 MB
2026.05.20 22:55:15 INFO  Progress (1): 1.2/1.5 MB
2026.05.20 22:55:15 INFO  Progress (1): 1.2/1.5 MB
2026.05.20 22:55:15 INFO  Progress (1): 1.2/1.5 MB
2026.05.20 22:55:15 INFO  Progress (1): 1.2/1.5 MB
2026.05.20 22:55:15 INFO  Progress (1): 1.3/1.5 MB
2026.05.20 22:55:15 INFO  Progress (1): 1.3/1.5 MB
2026.05.20 22:55:15 INFO  Progress (1): 1.3/1.5 MB
2026.05.20 22:55:15 INFO  Progress (1): 1.3/1.5 MB
2026.05.20 22:55:15 INFO  Progress (1): 1.3/1.5 MB
2026.05.20 22:55:15 INFO  Progress (1): 1.3/1.5 MB
2026.05.20 22:55:15 INFO  Progress (1): 1.4/1.5 MB
2026.05.20 22:55:15 INFO  Progress (1): 1.4/1.5 MB
2026.05.20 22:55:15 INFO  Progress (1): 1.4/1.5 MB
2026.05.20 22:55:15 INFO  Progress (1): 1.4/1.5 MB
2026.05.20 22:55:15 INFO  Progress (1): 1.4/1.5 MB
2026.05.20 22:55:15 INFO  Progress (1): 1.4/1.5 MB
2026.05.20 22:55:15 INFO  Progress (1): 1.5/1.5 MB
2026.05.20 22:55:15 INFO  Progress (1): 1.5/1.5 MB
2026.05.20 22:55:15 INFO  Progress (1): 1.5/1.5 MB
2026.05.20 22:55:15 INFO  Progress (1): 1.5 MB    
2026.05.20 22:55:15 INFO                      
2026.05.20 22:55:15 INFO  Downloaded from central: https://repo.maven.apache.org/maven2/org/springframework/spring-core/7.0.6/spring-core-7.0.6-sources.jar (1.5 MB at 29 MB/s)
2026.05.20 22:55:15 INFO  [INFO] SUCCESS: org.springframework:spring-core:jar:7.0.6:compile (sources = true)
2026.05.20 22:55:15 INFO  [INFO] Resolving artifact: org.hibernate.models:hibernate-models:jar:1.0.1:runtime (sources = false)
2026.05.20 22:55:15 INFO  no build target found for /home/doomish/Documentos/BoardRoot_WebApp/backend/src/main/java/com/vlladislavii/boardroot/dto/AuthResponse.java. Using fallback presentation compiler.
2026.05.20 22:55:15 INFO  [INFO] SUCCESS: org.hibernate.models:hibernate-models:jar:1.0.1:runtime (sources = false)
2026.05.20 22:55:15 INFO  [INFO] Resolving artifact: org.hibernate.models:hibernate-models:jar:1.0.1:runtime (sources = true)
2026.05.20 22:55:15 INFO  Downloading from central: https://repo.maven.apache.org/maven2/org/hibernate/models/hibernate-models/1.0.1/hibernate-models-1.0.1-sources.jar
2026.05.20 22:55:15 INFO  Progress (1): 7.7/134 kB
2026.05.20 22:55:15 INFO  Progress (1): 12/134 kB 
2026.05.20 22:55:15 INFO  Progress (1): 29/134 kB
2026.05.20 22:55:15 INFO  Progress (1): 45/134 kB
2026.05.20 22:55:15 INFO  Progress (1): 61/134 kB
2026.05.20 22:55:15 INFO  Progress (1): 78/134 kB
2026.05.20 22:55:15 INFO  Progress (1): 94/134 kB
2026.05.20 22:55:15 INFO  Progress (1): 111/134 kB
2026.05.20 22:55:15 INFO  Progress (1): 127/134 kB
2026.05.20 22:55:15 INFO  Progress (1): 134 kB    
2026.05.20 22:55:15 INFO                      
2026.05.20 22:55:15 INFO  Downloaded from central: https://repo.maven.apache.org/maven2/org/hibernate/models/hibernate-models/1.0.1/hibernate-models-1.0.1-sources.jar (134 kB at 4.6 MB/s)
2026.05.20 22:55:15 INFO  [INFO] SUCCESS: org.hibernate.models:hibernate-models:jar:1.0.1:runtime (sources = true)
2026.05.20 22:55:15 INFO  [INFO] Resolving artifact: org.springframework.security:spring-security-web:jar:7.0.4:compile (sources = false)
2026.05.20 22:55:15 INFO  [INFO] SUCCESS: org.springframework.security:spring-security-web:jar:7.0.4:compile (sources = false)
2026.05.20 22:55:15 INFO  [INFO] Resolving artifact: org.springframework.security:spring-security-web:jar:7.0.4:compile (sources = true)
2026.05.20 22:55:15 INFO  Downloading from central: https://repo.maven.apache.org/maven2/org/springframework/security/spring-security-web/7.0.4/spring-security-web-7.0.4-sources.jar
2026.05.20 22:55:15 INFO  Progress (1): 7.7/759 kB
2026.05.20 22:55:15 INFO  Progress (1): 16/759 kB 
2026.05.20 22:55:15 INFO  Progress (1): 29/759 kB
2026.05.20 22:55:15 INFO  Progress (1): 45/759 kB
2026.05.20 22:55:15 INFO  Progress (1): 61/759 kB
2026.05.20 22:55:15 INFO  Progress (1): 78/759 kB
2026.05.20 22:55:15 INFO  Progress (1): 94/759 kB
2026.05.20 22:55:15 INFO  Progress (1): 111/759 kB
2026.05.20 22:55:15 INFO  Progress (1): 127/759 kB
2026.05.20 22:55:15 INFO  Progress (1): 143/759 kB
2026.05.20 22:55:15 INFO  Progress (1): 160/759 kB
2026.05.20 22:55:15 INFO  Progress (1): 176/759 kB
2026.05.20 22:55:15 INFO  Progress (1): 193/759 kB
2026.05.20 22:55:15 INFO  Progress (1): 209/759 kB
2026.05.20 22:55:15 INFO  Progress (1): 225/759 kB
2026.05.20 22:55:15 INFO  Progress (1): 242/759 kB
2026.05.20 22:55:15 INFO  Progress (1): 258/759 kB
2026.05.20 22:55:15 INFO  Progress (1): 274/759 kB
2026.05.20 22:55:15 INFO  Progress (1): 291/759 kB
2026.05.20 22:55:15 INFO  Progress (1): 307/759 kB
2026.05.20 22:55:15 INFO  Progress (1): 324/759 kB
2026.05.20 22:55:15 INFO  Progress (1): 340/759 kB
2026.05.20 22:55:15 INFO  Progress (1): 356/759 kB
2026.05.20 22:55:15 INFO  Progress (1): 364/759 kB
2026.05.20 22:55:15 INFO  Progress (1): 381/759 kB
2026.05.20 22:55:15 INFO  Progress (1): 397/759 kB
2026.05.20 22:55:15 INFO  Progress (1): 413/759 kB
2026.05.20 22:55:15 INFO  Progress (1): 430/759 kB
2026.05.20 22:55:15 INFO  Progress (1): 446/759 kB
2026.05.20 22:55:15 INFO  Progress (1): 463/759 kB
2026.05.20 22:55:15 INFO  Progress (1): 479/759 kB
2026.05.20 22:55:15 INFO  Progress (1): 495/759 kB
2026.05.20 22:55:15 INFO  Progress (1): 512/759 kB
2026.05.20 22:55:15 INFO  Progress (1): 528/759 kB
2026.05.20 22:55:15 INFO  Progress (1): 544/759 kB
2026.05.20 22:55:15 INFO  Progress (1): 561/759 kB
2026.05.20 22:55:15 INFO  Progress (1): 577/759 kB
2026.05.20 22:55:15 INFO  Progress (1): 594/759 kB
2026.05.20 22:55:15 INFO  Progress (1): 610/759 kB
2026.05.20 22:55:15 INFO  Progress (1): 626/759 kB
2026.05.20 22:55:15 INFO  Progress (1): 643/759 kB
2026.05.20 22:55:15 INFO  Progress (1): 659/759 kB
2026.05.20 22:55:15 INFO  Progress (1): 676/759 kB
2026.05.20 22:55:15 INFO  Progress (1): 692/759 kB
2026.05.20 22:55:15 INFO  Progress (1): 708/759 kB
2026.05.20 22:55:15 INFO  Progress (1): 725/759 kB
2026.05.20 22:55:15 INFO  Progress (1): 741/759 kB
2026.05.20 22:55:15 INFO  Progress (1): 757/759 kB
2026.05.20 22:55:15 INFO  Progress (1): 759 kB    
2026.05.20 22:55:15 INFO                      
2026.05.20 22:55:15 INFO  Downloaded from central: https://repo.maven.apache.org/maven2/org/springframework/security/spring-security-web/7.0.4/spring-security-web-7.0.4-sources.jar (759 kB at 16 MB/s)
2026.05.20 22:55:15 INFO  [INFO] SUCCESS: org.springframework.security:spring-security-web:jar:7.0.4:compile (sources = true)
2026.05.20 22:55:15 INFO  [INFO] Resolving artifact: org.ow2.asm:asm:jar:9.7.1:test (sources = false)
2026.05.20 22:55:15 INFO  [INFO] SUCCESS: org.ow2.asm:asm:jar:9.7.1:test (sources = false)
2026.05.20 22:55:15 INFO  [INFO] Resolving artifact: org.ow2.asm:asm:jar:9.7.1:test (sources = true)
2026.05.20 22:55:15 INFO  Downloading from central: https://repo.maven.apache.org/maven2/org/ow2/asm/asm/9.7.1/asm-9.7.1-sources.jar
2026.05.20 22:55:15 INFO  Progress (1): 7.7/185 kB
2026.05.20 22:55:15 INFO  Progress (1): 15/185 kB 
2026.05.20 22:55:15 INFO  Progress (1): 32/185 kB
2026.05.20 22:55:15 INFO  Progress (1): 48/185 kB
2026.05.20 22:55:15 INFO  Progress (1): 65/185 kB
2026.05.20 22:55:15 INFO  Progress (1): 81/185 kB
2026.05.20 22:55:15 INFO  Progress (1): 97/185 kB
2026.05.20 22:55:15 INFO  Progress (1): 114/185 kB
2026.05.20 22:55:15 INFO  Progress (1): 130/185 kB
2026.05.20 22:55:15 INFO  Progress (1): 147/185 kB
2026.05.20 22:55:15 INFO  Progress (1): 163/185 kB
2026.05.20 22:55:15 INFO  Progress (1): 179/185 kB
2026.05.20 22:55:15 INFO  Progress (1): 185 kB    
2026.05.20 22:55:15 INFO                      
2026.05.20 22:55:15 INFO  Downloaded from central: https://repo.maven.apache.org/maven2/org/ow2/asm/asm/9.7.1/asm-9.7.1-sources.jar (185 kB at 7.1 MB/s)
2026.05.20 22:55:15 INFO  [INFO] SUCCESS: org.ow2.asm:asm:jar:9.7.1:test (sources = true)
2026.05.20 22:55:15 INFO  [INFO] Resolving artifact: org.springframework.boot:spring-boot-test-autoconfigure:jar:4.0.5:test (sources = false)
2026.05.20 22:55:15 INFO  [INFO] SUCCESS: org.springframework.boot:spring-boot-test-autoconfigure:jar:4.0.5:test (sources = false)
2026.05.20 22:55:15 INFO  [INFO] Resolving artifact: org.springframework.boot:spring-boot-test-autoconfigure:jar:4.0.5:test (sources = true)
2026.05.20 22:55:15 INFO  Downloading from central: https://repo.maven.apache.org/maven2/org/springframework/boot/spring-boot-test-autoconfigure/4.0.5/spring-boot-test-autoconfigure-4.0.5-sources.jar
2026.05.20 22:55:15 INFO  Progress (1): 7.7/25 kB
2026.05.20 22:55:15 INFO  Progress (1): 12/25 kB 
2026.05.20 22:55:15 INFO  Progress (1): 25 kB   
2026.05.20 22:55:15 INFO                     
2026.05.20 22:55:15 INFO  Downloaded from central: https://repo.maven.apache.org/maven2/org/springframework/boot/spring-boot-test-autoconfigure/4.0.5/spring-boot-test-autoconfigure-4.0.5-sources.jar (25 kB at 1.0 MB/s)
2026.05.20 22:55:15 INFO  [INFO] SUCCESS: org.springframework.boot:spring-boot-test-autoconfigure:jar:4.0.5:test (sources = true)
2026.05.20 22:55:15 INFO  [INFO] Resolving artifact: org.springframework:spring-jdbc:jar:7.0.6:compile (sources = false)
2026.05.20 22:55:15 INFO  [INFO] SUCCESS: org.springframework:spring-jdbc:jar:7.0.6:compile (sources = false)
2026.05.20 22:55:15 INFO  [INFO] Resolving artifact: org.springframework:spring-jdbc:jar:7.0.6:compile (sources = true)
2026.05.20 22:55:15 INFO  Downloading from central: https://repo.maven.apache.org/maven2/org/springframework/spring-jdbc/7.0.6/spring-jdbc-7.0.6-sources.jar
2026.05.20 22:55:15 INFO  Progress (1): 7.7/464 kB
2026.05.20 22:55:15 INFO  Progress (1): 16/464 kB 
2026.05.20 22:55:15 INFO  Progress (1): 25/464 kB
2026.05.20 22:55:15 INFO  Progress (1): 41/464 kB
2026.05.20 22:55:15 INFO  Progress (1): 57/464 kB
2026.05.20 22:55:15 INFO  Progress (1): 74/464 kB
2026.05.20 22:55:15 INFO  Progress (1): 90/464 kB
2026.05.20 22:55:15 INFO  Progress (1): 106/464 kB
2026.05.20 22:55:15 INFO  Progress (1): 123/464 kB
2026.05.20 22:55:15 INFO  Progress (1): 139/464 kB
2026.05.20 22:55:15 INFO  Progress (1): 156/464 kB
2026.05.20 22:55:15 INFO  Progress (1): 172/464 kB
2026.05.20 22:55:15 INFO  Progress (1): 188/464 kB
2026.05.20 22:55:15 INFO  Progress (1): 205/464 kB
2026.05.20 22:55:15 INFO  Progress (1): 221/464 kB
2026.05.20 22:55:15 INFO  Progress (1): 238/464 kB
2026.05.20 22:55:15 INFO  Progress (1): 254/464 kB
2026.05.20 22:55:15 INFO  Progress (1): 270/464 kB
2026.05.20 22:55:15 INFO  Progress (1): 287/464 kB
2026.05.20 22:55:15 INFO  Progress (1): 303/464 kB
2026.05.20 22:55:15 INFO  Progress (1): 319/464 kB
2026.05.20 22:55:15 INFO  Progress (1): 336/464 kB
2026.05.20 22:55:15 INFO  Progress (1): 352/464 kB
2026.05.20 22:55:15 INFO  Progress (1): 369/464 kB
2026.05.20 22:55:15 INFO  Progress (1): 385/464 kB
2026.05.20 22:55:15 INFO  Progress (1): 393/464 kB
2026.05.20 22:55:15 INFO  Progress (1): 410/464 kB
2026.05.20 22:55:15 INFO  Progress (1): 426/464 kB
2026.05.20 22:55:15 INFO  Progress (1): 442/464 kB
2026.05.20 22:55:15 INFO  Progress (1): 459/464 kB
2026.05.20 22:55:15 INFO  Progress (1): 464 kB    
2026.05.20 22:55:15 INFO                      
2026.05.20 22:55:15 INFO  Downloaded from central: https://repo.maven.apache.org/maven2/org/springframework/spring-jdbc/7.0.6/spring-jdbc-7.0.6-sources.jar (464 kB at 15 MB/s)
2026.05.20 22:55:15 INFO  [INFO] SUCCESS: org.springframework:spring-jdbc:jar:7.0.6:compile (sources = true)
2026.05.20 22:55:15 INFO  [INFO] Resolving artifact: org.springframework.boot:spring-boot-resttestclient:jar:4.0.5:test (sources = false)
2026.05.20 22:55:15 INFO  [INFO] SUCCESS: org.springframework.boot:spring-boot-resttestclient:jar:4.0.5:test (sources = false)
2026.05.20 22:55:15 INFO  [INFO] Resolving artifact: org.springframework.boot:spring-boot-resttestclient:jar:4.0.5:test (sources = true)
2026.05.20 22:55:15 INFO  Downloading from central: https://repo.maven.apache.org/maven2/org/springframework/boot/spring-boot-resttestclient/4.0.5/spring-boot-resttestclient-4.0.5-sources.jar
2026.05.20 22:55:15 INFO  Progress (1): 7.7/22 kB
2026.05.20 22:55:15 INFO  Progress (1): 16/22 kB 
2026.05.20 22:55:15 INFO  Progress (1): 22 kB   
2026.05.20 22:55:15 INFO                     
2026.05.20 22:55:15 INFO  Downloaded from central: https://repo.maven.apache.org/maven2/org/springframework/boot/spring-boot-resttestclient/4.0.5/spring-boot-resttestclient-4.0.5-sources.jar (22 kB at 889 kB/s)
2026.05.20 22:55:15 INFO  [INFO] SUCCESS: org.springframework.boot:spring-boot-resttestclient:jar:4.0.5:test (sources = true)
2026.05.20 22:55:15 INFO  [INFO] Resolving artifact: org.apache.tomcat.embed:tomcat-embed-websocket:jar:11.0.20:compile (sources = false)
2026.05.20 22:55:15 INFO  [INFO] SUCCESS: org.apache.tomcat.embed:tomcat-embed-websocket:jar:11.0.20:compile (sources = false)
2026.05.20 22:55:15 INFO  [INFO] Resolving artifact: org.apache.tomcat.embed:tomcat-embed-websocket:jar:11.0.20:compile (sources = true)
2026.05.20 22:55:15 INFO  Downloading from central: https://repo.maven.apache.org/maven2/org/apache/tomcat/embed/tomcat-embed-websocket/11.0.20/tomcat-embed-websocket-11.0.20-sources.jar
2026.05.20 22:55:15 INFO  Progress (1): 7.7/250 kB
2026.05.20 22:55:15 INFO  Progress (1): 16/250 kB 
2026.05.20 22:55:15 INFO  Progress (1): 32/250 kB
2026.05.20 22:55:15 INFO  Progress (1): 49/250 kB
2026.05.20 22:55:15 INFO  Progress (1): 65/250 kB
2026.05.20 22:55:15 INFO  Progress (1): 81/250 kB
2026.05.20 22:55:15 INFO  Progress (1): 98/250 kB
2026.05.20 22:55:15 INFO  Progress (1): 114/250 kB
2026.05.20 22:55:15 INFO  Progress (1): 131/250 kB
2026.05.20 22:55:15 INFO  Progress (1): 147/250 kB
2026.05.20 22:55:15 INFO  Progress (1): 163/250 kB
2026.05.20 22:55:15 INFO  Progress (1): 180/250 kB
2026.05.20 22:55:15 INFO  Progress (1): 196/250 kB
2026.05.20 22:55:15 INFO  Progress (1): 212/250 kB
2026.05.20 22:55:15 INFO  Progress (1): 229/250 kB
2026.05.20 22:55:15 INFO  Progress (1): 237/250 kB
2026.05.20 22:55:15 INFO  Progress (1): 250 kB    
2026.05.20 22:55:15 INFO                      
2026.05.20 22:55:15 INFO  Downloaded from central: https://repo.maven.apache.org/maven2/org/apache/tomcat/embed/tomcat-embed-websocket/11.0.20/tomcat-embed-websocket-11.0.20-sources.jar (250 kB at 6.8 MB/s)
2026.05.20 22:55:15 INFO  [INFO] SUCCESS: org.apache.tomcat.embed:tomcat-embed-websocket:jar:11.0.20:compile (sources = true)
2026.05.20 22:55:15 INFO  [INFO] Resolving artifact: commons-logging:commons-logging:jar:1.3.6:compile (sources = false)
2026.05.20 22:55:15 INFO  [INFO] SUCCESS: commons-logging:commons-logging:jar:1.3.6:compile (sources = false)
2026.05.20 22:55:15 INFO  [INFO] Resolving artifact: commons-logging:commons-logging:jar:1.3.6:compile (sources = true)
2026.05.20 22:55:15 INFO  Downloading from central: https://repo.maven.apache.org/maven2/commons-logging/commons-logging/1.3.6/commons-logging-1.3.6-sources.jar
2026.05.20 22:55:15 INFO  Progress (1): 4.1/83 kB
2026.05.20 22:55:15 INFO  Progress (1): 20/83 kB 
2026.05.20 22:55:15 INFO  Progress (1): 37/83 kB
2026.05.20 22:55:15 INFO  Progress (1): 53/83 kB
2026.05.20 22:55:15 INFO  Progress (1): 70/83 kB
2026.05.20 22:55:15 INFO  Progress (1): 83 kB   
2026.05.20 22:55:15 INFO                     
2026.05.20 22:55:15 INFO  Downloaded from central: https://repo.maven.apache.org/maven2/commons-logging/commons-logging/1.3.6/commons-logging-1.3.6-sources.jar (83 kB at 2.7 MB/s)
2026.05.20 22:55:15 INFO  [INFO] SUCCESS: commons-logging:commons-logging:jar:1.3.6:compile (sources = true)
2026.05.20 22:55:15 INFO  [INFO] Resolving artifact: org.springframework.boot:spring-boot-starter-webmvc-test:jar:4.0.5:test (sources = false)
2026.05.20 22:55:15 INFO  [INFO] SUCCESS: org.springframework.boot:spring-boot-starter-webmvc-test:jar:4.0.5:test (sources = false)
2026.05.20 22:55:15 INFO  [INFO] Resolving artifact: org.springframework.boot:spring-boot-starter-webmvc-test:jar:4.0.5:test (sources = true)
2026.05.20 22:55:15 INFO  Downloading from central: https://repo.maven.apache.org/maven2/org/springframework/boot/spring-boot-starter-webmvc-test/4.0.5/spring-boot-starter-webmvc-test-4.0.5-sources.jar
2026.05.20 22:55:15 INFO  Progress (1): 4.8 kB
2026.05.20 22:55:15 INFO                      
2026.05.20 22:55:15 INFO  Downloaded from central: https://repo.maven.apache.org/maven2/org/springframework/boot/spring-boot-starter-webmvc-test/4.0.5/spring-boot-starter-webmvc-test-4.0.5-sources.jar (4.8 kB at 198 kB/s)
2026.05.20 22:55:15 INFO  [INFO] SUCCESS: org.springframework.boot:spring-boot-starter-webmvc-test:jar:4.0.5:test (sources = true)
2026.05.20 22:55:15 INFO  [INFO] Resolving artifact: org.springframework.boot:spring-boot-http-converter:jar:4.0.5:compile (sources = false)
2026.05.20 22:55:15 INFO  [INFO] SUCCESS: org.springframework.boot:spring-boot-http-converter:jar:4.0.5:compile (sources = false)
2026.05.20 22:55:15 INFO  [INFO] Resolving artifact: org.springframework.boot:spring-boot-http-converter:jar:4.0.5:compile (sources = true)
2026.05.20 22:55:15 INFO  Downloading from central: https://repo.maven.apache.org/maven2/org/springframework/boot/spring-boot-http-converter/4.0.5/spring-boot-http-converter-4.0.5-sources.jar
2026.05.20 22:55:15 INFO  Progress (1): 4.1/25 kB
2026.05.20 22:55:15 INFO  Progress (1): 20/25 kB 
2026.05.20 22:55:15 INFO  Progress (1): 25 kB   
2026.05.20 22:55:15 INFO                     
2026.05.20 22:55:15 INFO  Downloaded from central: https://repo.maven.apache.org/maven2/org/springframework/boot/spring-boot-http-converter/4.0.5/spring-boot-http-converter-4.0.5-sources.jar (25 kB at 894 kB/s)
2026.05.20 22:55:15 INFO  [INFO] SUCCESS: org.springframework.boot:spring-boot-http-converter:jar:4.0.5:compile (sources = true)
2026.05.20 22:55:15 INFO  [INFO] Resolving artifact: org.springframework.boot:spring-boot-data-commons:jar:4.0.5:compile (sources = false)
2026.05.20 22:55:15 INFO  [INFO] SUCCESS: org.springframework.boot:spring-boot-data-commons:jar:4.0.5:compile (sources = false)
2026.05.20 22:55:15 INFO  [INFO] Resolving artifact: org.springframework.boot:spring-boot-data-commons:jar:4.0.5:compile (sources = true)
2026.05.20 22:55:15 INFO  Downloading from central: https://repo.maven.apache.org/maven2/org/springframework/boot/spring-boot-data-commons/4.0.5/spring-boot-data-commons-4.0.5-sources.jar
2026.05.20 22:55:15 INFO  Progress (1): 7.7/23 kB
2026.05.20 22:55:15 INFO  Progress (1): 12/23 kB 
2026.05.20 22:55:15 INFO  Progress (1): 23 kB   
2026.05.20 22:55:15 INFO                     
2026.05.20 22:55:15 INFO  Downloaded from central: https://repo.maven.apache.org/maven2/org/springframework/boot/spring-boot-data-commons/4.0.5/spring-boot-data-commons-4.0.5-sources.jar (23 kB at 847 kB/s)
2026.05.20 22:55:15 INFO  [INFO] SUCCESS: org.springframework.boot:spring-boot-data-commons:jar:4.0.5:compile (sources = true)
2026.05.20 22:55:15 INFO  [INFO] Resolving artifact: org.apache.tomcat.embed:tomcat-embed-core:jar:11.0.20:compile (sources = false)
2026.05.20 22:55:15 INFO  [INFO] SUCCESS: org.apache.tomcat.embed:tomcat-embed-core:jar:11.0.20:compile (sources = false)
2026.05.20 22:55:15 INFO  [INFO] Resolving artifact: org.apache.tomcat.embed:tomcat-embed-core:jar:11.0.20:compile (sources = true)
2026.05.20 22:55:15 INFO  Downloading from central: https://repo.maven.apache.org/maven2/org/apache/tomcat/embed/tomcat-embed-core/11.0.20/tomcat-embed-core-11.0.20-sources.jar
2026.05.20 22:55:15 INFO  Progress (1): 0/3.7 MB
2026.05.20 22:55:15 INFO  Progress (1): 0/3.7 MB
2026.05.20 22:55:15 INFO  Progress (1): 0/3.7 MB
2026.05.20 22:55:15 INFO  Progress (1): 0/3.7 MB
2026.05.20 22:55:15 INFO  Progress (1): 0.1/3.7 MB
2026.05.20 22:55:15 INFO  Progress (1): 0.1/3.7 MB
2026.05.20 22:55:15 INFO  Progress (1): 0.1/3.7 MB
2026.05.20 22:55:15 INFO  Progress (1): 0.1/3.7 MB
2026.05.20 22:55:15 INFO  Progress (1): 0.1/3.7 MB
2026.05.20 22:55:15 INFO  Progress (1): 0.1/3.7 MB
2026.05.20 22:55:15 INFO  Progress (1): 0.1/3.7 MB
2026.05.20 22:55:15 INFO  Progress (1): 0.2/3.7 MB
2026.05.20 22:55:15 INFO  Progress (1): 0.2/3.7 MB
2026.05.20 22:55:15 INFO  Progress (1): 0.2/3.7 MB
2026.05.20 22:55:15 INFO  Progress (1): 0.2/3.7 MB
2026.05.20 22:55:15 INFO  Progress (1): 0.2/3.7 MB
2026.05.20 22:55:15 INFO  Progress (1): 0.2/3.7 MB
2026.05.20 22:55:15 INFO  Progress (1): 0.3/3.7 MB
2026.05.20 22:55:15 INFO  Progress (1): 0.3/3.7 MB
2026.05.20 22:55:15 INFO  Progress (1): 0.3/3.7 MB
2026.05.20 22:55:15 INFO  Progress (1): 0.3/3.7 MB
2026.05.20 22:55:15 INFO  Progress (1): 0.3/3.7 MB
2026.05.20 22:55:15 INFO  Progress (1): 0.3/3.7 MB
2026.05.20 22:55:15 INFO  Progress (1): 0.4/3.7 MB
2026.05.20 22:55:15 INFO  Progress (1): 0.4/3.7 MB
2026.05.20 22:55:15 INFO  Progress (1): 0.4/3.7 MB
2026.05.20 22:55:15 INFO  Progress (1): 0.4/3.7 MB
2026.05.20 22:55:15 INFO  Progress (1): 0.4/3.7 MB
2026.05.20 22:55:15 INFO  Progress (1): 0.4/3.7 MB
2026.05.20 22:55:15 INFO  Progress (1): 0.5/3.7 MB
2026.05.20 22:55:15 INFO  Progress (1): 0.5/3.7 MB
2026.05.20 22:55:15 INFO  Progress (1): 0.5/3.7 MB
2026.05.20 22:55:15 INFO  Progress (1): 0.5/3.7 MB
2026.05.20 22:55:15 INFO  Progress (1): 0.5/3.7 MB
2026.05.20 22:55:15 INFO  Progress (1): 0.5/3.7 MB
2026.05.20 22:55:15 INFO  Progress (1): 0.6/3.7 MB
2026.05.20 22:55:15 INFO  Progress (1): 0.6/3.7 MB
2026.05.20 22:55:15 INFO  Progress (1): 0.6/3.7 MB
2026.05.20 22:55:15 INFO  Progress (1): 0.6/3.7 MB
2026.05.20 22:55:15 INFO  Progress (1): 0.6/3.7 MB
2026.05.20 22:55:15 INFO  Progress (1): 0.6/3.7 MB
2026.05.20 22:55:15 INFO  Progress (1): 0.7/3.7 MB
2026.05.20 22:55:15 INFO  Progress (1): 0.7/3.7 MB
2026.05.20 22:55:15 INFO  Progress (1): 0.7/3.7 MB
2026.05.20 22:55:15 INFO  Progress (1): 0.7/3.7 MB
2026.05.20 22:55:15 INFO  Progress (1): 0.7/3.7 MB
2026.05.20 22:55:15 INFO  Progress (1): 0.7/3.7 MB
2026.05.20 22:55:15 INFO  Progress (1): 0.8/3.7 MB
2026.05.20 22:55:15 INFO  Progress (1): 0.8/3.7 MB
2026.05.20 22:55:15 INFO  Progress (1): 0.8/3.7 MB
2026.05.20 22:55:15 INFO  Progress (1): 0.8/3.7 MB
2026.05.20 22:55:15 INFO  Progress (1): 0.8/3.7 MB
2026.05.20 22:55:15 INFO  Progress (1): 0.8/3.7 MB
2026.05.20 22:55:15 INFO  Progress (1): 0.9/3.7 MB
2026.05.20 22:55:15 INFO  Progress (1): 0.9/3.7 MB
2026.05.20 22:55:15 INFO  Progress (1): 0.9/3.7 MB
2026.05.20 22:55:15 INFO  Progress (1): 0.9/3.7 MB
2026.05.20 22:55:15 INFO  Progress (1): 0.9/3.7 MB
2026.05.20 22:55:15 INFO  Progress (1): 0.9/3.7 MB
2026.05.20 22:55:16 INFO  Progress (1): 1.0/3.7 MB
2026.05.20 22:55:16 INFO  Progress (1): 1.0/3.7 MB
2026.05.20 22:55:16 INFO  Progress (1): 1.0/3.7 MB
2026.05.20 22:55:16 INFO  Progress (1): 1.0/3.7 MB
2026.05.20 22:55:16 INFO  Progress (1): 1.0/3.7 MB
2026.05.20 22:55:16 INFO  Progress (1): 1.0/3.7 MB
2026.05.20 22:55:16 INFO  Progress (1): 1.0/3.7 MB
2026.05.20 22:55:16 INFO  Progress (1): 1.1/3.7 MB
2026.05.20 22:55:16 INFO  Progress (1): 1.1/3.7 MB
2026.05.20 22:55:16 INFO  Progress (1): 1.1/3.7 MB
2026.05.20 22:55:16 INFO  Progress (1): 1.1/3.7 MB
2026.05.20 22:55:16 INFO  Progress (1): 1.1/3.7 MB
2026.05.20 22:55:16 INFO  Progress (1): 1.1/3.7 MB
2026.05.20 22:55:16 INFO  Progress (1): 1.2/3.7 MB
2026.05.20 22:55:16 INFO  Progress (1): 1.2/3.7 MB
2026.05.20 22:55:16 INFO  Progress (1): 1.2/3.7 MB
2026.05.20 22:55:16 INFO  Progress (1): 1.2/3.7 MB
2026.05.20 22:55:16 INFO  Progress (1): 1.2/3.7 MB
2026.05.20 22:55:16 INFO  Progress (1): 1.2/3.7 MB
2026.05.20 22:55:16 INFO  Progress (1): 1.2/3.7 MB
2026.05.20 22:55:16 INFO  Progress (1): 1.3/3.7 MB
2026.05.20 22:55:16 INFO  Progress (1): 1.3/3.7 MB
2026.05.20 22:55:16 INFO  Progress (1): 1.3/3.7 MB
2026.05.20 22:55:16 INFO  Progress (1): 1.3/3.7 MB
2026.05.20 22:55:16 INFO  Progress (1): 1.3/3.7 MB
2026.05.20 22:55:16 INFO  Progress (1): 1.3/3.7 MB
2026.05.20 22:55:16 INFO  Progress (1): 1.4/3.7 MB
2026.05.20 22:55:16 INFO  Progress (1): 1.4/3.7 MB
2026.05.20 22:55:16 INFO  Progress (1): 1.4/3.7 MB
2026.05.20 22:55:16 INFO  Progress (1): 1.4/3.7 MB
2026.05.20 22:55:16 INFO  Progress (1): 1.4/3.7 MB
2026.05.20 22:55:16 INFO  Progress (1): 1.4/3.7 MB
2026.05.20 22:55:16 INFO  Progress (1): 1.5/3.7 MB
2026.05.20 22:55:16 INFO  Progress (1): 1.5/3.7 MB
2026.05.20 22:55:16 INFO  Progress (1): 1.5/3.7 MB
2026.05.20 22:55:16 INFO  Progress (1): 1.5/3.7 MB
2026.05.20 22:55:16 INFO  Progress (1): 1.5/3.7 MB
2026.05.20 22:55:16 INFO  Progress (1): 1.5/3.7 MB
2026.05.20 22:55:16 INFO  Progress (1): 1.6/3.7 MB
2026.05.20 22:55:16 INFO  Progress (1): 1.6/3.7 MB
2026.05.20 22:55:16 INFO  Progress (1): 1.6/3.7 MB
2026.05.20 22:55:16 INFO  Progress (1): 1.6/3.7 MB
2026.05.20 22:55:16 INFO  Progress (1): 1.6/3.7 MB
2026.05.20 22:55:16 INFO  Progress (1): 1.6/3.7 MB
2026.05.20 22:55:16 INFO  Progress (1): 1.7/3.7 MB
2026.05.20 22:55:16 INFO  Progress (1): 1.7/3.7 MB
2026.05.20 22:55:16 INFO  Progress (1): 1.7/3.7 MB
2026.05.20 22:55:16 INFO  Progress (1): 1.7/3.7 MB
2026.05.20 22:55:16 INFO  Progress (1): 1.7/3.7 MB
2026.05.20 22:55:16 INFO  Progress (1): 1.7/3.7 MB
2026.05.20 22:55:16 INFO  Progress (1): 1.8/3.7 MB
2026.05.20 22:55:16 INFO  Progress (1): 1.8/3.7 MB
2026.05.20 22:55:16 INFO  Progress (1): 1.8/3.7 MB
2026.05.20 22:55:16 INFO  Progress (1): 1.8/3.7 MB
2026.05.20 22:55:16 INFO  Progress (1): 1.8/3.7 MB
2026.05.20 22:55:16 INFO  Progress (1): 1.8/3.7 MB
2026.05.20 22:55:16 INFO  Progress (1): 1.8/3.7 MB
2026.05.20 22:55:16 INFO  Progress (1): 1.9/3.7 MB
2026.05.20 22:55:16 INFO  Progress (1): 1.9/3.7 MB
2026.05.20 22:55:16 INFO  Progress (1): 1.9/3.7 MB
2026.05.20 22:55:16 INFO  Progress (1): 1.9/3.7 MB
2026.05.20 22:55:16 INFO  Progress (1): 1.9/3.7 MB
2026.05.20 22:55:16 INFO  Progress (1): 1.9/3.7 MB
2026.05.20 22:55:16 INFO  Progress (1): 2.0/3.7 MB
2026.05.20 22:55:16 INFO  Progress (1): 2.0/3.7 MB
2026.05.20 22:55:16 INFO  Progress (1): 2.0/3.7 MB
2026.05.20 22:55:16 INFO  Progress (1): 2.0/3.7 MB
2026.05.20 22:55:16 INFO  Progress (1): 2.0/3.7 MB
2026.05.20 22:55:16 INFO  Progress (1): 2.0/3.7 MB
2026.05.20 22:55:16 INFO  Progress (1): 2.1/3.7 MB
2026.05.20 22:55:16 INFO  Progress (1): 2.1/3.7 MB
2026.05.20 22:55:16 INFO  Progress (1): 2.1/3.7 MB
2026.05.20 22:55:16 INFO  Progress (1): 2.1/3.7 MB
2026.05.20 22:55:16 INFO  Progress (1): 2.1/3.7 MB
2026.05.20 22:55:16 INFO  Progress (1): 2.1/3.7 MB
2026.05.20 22:55:16 INFO  Progress (1): 2.2/3.7 MB
2026.05.20 22:55:16 INFO  Progress (1): 2.2/3.7 MB
2026.05.20 22:55:16 INFO  Progress (1): 2.2/3.7 MB
2026.05.20 22:55:16 INFO  Progress (1): 2.2/3.7 MB
2026.05.20 22:55:16 INFO  Progress (1): 2.2/3.7 MB
2026.05.20 22:55:16 INFO  Progress (1): 2.2/3.7 MB
2026.05.20 22:55:16 INFO  Progress (1): 2.3/3.7 MB
2026.05.20 22:55:16 INFO  Progress (1): 2.3/3.7 MB
2026.05.20 22:55:16 INFO  Progress (1): 2.3/3.7 MB
2026.05.20 22:55:16 INFO  Progress (1): 2.3/3.7 MB
2026.05.20 22:55:16 INFO  Progress (1): 2.3/3.7 MB
2026.05.20 22:55:16 INFO  Progress (1): 2.3/3.7 MB
2026.05.20 22:55:16 INFO  Progress (1): 2.3/3.7 MB
2026.05.20 22:55:16 INFO  Progress (1): 2.4/3.7 MB
2026.05.20 22:55:16 INFO  Progress (1): 2.4/3.7 MB
2026.05.20 22:55:16 INFO  Progress (1): 2.4/3.7 MB
2026.05.20 22:55:16 INFO  Progress (1): 2.4/3.7 MB
2026.05.20 22:55:16 INFO  Progress (1): 2.4/3.7 MB
2026.05.20 22:55:16 INFO  Progress (1): 2.4/3.7 MB
2026.05.20 22:55:16 INFO  Progress (1): 2.4/3.7 MB
2026.05.20 22:55:16 INFO  Progress (1): 2.5/3.7 MB
2026.05.20 22:55:16 INFO  Progress (1): 2.5/3.7 MB
2026.05.20 22:55:16 INFO  Progress (1): 2.5/3.7 MB
2026.05.20 22:55:16 INFO  Progress (1): 2.5/3.7 MB
2026.05.20 22:55:16 INFO  Progress (1): 2.5/3.7 MB
2026.05.20 22:55:16 INFO  Progress (1): 2.5/3.7 MB
2026.05.20 22:55:16 INFO  Progress (1): 2.6/3.7 MB
2026.05.20 22:55:16 INFO  Progress (1): 2.6/3.7 MB
2026.05.20 22:55:16 INFO  Progress (1): 2.6/3.7 MB
2026.05.20 22:55:16 INFO  Progress (1): 2.6/3.7 MB
2026.05.20 22:55:16 INFO  Progress (1): 2.6/3.7 MB
2026.05.20 22:55:16 INFO  Progress (1): 2.6/3.7 MB
2026.05.20 22:55:16 INFO  Progress (1): 2.7/3.7 MB
2026.05.20 22:55:16 INFO  Progress (1): 2.7/3.7 MB
2026.05.20 22:55:16 INFO  Progress (1): 2.7/3.7 MB
2026.05.20 22:55:16 INFO  Progress (1): 2.7/3.7 MB
2026.05.20 22:55:16 INFO  Progress (1): 2.7/3.7 MB
2026.05.20 22:55:16 INFO  Progress (1): 2.7/3.7 MB
2026.05.20 22:55:16 INFO  Progress (1): 2.8/3.7 MB
2026.05.20 22:55:16 INFO  Progress (1): 2.8/3.7 MB
2026.05.20 22:55:16 INFO  Progress (1): 2.8/3.7 MB
2026.05.20 22:55:16 INFO  Progress (1): 2.8/3.7 MB
2026.05.20 22:55:16 INFO  Progress (1): 2.8/3.7 MB
2026.05.20 22:55:16 INFO  Progress (1): 2.8/3.7 MB
2026.05.20 22:55:16 INFO  Progress (1): 2.9/3.7 MB
2026.05.20 22:55:16 INFO  Progress (1): 2.9/3.7 MB
2026.05.20 22:55:16 INFO  Progress (1): 2.9/3.7 MB
2026.05.20 22:55:16 INFO  Progress (1): 2.9/3.7 MB
2026.05.20 22:55:16 INFO  Progress (1): 2.9/3.7 MB
2026.05.20 22:55:16 INFO  Progress (1): 2.9/3.7 MB
2026.05.20 22:55:16 INFO  Progress (1): 3.0/3.7 MB
2026.05.20 22:55:16 INFO  Progress (1): 3.0/3.7 MB
2026.05.20 22:55:16 INFO  Progress (1): 3.0/3.7 MB
2026.05.20 22:55:16 INFO  Progress (1): 3.0/3.7 MB
2026.05.20 22:55:16 INFO  Progress (1): 3.0/3.7 MB
2026.05.20 22:55:16 INFO  Progress (1): 3.0/3.7 MB
2026.05.20 22:55:16 INFO  Progress (1): 3.0/3.7 MB
2026.05.20 22:55:16 INFO  Progress (1): 3.1/3.7 MB
2026.05.20 22:55:16 INFO  Progress (1): 3.1/3.7 MB
2026.05.20 22:55:16 INFO  Progress (1): 3.1/3.7 MB
2026.05.20 22:55:16 INFO  Progress (1): 3.1/3.7 MB
2026.05.20 22:55:16 INFO  Progress (1): 3.1/3.7 MB
2026.05.20 22:55:16 INFO  Progress (1): 3.1/3.7 MB
2026.05.20 22:55:16 INFO  Progress (1): 3.2/3.7 MB
2026.05.20 22:55:16 INFO  Progress (1): 3.2/3.7 MB
2026.05.20 22:55:16 INFO  Progress (1): 3.2/3.7 MB
2026.05.20 22:55:16 INFO  Progress (1): 3.2/3.7 MB
2026.05.20 22:55:16 INFO  Progress (1): 3.2/3.7 MB
2026.05.20 22:55:16 INFO  Progress (1): 3.2/3.7 MB
2026.05.20 22:55:16 INFO  Progress (1): 3.3/3.7 MB
2026.05.20 22:55:16 INFO  Progress (1): 3.3/3.7 MB
2026.05.20 22:55:16 INFO  Progress (1): 3.3/3.7 MB
2026.05.20 22:55:16 INFO  Progress (1): 3.3/3.7 MB
2026.05.20 22:55:16 INFO  Progress (1): 3.3/3.7 MB
2026.05.20 22:55:16 INFO  Progress (1): 3.3/3.7 MB
2026.05.20 22:55:16 INFO  Progress (1): 3.3/3.7 MB
2026.05.20 22:55:16 INFO  Progress (1): 3.4/3.7 MB
2026.05.20 22:55:16 INFO  Progress (1): 3.4/3.7 MB
2026.05.20 22:55:16 INFO  Progress (1): 3.4/3.7 MB
2026.05.20 22:55:16 INFO  Progress (1): 3.4/3.7 MB
2026.05.20 22:55:16 INFO  Progress (1): 3.4/3.7 MB
2026.05.20 22:55:16 INFO  Progress (1): 3.4/3.7 MB
2026.05.20 22:55:16 INFO  Progress (1): 3.5/3.7 MB
2026.05.20 22:55:16 INFO  Progress (1): 3.5/3.7 MB
2026.05.20 22:55:16 INFO  Progress (1): 3.5/3.7 MB
2026.05.20 22:55:16 INFO  Progress (1): 3.5/3.7 MB
2026.05.20 22:55:16 INFO  Progress (1): 3.5/3.7 MB
2026.05.20 22:55:16 INFO  Progress (1): 3.5/3.7 MB
2026.05.20 22:55:16 INFO  Progress (1): 3.6/3.7 MB
2026.05.20 22:55:16 INFO  Progress (1): 3.6/3.7 MB
2026.05.20 22:55:16 INFO  Progress (1): 3.6/3.7 MB
2026.05.20 22:55:16 INFO  Progress (1): 3.6/3.7 MB
2026.05.20 22:55:16 INFO  Progress (1): 3.6/3.7 MB
2026.05.20 22:55:16 INFO  Progress (1): 3.6/3.7 MB
2026.05.20 22:55:16 INFO  Progress (1): 3.7/3.7 MB
2026.05.20 22:55:16 INFO  Progress (1): 3.7/3.7 MB
2026.05.20 22:55:16 INFO  Progress (1): 3.7/3.7 MB
2026.05.20 22:55:16 INFO  Progress (1): 3.7/3.7 MB
2026.05.20 22:55:16 INFO  Progress (1): 3.7/3.7 MB
2026.05.20 22:55:16 INFO  Progress (1): 3.7 MB    
2026.05.20 22:55:16 INFO                      
2026.05.20 22:55:16 INFO  Downloaded from central: https://repo.maven.apache.org/maven2/org/apache/tomcat/embed/tomcat-embed-core/11.0.20/tomcat-embed-core-11.0.20-sources.jar (3.7 MB at 17 MB/s)
2026.05.20 22:55:16 INFO  [INFO] SUCCESS: org.apache.tomcat.embed:tomcat-embed-core:jar:11.0.20:compile (sources = true)
2026.05.20 22:55:16 INFO  [INFO] Resolving artifact: org.hibernate.validator:hibernate-validator:jar:9.0.1.Final:compile (sources = false)
2026.05.20 22:55:16 INFO  [INFO] SUCCESS: org.hibernate.validator:hibernate-validator:jar:9.0.1.Final:compile (sources = false)
2026.05.20 22:55:16 INFO  [INFO] Resolving artifact: org.hibernate.validator:hibernate-validator:jar:9.0.1.Final:compile (sources = true)
2026.05.20 22:55:16 INFO  Downloading from central: https://repo.maven.apache.org/maven2/org/hibernate/validator/hibernate-validator/9.0.1.Final/hibernate-validator-9.0.1.Final-sources.jar
2026.05.20 22:55:16 INFO  Progress (1): 7.7/888 kB
2026.05.20 22:55:16 INFO  Progress (1): 12/888 kB 
2026.05.20 22:55:16 INFO  Progress (1): 29/888 kB
2026.05.20 22:55:16 INFO  Progress (1): 45/888 kB
2026.05.20 22:55:16 INFO  Progress (1): 61/888 kB
2026.05.20 22:55:16 INFO  Progress (1): 78/888 kB
2026.05.20 22:55:16 INFO  Progress (1): 94/888 kB
2026.05.20 22:55:16 INFO  Progress (1): 111/888 kB
2026.05.20 22:55:16 INFO  Progress (1): 127/888 kB
2026.05.20 22:55:16 INFO  Progress (1): 143/888 kB
2026.05.20 22:55:16 INFO  Progress (1): 160/888 kB
2026.05.20 22:55:16 INFO  Progress (1): 176/888 kB
2026.05.20 22:55:16 INFO  Progress (1): 193/888 kB
2026.05.20 22:55:16 INFO  Progress (1): 209/888 kB
2026.05.20 22:55:16 INFO  Progress (1): 225/888 kB
2026.05.20 22:55:16 INFO  Progress (1): 242/888 kB
2026.05.20 22:55:16 INFO  Progress (1): 258/888 kB
2026.05.20 22:55:16 INFO  Progress (1): 274/888 kB
2026.05.20 22:55:16 INFO  Progress (1): 291/888 kB
2026.05.20 22:55:16 INFO  Progress (1): 307/888 kB
2026.05.20 22:55:16 INFO  Progress (1): 324/888 kB
2026.05.20 22:55:16 INFO  Progress (1): 340/888 kB
2026.05.20 22:55:16 INFO  Progress (1): 356/888 kB
2026.05.20 22:55:16 INFO  Progress (1): 373/888 kB
2026.05.20 22:55:16 INFO  Progress (1): 389/888 kB
2026.05.20 22:55:16 INFO  Progress (1): 406/888 kB
2026.05.20 22:55:16 INFO  Progress (1): 422/888 kB
2026.05.20 22:55:16 INFO  Progress (1): 438/888 kB
2026.05.20 22:55:16 INFO  Progress (1): 455/888 kB
2026.05.20 22:55:16 INFO  Progress (1): 471/888 kB
2026.05.20 22:55:16 INFO  Progress (1): 487/888 kB
2026.05.20 22:55:16 INFO  Progress (1): 504/888 kB
2026.05.20 22:55:16 INFO  Progress (1): 520/888 kB
2026.05.20 22:55:16 INFO  Progress (1): 537/888 kB
2026.05.20 22:55:16 INFO  Progress (1): 553/888 kB
2026.05.20 22:55:16 INFO  Progress (1): 569/888 kB
2026.05.20 22:55:16 INFO  Progress (1): 586/888 kB
2026.05.20 22:55:16 INFO  Progress (1): 590/888 kB
2026.05.20 22:55:16 INFO  Progress (1): 606/888 kB
2026.05.20 22:55:16 INFO  Progress (1): 623/888 kB
2026.05.20 22:55:16 INFO  Progress (1): 639/888 kB
2026.05.20 22:55:16 INFO  Progress (1): 655/888 kB
2026.05.20 22:55:16 INFO  Progress (1): 672/888 kB
2026.05.20 22:55:16 INFO  Progress (1): 688/888 kB
2026.05.20 22:55:16 INFO  Progress (1): 705/888 kB
2026.05.20 22:55:16 INFO  Progress (1): 721/888 kB
2026.05.20 22:55:16 INFO  Progress (1): 737/888 kB
2026.05.20 22:55:16 INFO  Progress (1): 754/888 kB
2026.05.20 22:55:16 INFO  Progress (1): 770/888 kB
2026.05.20 22:55:16 INFO  Progress (1): 786/888 kB
2026.05.20 22:55:16 INFO  Progress (1): 803/888 kB
2026.05.20 22:55:16 INFO  Progress (1): 809/888 kB
2026.05.20 22:55:16 INFO  Progress (1): 819/888 kB
2026.05.20 22:55:16 INFO  Progress (1): 836/888 kB
2026.05.20 22:55:16 INFO  Progress (1): 852/888 kB
2026.05.20 22:55:16 INFO  Progress (1): 868/888 kB
2026.05.20 22:55:16 INFO  Progress (1): 885/888 kB
2026.05.20 22:55:16 INFO  Progress (1): 888 kB    
2026.05.20 22:55:16 INFO                      
2026.05.20 22:55:16 INFO  Downloaded from central: https://repo.maven.apache.org/maven2/org/hibernate/validator/hibernate-validator/9.0.1.Final/hibernate-validator-9.0.1.Final-sources.jar (888 kB at 15 MB/s)
2026.05.20 22:55:16 INFO  [INFO] SUCCESS: org.hibernate.validator:hibernate-validator:jar:9.0.1.Final:compile (sources = true)
2026.05.20 22:55:16 INFO  [INFO] Resolving artifact: ch.qos.logback:logback-classic:jar:1.5.32:compile (sources = false)
2026.05.20 22:55:16 INFO  [INFO] SUCCESS: ch.qos.logback:logback-classic:jar:1.5.32:compile (sources = false)
2026.05.20 22:55:16 INFO  [INFO] Resolving artifact: ch.qos.logback:logback-classic:jar:1.5.32:compile (sources = true)
2026.05.20 22:55:16 INFO  Downloading from central: https://repo.maven.apache.org/maven2/ch/qos/logback/logback-classic/1.5.32/logback-classic-1.5.32-sources.jar
2026.05.20 22:55:16 INFO  Progress (1): 7.7/251 kB
2026.05.20 22:55:16 INFO  Progress (1): 12/251 kB 
2026.05.20 22:55:16 INFO  Progress (1): 29/251 kB
2026.05.20 22:55:16 INFO  Progress (1): 45/251 kB
2026.05.20 22:55:16 INFO  Progress (1): 61/251 kB
2026.05.20 22:55:16 INFO  Progress (1): 78/251 kB
2026.05.20 22:55:16 INFO  Progress (1): 94/251 kB
2026.05.20 22:55:16 INFO  Progress (1): 111/251 kB
2026.05.20 22:55:16 INFO  Progress (1): 127/251 kB
2026.05.20 22:55:16 INFO  Progress (1): 143/251 kB
2026.05.20 22:55:16 INFO  Progress (1): 160/251 kB
2026.05.20 22:55:16 INFO  Progress (1): 176/251 kB
2026.05.20 22:55:16 INFO  Progress (1): 193/251 kB
2026.05.20 22:55:16 INFO  Progress (1): 209/251 kB
2026.05.20 22:55:16 INFO  Progress (1): 225/251 kB
2026.05.20 22:55:16 INFO  Progress (1): 242/251 kB
2026.05.20 22:55:16 INFO  Progress (1): 251 kB    
2026.05.20 22:55:16 INFO                      
2026.05.20 22:55:16 INFO  Downloaded from central: https://repo.maven.apache.org/maven2/ch/qos/logback/logback-classic/1.5.32/logback-classic-1.5.32-sources.jar (251 kB at 7.6 MB/s)
2026.05.20 22:55:16 INFO  [INFO] SUCCESS: ch.qos.logback:logback-classic:jar:1.5.32:compile (sources = true)
2026.05.20 22:55:16 INFO  [INFO] Resolving artifact: org.junit.jupiter:junit-jupiter-api:jar:6.0.3:test (sources = false)
2026.05.20 22:55:16 INFO  [INFO] SUCCESS: org.junit.jupiter:junit-jupiter-api:jar:6.0.3:test (sources = false)
2026.05.20 22:55:16 INFO  [INFO] Resolving artifact: org.junit.jupiter:junit-jupiter-api:jar:6.0.3:test (sources = true)
2026.05.20 22:55:16 INFO  Downloading from central: https://repo.maven.apache.org/maven2/org/junit/jupiter/junit-jupiter-api/6.0.3/junit-jupiter-api-6.0.3-sources.jar
2026.05.20 22:55:16 INFO  Progress (1): 7.7/251 kB
2026.05.20 22:55:16 INFO  Progress (1): 8.2/251 kB
2026.05.20 22:55:16 INFO  Progress (1): 25/251 kB 
2026.05.20 22:55:16 INFO  Progress (1): 41/251 kB
2026.05.20 22:55:16 INFO  Progress (1): 57/251 kB
2026.05.20 22:55:16 INFO  Progress (1): 74/251 kB
2026.05.20 22:55:16 INFO  Progress (1): 90/251 kB
2026.05.20 22:55:16 INFO  Progress (1): 106/251 kB
2026.05.20 22:55:16 INFO  Progress (1): 123/251 kB
2026.05.20 22:55:16 INFO  Progress (1): 139/251 kB
2026.05.20 22:55:16 INFO  Progress (1): 156/251 kB
2026.05.20 22:55:16 INFO  Progress (1): 172/251 kB
2026.05.20 22:55:16 INFO  Progress (1): 188/251 kB
2026.05.20 22:55:16 INFO  Progress (1): 205/251 kB
2026.05.20 22:55:16 INFO  Progress (1): 221/251 kB
2026.05.20 22:55:16 INFO  Progress (1): 238/251 kB
2026.05.20 22:55:16 INFO  Progress (1): 251 kB    
2026.05.20 22:55:16 INFO                      
2026.05.20 22:55:16 INFO  Downloaded from central: https://repo.maven.apache.org/maven2/org/junit/jupiter/junit-jupiter-api/6.0.3/junit-jupiter-api-6.0.3-sources.jar (251 kB at 7.6 MB/s)
2026.05.20 22:55:16 INFO  [INFO] SUCCESS: org.junit.jupiter:junit-jupiter-api:jar:6.0.3:test (sources = true)
2026.05.20 22:55:16 INFO  [INFO] Resolving artifact: org.skyscreamer:jsonassert:jar:1.5.3:test (sources = false)
2026.05.20 22:55:16 INFO  [INFO] SUCCESS: org.skyscreamer:jsonassert:jar:1.5.3:test (sources = false)
2026.05.20 22:55:16 INFO  [INFO] Resolving artifact: org.skyscreamer:jsonassert:jar:1.5.3:test (sources = true)
2026.05.20 22:55:16 INFO  Downloading from central: https://repo.maven.apache.org/maven2/org/skyscreamer/jsonassert/1.5.3/jsonassert-1.5.3-sources.jar
2026.05.20 22:55:16 INFO  Progress (1): 7.7/30 kB
2026.05.20 22:55:16 INFO  Progress (1): 16/30 kB 
2026.05.20 22:55:16 INFO  Progress (1): 29/30 kB
2026.05.20 22:55:16 INFO  Progress (1): 30 kB   
2026.05.20 22:55:16 INFO                     
2026.05.20 22:55:16 INFO  Downloaded from central: https://repo.maven.apache.org/maven2/org/skyscreamer/jsonassert/1.5.3/jsonassert-1.5.3-sources.jar (30 kB at 863 kB/s)
2026.05.20 22:55:16 INFO  [INFO] SUCCESS: org.skyscreamer:jsonassert:jar:1.5.3:test (sources = true)
2026.05.20 22:55:16 INFO  [INFO] Resolving artifact: org.glassfish.jaxb:jaxb-core:jar:4.0.6:runtime (sources = false)
2026.05.20 22:55:16 INFO  [INFO] SUCCESS: org.glassfish.jaxb:jaxb-core:jar:4.0.6:runtime (sources = false)
2026.05.20 22:55:16 INFO  [INFO] Resolving artifact: org.glassfish.jaxb:jaxb-core:jar:4.0.6:runtime (sources = true)
2026.05.20 22:55:16 INFO  Downloading from central: https://repo.maven.apache.org/maven2/org/glassfish/jaxb/jaxb-core/4.0.6/jaxb-core-4.0.6-sources.jar
2026.05.20 22:55:16 INFO  Progress (1): 7.7/132 kB
2026.05.20 22:55:16 INFO  Progress (1): 16/132 kB 
2026.05.20 22:55:16 INFO  Progress (1): 29/132 kB
2026.05.20 22:55:16 INFO  Progress (1): 45/132 kB
2026.05.20 22:55:16 INFO  Progress (1): 61/132 kB
2026.05.20 22:55:16 INFO  Progress (1): 78/132 kB
2026.05.20 22:55:16 INFO  Progress (1): 94/132 kB
2026.05.20 22:55:16 INFO  Progress (1): 111/132 kB
2026.05.20 22:55:16 INFO  Progress (1): 127/132 kB
2026.05.20 22:55:16 INFO  Progress (1): 132 kB    
2026.05.20 22:55:16 INFO                      
2026.05.20 22:55:16 INFO  Downloaded from central: https://repo.maven.apache.org/maven2/org/glassfish/jaxb/jaxb-core/4.0.6/jaxb-core-4.0.6-sources.jar (132 kB at 4.3 MB/s)
2026.05.20 22:55:16 INFO  [INFO] SUCCESS: org.glassfish.jaxb:jaxb-core:jar:4.0.6:runtime (sources = true)
2026.05.20 22:55:16 INFO  [INFO] Resolving artifact: com.fasterxml.jackson.core:jackson-databind:jar:2.21.2:compile (sources = false)
2026.05.20 22:55:16 INFO  [INFO] SUCCESS: com.fasterxml.jackson.core:jackson-databind:jar:2.21.2:compile (sources = false)
2026.05.20 22:55:16 INFO  [INFO] Resolving artifact: com.fasterxml.jackson.core:jackson-databind:jar:2.21.2:compile (sources = true)
2026.05.20 22:55:16 INFO  Downloading from central: https://repo.maven.apache.org/maven2/com/fasterxml/jackson/core/jackson-databind/2.21.2/jackson-databind-2.21.2-sources.jar
2026.05.20 22:55:16 INFO  Progress (1): 0/1.3 MB
2026.05.20 22:55:16 INFO  Progress (1): 0/1.3 MB
2026.05.20 22:55:16 INFO  Progress (1): 0/1.3 MB
2026.05.20 22:55:16 INFO  Progress (1): 0/1.3 MB
2026.05.20 22:55:16 INFO  Progress (1): 0.1/1.3 MB
2026.05.20 22:55:16 INFO  Progress (1): 0.1/1.3 MB
2026.05.20 22:55:16 INFO  Progress (1): 0.1/1.3 MB
2026.05.20 22:55:16 INFO  Progress (1): 0.1/1.3 MB
2026.05.20 22:55:16 INFO  Progress (1): 0.1/1.3 MB
2026.05.20 22:55:16 INFO  Progress (1): 0.1/1.3 MB
2026.05.20 22:55:16 INFO  Progress (1): 0.2/1.3 MB
2026.05.20 22:55:16 INFO  Progress (1): 0.2/1.3 MB
2026.05.20 22:55:16 INFO  Progress (1): 0.2/1.3 MB
2026.05.20 22:55:16 INFO  Progress (1): 0.2/1.3 MB
2026.05.20 22:55:16 INFO  Progress (1): 0.2/1.3 MB
2026.05.20 22:55:16 INFO  Progress (1): 0.2/1.3 MB
2026.05.20 22:55:16 INFO  Progress (1): 0.3/1.3 MB
2026.05.20 22:55:16 INFO  Progress (1): 0.3/1.3 MB
2026.05.20 22:55:16 INFO  Progress (1): 0.3/1.3 MB
2026.05.20 22:55:16 INFO  Progress (1): 0.3/1.3 MB
2026.05.20 22:55:16 INFO  Progress (1): 0.3/1.3 MB
2026.05.20 22:55:16 INFO  Progress (1): 0.3/1.3 MB
2026.05.20 22:55:16 INFO  Progress (1): 0.3/1.3 MB
2026.05.20 22:55:16 INFO  Progress (1): 0.4/1.3 MB
2026.05.20 22:55:16 INFO  Progress (1): 0.4/1.3 MB
2026.05.20 22:55:16 INFO  Progress (1): 0.4/1.3 MB
2026.05.20 22:55:16 INFO  Progress (1): 0.4/1.3 MB
2026.05.20 22:55:16 INFO  Progress (1): 0.4/1.3 MB
2026.05.20 22:55:16 INFO  Progress (1): 0.4/1.3 MB
2026.05.20 22:55:16 INFO  Progress (1): 0.5/1.3 MB
2026.05.20 22:55:16 INFO  Progress (1): 0.5/1.3 MB
2026.05.20 22:55:16 INFO  Progress (1): 0.5/1.3 MB
2026.05.20 22:55:16 INFO  Progress (1): 0.5/1.3 MB
2026.05.20 22:55:16 INFO  Progress (1): 0.5/1.3 MB
2026.05.20 22:55:16 INFO  Progress (1): 0.5/1.3 MB
2026.05.20 22:55:16 INFO  Progress (1): 0.6/1.3 MB
2026.05.20 22:55:16 INFO  Progress (1): 0.6/1.3 MB
2026.05.20 22:55:16 INFO  Progress (1): 0.6/1.3 MB
2026.05.20 22:55:16 INFO  Progress (1): 0.6/1.3 MB
2026.05.20 22:55:16 INFO  Progress (1): 0.6/1.3 MB
2026.05.20 22:55:16 INFO  Progress (1): 0.6/1.3 MB
2026.05.20 22:55:16 INFO  Progress (1): 0.7/1.3 MB
2026.05.20 22:55:16 INFO  Progress (1): 0.7/1.3 MB
2026.05.20 22:55:16 INFO  Progress (1): 0.7/1.3 MB
2026.05.20 22:55:16 INFO  Progress (1): 0.7/1.3 MB
2026.05.20 22:55:16 INFO  Progress (1): 0.7/1.3 MB
2026.05.20 22:55:16 INFO  Progress (1): 0.7/1.3 MB
2026.05.20 22:55:16 INFO  Progress (1): 0.8/1.3 MB
2026.05.20 22:55:16 INFO  Progress (1): 0.8/1.3 MB
2026.05.20 22:55:16 INFO  Progress (1): 0.8/1.3 MB
2026.05.20 22:55:16 INFO  Progress (1): 0.8/1.3 MB
2026.05.20 22:55:16 INFO  Progress (1): 0.8/1.3 MB
2026.05.20 22:55:16 INFO  Progress (1): 0.8/1.3 MB
2026.05.20 22:55:16 INFO  Progress (1): 0.9/1.3 MB
2026.05.20 22:55:16 INFO  Progress (1): 0.9/1.3 MB
2026.05.20 22:55:16 INFO  Progress (1): 0.9/1.3 MB
2026.05.20 22:55:16 INFO  Progress (1): 0.9/1.3 MB
2026.05.20 22:55:16 INFO  Progress (1): 0.9/1.3 MB
2026.05.20 22:55:16 INFO  Progress (1): 0.9/1.3 MB
2026.05.20 22:55:16 INFO  Progress (1): 1.0/1.3 MB
2026.05.20 22:55:16 INFO  Progress (1): 1.0/1.3 MB
2026.05.20 22:55:16 INFO  Progress (1): 1.0/1.3 MB
2026.05.20 22:55:16 INFO  Progress (1): 1.0/1.3 MB
2026.05.20 22:55:16 INFO  Progress (1): 1.0/1.3 MB
2026.05.20 22:55:16 INFO  Progress (1): 1.0/1.3 MB
2026.05.20 22:55:16 INFO  Progress (1): 1.0/1.3 MB
2026.05.20 22:55:16 INFO  Progress (1): 1.1/1.3 MB
2026.05.20 22:55:16 INFO  Progress (1): 1.1/1.3 MB
2026.05.20 22:55:16 INFO  Progress (1): 1.1/1.3 MB
2026.05.20 22:55:16 INFO  Progress (1): 1.1/1.3 MB
2026.05.20 22:55:16 INFO  Progress (1): 1.1/1.3 MB
2026.05.20 22:55:16 INFO  Progress (1): 1.1/1.3 MB
2026.05.20 22:55:16 INFO  Progress (1): 1.2/1.3 MB
2026.05.20 22:55:16 INFO  Progress (1): 1.2/1.3 MB
2026.05.20 22:55:16 INFO  Progress (1): 1.2/1.3 MB
2026.05.20 22:55:16 INFO  Progress (1): 1.2/1.3 MB
2026.05.20 22:55:16 INFO  Progress (1): 1.2/1.3 MB
2026.05.20 22:55:16 INFO  Progress (1): 1.2/1.3 MB
2026.05.20 22:55:16 INFO  Progress (1): 1.3 MB    
2026.05.20 22:55:16 INFO                      
2026.05.20 22:55:16 INFO  Downloaded from central: https://repo.maven.apache.org/maven2/com/fasterxml/jackson/core/jackson-databind/2.21.2/jackson-databind-2.21.2-sources.jar (1.3 MB at 21 MB/s)
2026.05.20 22:55:16 INFO  [INFO] SUCCESS: com.fasterxml.jackson.core:jackson-databind:jar:2.21.2:compile (sources = true)
2026.05.20 22:55:16 INFO  [INFO] Resolving artifact: io.jsonwebtoken:jjwt-impl:jar:0.12.5:runtime (sources = false)
2026.05.20 22:55:16 INFO  [INFO] SUCCESS: io.jsonwebtoken:jjwt-impl:jar:0.12.5:runtime (sources = false)
2026.05.20 22:55:16 INFO  [INFO] Resolving artifact: io.jsonwebtoken:jjwt-impl:jar:0.12.5:runtime (sources = true)
2026.05.20 22:55:16 INFO  Downloading from central: https://repo.maven.apache.org/maven2/io/jsonwebtoken/jjwt-impl/0.12.5/jjwt-impl-0.12.5-sources.jar
2026.05.20 22:55:16 INFO  Progress (1): 7.7/334 kB
2026.05.20 22:55:16 INFO  Progress (1): 16/334 kB 
2026.05.20 22:55:16 INFO  Progress (1): 32/334 kB
2026.05.20 22:55:16 INFO  Progress (1): 48/334 kB
2026.05.20 22:55:16 INFO  Progress (1): 65/334 kB
2026.05.20 22:55:16 INFO  Progress (1): 81/334 kB
2026.05.20 22:55:16 INFO  Progress (1): 97/334 kB
2026.05.20 22:55:16 INFO  Progress (1): 114/334 kB
2026.05.20 22:55:16 INFO  Progress (1): 130/334 kB
2026.05.20 22:55:16 INFO  Progress (1): 147/334 kB
2026.05.20 22:55:16 INFO  Progress (1): 163/334 kB
2026.05.20 22:55:16 INFO  Progress (1): 179/334 kB
2026.05.20 22:55:16 INFO  Progress (1): 196/334 kB
2026.05.20 22:55:16 INFO  Progress (1): 212/334 kB
2026.05.20 22:55:16 INFO  Progress (1): 228/334 kB
2026.05.20 22:55:16 INFO  Progress (1): 245/334 kB
2026.05.20 22:55:16 INFO  Progress (1): 246/334 kB
2026.05.20 22:55:16 INFO  Progress (1): 262/334 kB
2026.05.20 22:55:16 INFO  Progress (1): 279/334 kB
2026.05.20 22:55:16 INFO  Progress (1): 295/334 kB
2026.05.20 22:55:16 INFO  Progress (1): 311/334 kB
2026.05.20 22:55:16 INFO  Progress (1): 328/334 kB
2026.05.20 22:55:16 INFO  Progress (1): 334 kB    
2026.05.20 22:55:16 INFO                      
2026.05.20 22:55:16 INFO  Downloaded from central: https://repo.maven.apache.org/maven2/io/jsonwebtoken/jjwt-impl/0.12.5/jjwt-impl-0.12.5-sources.jar (334 kB at 10 MB/s)
2026.05.20 22:55:16 INFO  [INFO] SUCCESS: io.jsonwebtoken:jjwt-impl:jar:0.12.5:runtime (sources = true)
2026.05.20 22:55:16 INFO  [INFO] Resolving artifact: org.springframework.boot:spring-boot:jar:4.0.5:compile (sources = false)
2026.05.20 22:55:16 INFO  [INFO] SUCCESS: org.springframework.boot:spring-boot:jar:4.0.5:compile (sources = false)
2026.05.20 22:55:16 INFO  [INFO] Resolving artifact: org.springframework.boot:spring-boot:jar:4.0.5:compile (sources = true)
2026.05.20 22:55:16 INFO  Downloading from central: https://repo.maven.apache.org/maven2/org/springframework/boot/spring-boot/4.0.5/spring-boot-4.0.5-sources.jar
2026.05.20 22:55:16 INFO  Progress (1): 7.7/851 kB
2026.05.20 22:55:16 INFO  Progress (1): 12/851 kB 
2026.05.20 22:55:16 INFO  Progress (1): 29/851 kB
2026.05.20 22:55:16 INFO  Progress (1): 45/851 kB
2026.05.20 22:55:16 INFO  Progress (1): 61/851 kB
2026.05.20 22:55:16 INFO  Progress (1): 78/851 kB
2026.05.20 22:55:16 INFO  Progress (1): 94/851 kB
2026.05.20 22:55:16 INFO  Progress (1): 111/851 kB
2026.05.20 22:55:16 INFO  Progress (1): 127/851 kB
2026.05.20 22:55:16 INFO  Progress (1): 143/851 kB
2026.05.20 22:55:16 INFO  Progress (1): 160/851 kB
2026.05.20 22:55:16 INFO  Progress (1): 176/851 kB
2026.05.20 22:55:16 INFO  Progress (1): 193/851 kB
2026.05.20 22:55:16 INFO  Progress (1): 209/851 kB
2026.05.20 22:55:16 INFO  Progress (1): 225/851 kB
2026.05.20 22:55:16 INFO  Progress (1): 242/851 kB
2026.05.20 22:55:16 INFO  Progress (1): 258/851 kB
2026.05.20 22:55:16 INFO  Progress (1): 274/851 kB
2026.05.20 22:55:16 INFO  Progress (1): 291/851 kB
2026.05.20 22:55:16 INFO  Progress (1): 307/851 kB
2026.05.20 22:55:16 INFO  Progress (1): 324/851 kB
2026.05.20 22:55:16 INFO  Progress (1): 340/851 kB
2026.05.20 22:55:16 INFO  Progress (1): 356/851 kB
2026.05.20 22:55:16 INFO  Progress (1): 373/851 kB
2026.05.20 22:55:16 INFO  Progress (1): 389/851 kB
2026.05.20 22:55:16 INFO  Progress (1): 406/851 kB
2026.05.20 22:55:16 INFO  Progress (1): 422/851 kB
2026.05.20 22:55:16 INFO  Progress (1): 438/851 kB
2026.05.20 22:55:16 INFO  Progress (1): 455/851 kB
2026.05.20 22:55:16 INFO  Progress (1): 471/851 kB
2026.05.20 22:55:16 INFO  Progress (1): 487/851 kB
2026.05.20 22:55:16 INFO  Progress (1): 504/851 kB
2026.05.20 22:55:16 INFO  Progress (1): 520/851 kB
2026.05.20 22:55:16 INFO  Progress (1): 537/851 kB
2026.05.20 22:55:16 INFO  Progress (1): 553/851 kB
2026.05.20 22:55:16 INFO  Progress (1): 569/851 kB
2026.05.20 22:55:16 INFO  Progress (1): 586/851 kB
2026.05.20 22:55:16 INFO  Progress (1): 602/851 kB
2026.05.20 22:55:16 INFO  Progress (1): 618/851 kB
2026.05.20 22:55:16 INFO  Progress (1): 635/851 kB
2026.05.20 22:55:16 INFO  Progress (1): 651/851 kB
2026.05.20 22:55:16 INFO  Progress (1): 668/851 kB
2026.05.20 22:55:16 INFO  Progress (1): 684/851 kB
2026.05.20 22:55:16 INFO  Progress (1): 700/851 kB
2026.05.20 22:55:16 INFO  Progress (1): 717/851 kB
2026.05.20 22:55:16 INFO  Progress (1): 733/851 kB
2026.05.20 22:55:16 INFO  Progress (1): 750/851 kB
2026.05.20 22:55:16 INFO  Progress (1): 766/851 kB
2026.05.20 22:55:16 INFO  Progress (1): 782/851 kB
2026.05.20 22:55:16 INFO  Progress (1): 799/851 kB
2026.05.20 22:55:16 INFO  Progress (1): 815/851 kB
2026.05.20 22:55:16 INFO  Progress (1): 831/851 kB
2026.05.20 22:55:16 INFO  Progress (1): 848/851 kB
2026.05.20 22:55:16 INFO  Progress (1): 851 kB    
2026.05.20 22:55:16 INFO                      
2026.05.20 22:55:16 INFO  Downloaded from central: https://repo.maven.apache.org/maven2/org/springframework/boot/spring-boot/4.0.5/spring-boot-4.0.5-sources.jar (851 kB at 21 MB/s)
2026.05.20 22:55:16 INFO  [INFO] SUCCESS: org.springframework.boot:spring-boot:jar:4.0.5:compile (sources = true)
2026.05.20 22:55:16 INFO  [INFO] Resolving artifact: jakarta.annotation:jakarta.annotation-api:jar:3.0.0:compile (sources = false)
2026.05.20 22:55:16 INFO  [INFO] SUCCESS: jakarta.annotation:jakarta.annotation-api:jar:3.0.0:compile (sources = false)
2026.05.20 22:55:16 INFO  [INFO] Resolving artifact: jakarta.annotation:jakarta.annotation-api:jar:3.0.0:compile (sources = true)
2026.05.20 22:55:16 INFO  Downloading from central: https://repo.maven.apache.org/maven2/jakarta/annotation/jakarta.annotation-api/3.0.0/jakarta.annotation-api-3.0.0-sources.jar
2026.05.20 22:55:16 INFO  Progress (1): 7.7/36 kB
2026.05.20 22:55:16 INFO  Progress (1): 16/36 kB 
2026.05.20 22:55:16 INFO  Progress (1): 32/36 kB
2026.05.20 22:55:16 INFO  Progress (1): 36 kB   
2026.05.20 22:55:16 INFO                     
2026.05.20 22:55:16 INFO  Downloaded from central: https://repo.maven.apache.org/maven2/jakarta/annotation/jakarta.annotation-api/3.0.0/jakarta.annotation-api-3.0.0-sources.jar (36 kB at 1.6 MB/s)
2026.05.20 22:55:16 INFO  [INFO] SUCCESS: jakarta.annotation:jakarta.annotation-api:jar:3.0.0:compile (sources = true)
2026.05.20 22:55:16 INFO  [INFO] Resolving artifact: org.springframework.boot:spring-boot-starter-validation:jar:4.0.5:compile (sources = false)
2026.05.20 22:55:16 INFO  [INFO] SUCCESS: org.springframework.boot:spring-boot-starter-validation:jar:4.0.5:compile (sources = false)
2026.05.20 22:55:16 INFO  [INFO] Resolving artifact: org.springframework.boot:spring-boot-starter-validation:jar:4.0.5:compile (sources = true)
2026.05.20 22:55:16 INFO  Downloading from central: https://repo.maven.apache.org/maven2/org/springframework/boot/spring-boot-starter-validation/4.0.5/spring-boot-starter-validation-4.0.5-sources.jar
2026.05.20 22:55:16 INFO  Progress (1): 4.8 kB
2026.05.20 22:55:16 INFO                      
2026.05.20 22:55:16 INFO  Downloaded from central: https://repo.maven.apache.org/maven2/org/springframework/boot/spring-boot-starter-validation/4.0.5/spring-boot-starter-validation-4.0.5-sources.jar (4.8 kB at 217 kB/s)
2026.05.20 22:55:16 INFO  [INFO] SUCCESS: org.springframework.boot:spring-boot-starter-validation:jar:4.0.5:compile (sources = true)
2026.05.20 22:55:16 INFO  [INFO] Resolving artifact: org.glassfish.jaxb:txw2:jar:4.0.6:runtime (sources = false)
2026.05.20 22:55:16 INFO  [INFO] SUCCESS: org.glassfish.jaxb:txw2:jar:4.0.6:runtime (sources = false)
2026.05.20 22:55:16 INFO  [INFO] Resolving artifact: org.glassfish.jaxb:txw2:jar:4.0.6:runtime (sources = true)
2026.05.20 22:55:16 INFO  Downloading from central: https://repo.maven.apache.org/maven2/org/glassfish/jaxb/txw2/4.0.6/txw2-4.0.6-sources.jar
2026.05.20 22:55:16 INFO  Progress (1): 8.2/70 kB
2026.05.20 22:55:16 INFO  Progress (1): 25/70 kB 
2026.05.20 22:55:16 INFO  Progress (1): 41/70 kB
2026.05.20 22:55:16 INFO  Progress (1): 57/70 kB
2026.05.20 22:55:16 INFO  Progress (1): 70 kB   
2026.05.20 22:55:16 INFO                     
2026.05.20 22:55:16 INFO  Downloaded from central: https://repo.maven.apache.org/maven2/org/glassfish/jaxb/txw2/4.0.6/txw2-4.0.6-sources.jar (70 kB at 2.9 MB/s)
2026.05.20 22:55:16 INFO  [INFO] SUCCESS: org.glassfish.jaxb:txw2:jar:4.0.6:runtime (sources = true)
2026.05.20 22:55:16 INFO  [INFO] Resolving artifact: org.xmlunit:xmlunit-core:jar:2.10.4:test (sources = false)
2026.05.20 22:55:16 INFO  [INFO] SUCCESS: org.xmlunit:xmlunit-core:jar:2.10.4:test (sources = false)
2026.05.20 22:55:16 INFO  [INFO] Resolving artifact: org.xmlunit:xmlunit-core:jar:2.10.4:test (sources = true)
2026.05.20 22:55:16 INFO  Downloading from central: https://repo.maven.apache.org/maven2/org/xmlunit/xmlunit-core/2.10.4/xmlunit-core-2.10.4-sources.jar
2026.05.20 22:55:16 INFO  Progress (1): 7.7/111 kB
2026.05.20 22:55:16 INFO  Progress (1): 16/111 kB 
2026.05.20 22:55:16 INFO  Progress (1): 25/111 kB
2026.05.20 22:55:16 INFO  Progress (1): 41/111 kB
2026.05.20 22:55:16 INFO  Progress (1): 57/111 kB
2026.05.20 22:55:16 INFO  Progress (1): 74/111 kB
2026.05.20 22:55:16 INFO  Progress (1): 90/111 kB
2026.05.20 22:55:16 INFO  Progress (1): 106/111 kB
2026.05.20 22:55:16 INFO  Progress (1): 111 kB    
2026.05.20 22:55:16 INFO                      
2026.05.20 22:55:16 INFO  Downloaded from central: https://repo.maven.apache.org/maven2/org/xmlunit/xmlunit-core/2.10.4/xmlunit-core-2.10.4-sources.jar (111 kB at 4.4 MB/s)
2026.05.20 22:55:16 INFO  [INFO] SUCCESS: org.xmlunit:xmlunit-core:jar:2.10.4:test (sources = true)
2026.05.20 22:55:16 INFO  [INFO] Resolving artifact: org.junit.platform:junit-platform-commons:jar:6.0.3:test (sources = false)
2026.05.20 22:55:16 INFO  [INFO] SUCCESS: org.junit.platform:junit-platform-commons:jar:6.0.3:test (sources = false)
2026.05.20 22:55:16 INFO  [INFO] Resolving artifact: org.junit.platform:junit-platform-commons:jar:6.0.3:test (sources = true)
2026.05.20 22:55:16 INFO  Downloading from central: https://repo.maven.apache.org/maven2/org/junit/platform/junit-platform-commons/6.0.3/junit-platform-commons-6.0.3-sources.jar
2026.05.20 22:55:16 INFO  Progress (1): 7.7/115 kB
2026.05.20 22:55:16 INFO  Progress (1): 12/115 kB 
2026.05.20 22:55:16 INFO  Progress (1): 29/115 kB
2026.05.20 22:55:16 INFO  Progress (1): 45/115 kB
2026.05.20 22:55:16 INFO  Progress (1): 61/115 kB
2026.05.20 22:55:16 INFO  Progress (1): 78/115 kB
2026.05.20 22:55:16 INFO  Progress (1): 94/115 kB
2026.05.20 22:55:16 INFO  Progress (1): 111/115 kB
2026.05.20 22:55:16 INFO  Progress (1): 115 kB    
2026.05.20 22:55:16 INFO                      
2026.05.20 22:55:16 INFO  Downloaded from central: https://repo.maven.apache.org/maven2/org/junit/platform/junit-platform-commons/6.0.3/junit-platform-commons-6.0.3-sources.jar (115 kB at 4.4 MB/s)
2026.05.20 22:55:16 INFO  [INFO] SUCCESS: org.junit.platform:junit-platform-commons:jar:6.0.3:test (sources = true)
2026.05.20 22:55:16 INFO  [INFO] Resolving artifact: org.webjars:webjars-locator-lite:jar:1.1.3:compile (sources = false)
2026.05.20 22:55:16 INFO  [INFO] SUCCESS: org.webjars:webjars-locator-lite:jar:1.1.3:compile (sources = false)
2026.05.20 22:55:16 INFO  [INFO] Resolving artifact: org.webjars:webjars-locator-lite:jar:1.1.3:compile (sources = true)
2026.05.20 22:55:16 INFO  Downloading from central: https://repo.maven.apache.org/maven2/org/webjars/webjars-locator-lite/1.1.3/webjars-locator-lite-1.1.3-sources.jar
2026.05.20 22:55:16 INFO  Progress (1): 3.2/7.4 kB
2026.05.20 22:55:16 INFO  Progress (1): 7.4 kB    
2026.05.20 22:55:16 INFO                      
2026.05.20 22:55:16 INFO  Downloaded from central: https://repo.maven.apache.org/maven2/org/webjars/webjars-locator-lite/1.1.3/webjars-locator-lite-1.1.3-sources.jar (7.4 kB at 322 kB/s)
2026.05.20 22:55:16 INFO  [INFO] SUCCESS: org.webjars:webjars-locator-lite:jar:1.1.3:compile (sources = true)
2026.05.20 22:55:16 INFO  [INFO] Resolving artifact: jakarta.inject:jakarta.inject-api:jar:2.0.1:runtime (sources = false)
2026.05.20 22:55:16 INFO  [INFO] SUCCESS: jakarta.inject:jakarta.inject-api:jar:2.0.1:runtime (sources = false)
2026.05.20 22:55:16 INFO  [INFO] Resolving artifact: jakarta.inject:jakarta.inject-api:jar:2.0.1:runtime (sources = true)
2026.05.20 22:55:16 INFO  Downloading from central: https://repo.maven.apache.org/maven2/jakarta/inject/jakarta.inject-api/2.0.1/jakarta.inject-api-2.0.1-sources.jar
2026.05.20 22:55:16 INFO  Progress (1): 7.7/18 kB
2026.05.20 22:55:16 INFO  Progress (1): 11/18 kB 
2026.05.20 22:55:16 INFO  Progress (1): 18 kB   
2026.05.20 22:55:16 INFO                     
2026.05.20 22:55:16 INFO  Downloaded from central: https://repo.maven.apache.org/maven2/jakarta/inject/jakarta.inject-api/2.0.1/jakarta.inject-api-2.0.1-sources.jar (18 kB at 879 kB/s)
2026.05.20 22:55:16 INFO  [INFO] SUCCESS: jakarta.inject:jakarta.inject-api:jar:2.0.1:runtime (sources = true)
2026.05.20 22:55:16 INFO  [INFO] Resolving artifact: org.springframework.boot:spring-boot-starter-jackson:jar:4.0.5:compile (sources = false)
2026.05.20 22:55:16 INFO  [INFO] SUCCESS: org.springframework.boot:spring-boot-starter-jackson:jar:4.0.5:compile (sources = false)
2026.05.20 22:55:16 INFO  [INFO] Resolving artifact: org.springframework.boot:spring-boot-starter-jackson:jar:4.0.5:compile (sources = true)
2026.05.20 22:55:16 INFO  Downloading from central: https://repo.maven.apache.org/maven2/org/springframework/boot/spring-boot-starter-jackson/4.0.5/spring-boot-starter-jackson-4.0.5-sources.jar
2026.05.20 22:55:16 INFO  Progress (1): 4.7 kB
2026.05.20 22:55:16 INFO                      
2026.05.20 22:55:16 INFO  Downloaded from central: https://repo.maven.apache.org/maven2/org/springframework/boot/spring-boot-starter-jackson/4.0.5/spring-boot-starter-jackson-4.0.5-sources.jar (4.7 kB at 226 kB/s)
2026.05.20 22:55:16 INFO  [INFO] SUCCESS: org.springframework.boot:spring-boot-starter-jackson:jar:4.0.5:compile (sources = true)
2026.05.20 22:55:16 INFO  [INFO] Resolving artifact: org.springframework:spring-tx:jar:7.0.6:compile (sources = false)
2026.05.20 22:55:16 INFO  [INFO] SUCCESS: org.springframework:spring-tx:jar:7.0.6:compile (sources = false)
2026.05.20 22:55:16 INFO  [INFO] Resolving artifact: org.springframework:spring-tx:jar:7.0.6:compile (sources = true)
2026.05.20 22:55:16 INFO  Downloading from central: https://repo.maven.apache.org/maven2/org/springframework/spring-tx/7.0.6/spring-tx-7.0.6-sources.jar
2026.05.20 22:55:16 INFO  Progress (1): 7.7/302 kB
2026.05.20 22:55:16 INFO  Progress (1): 12/302 kB 
2026.05.20 22:55:16 INFO  Progress (1): 29/302 kB
2026.05.20 22:55:16 INFO  Progress (1): 45/302 kB
2026.05.20 22:55:16 INFO  Progress (1): 61/302 kB
2026.05.20 22:55:16 INFO  Progress (1): 78/302 kB
2026.05.20 22:55:16 INFO  Progress (1): 94/302 kB
2026.05.20 22:55:16 INFO  Progress (1): 111/302 kB
2026.05.20 22:55:16 INFO  Progress (1): 127/302 kB
2026.05.20 22:55:16 INFO  Progress (1): 143/302 kB
2026.05.20 22:55:16 INFO  Progress (1): 160/302 kB
2026.05.20 22:55:16 INFO  Progress (1): 176/302 kB
2026.05.20 22:55:16 INFO  Progress (1): 193/302 kB
2026.05.20 22:55:16 INFO  Progress (1): 209/302 kB
2026.05.20 22:55:16 INFO  Progress (1): 225/302 kB
2026.05.20 22:55:16 INFO  Progress (1): 242/302 kB
2026.05.20 22:55:16 INFO  Progress (1): 258/302 kB
2026.05.20 22:55:16 INFO  Progress (1): 274/302 kB
2026.05.20 22:55:16 INFO  Progress (1): 291/302 kB
2026.05.20 22:55:16 INFO  Progress (1): 302 kB    
2026.05.20 22:55:16 INFO                      
2026.05.20 22:55:16 INFO  Downloaded from central: https://repo.maven.apache.org/maven2/org/springframework/spring-tx/7.0.6/spring-tx-7.0.6-sources.jar (302 kB at 10 MB/s)
2026.05.20 22:55:16 INFO  [INFO] SUCCESS: org.springframework:spring-tx:jar:7.0.6:compile (sources = true)
2026.05.20 22:55:16 INFO  [INFO] Resolving artifact: org.springframework.boot:spring-boot-starter-tomcat-runtime:jar:4.0.5:compile (sources = false)
2026.05.20 22:55:16 INFO  [INFO] SUCCESS: org.springframework.boot:spring-boot-starter-tomcat-runtime:jar:4.0.5:compile (sources = false)
2026.05.20 22:55:16 INFO  [INFO] Resolving artifact: org.springframework.boot:spring-boot-starter-tomcat-runtime:jar:4.0.5:compile (sources = true)
2026.05.20 22:55:16 INFO  Downloading from central: https://repo.maven.apache.org/maven2/org/springframework/boot/spring-boot-starter-tomcat-runtime/4.0.5/spring-boot-starter-tomcat-runtime-4.0.5-sources.jar
2026.05.20 22:55:16 INFO  Progress (1): 4.1/4.7 kB
2026.05.20 22:55:16 INFO  Progress (1): 4.7 kB    
2026.05.20 22:55:16 INFO                      
2026.05.20 22:55:16 INFO  Downloaded from central: https://repo.maven.apache.org/maven2/org/springframework/boot/spring-boot-starter-tomcat-runtime/4.0.5/spring-boot-starter-tomcat-runtime-4.0.5-sources.jar (4.7 kB at 198 kB/s)
2026.05.20 22:55:16 INFO  [INFO] SUCCESS: org.springframework.boot:spring-boot-starter-tomcat-runtime:jar:4.0.5:compile (sources = true)
2026.05.20 22:55:16 INFO  [INFO] Resolving artifact: org.webjars:swagger-ui:jar:5.21.0:compile (sources = false)
2026.05.20 22:55:16 INFO  [INFO] SUCCESS: org.webjars:swagger-ui:jar:5.21.0:compile (sources = false)
2026.05.20 22:55:16 INFO  [INFO] Resolving artifact: org.webjars:swagger-ui:jar:5.21.0:compile (sources = true)
2026.05.20 22:55:16 INFO  Downloading from central: https://repo.maven.apache.org/maven2/org/webjars/swagger-ui/5.21.0/swagger-ui-5.21.0-sources.jar
2026.05.20 22:55:16 INFO  [ERROR] FAILURE org.webjars:swagger-ui:jar:5.21.0:compile (sources = true)
2026.05.20 22:55:16 INFO  org.eclipse.aether.resolution.ArtifactResolutionException: The following artifacts could not be resolved: org.webjars:swagger-ui:jar:sources:5.21.0 (absent): Could not find artifact org.webjars:swagger-ui:jar:sources:5.21.0 in central (https://repo.maven.apache.org/maven2)
2026.05.20 22:55:16 INFO      at org.eclipse.aether.internal.impl.DefaultArtifactResolver.resolve (DefaultArtifactResolver.java:473)
2026.05.20 22:55:16 INFO      at org.eclipse.aether.internal.impl.DefaultArtifactResolver.resolveArtifacts (DefaultArtifactResolver.java:261)
2026.05.20 22:55:16 INFO      at org.eclipse.aether.internal.impl.DefaultArtifactResolver.resolveArtifact (DefaultArtifactResolver.java:243)
2026.05.20 22:55:16 INFO      at org.eclipse.aether.internal.impl.DefaultRepositorySystem.resolveArtifact (DefaultRepositorySystem.java:278)
2026.05.20 22:55:16 INFO      at bloop.integrations.maven.MojoImplementation$.bloop$integrations$maven$MojoImplementation$$resolveArtifact$1 (MojoImplementation.scala:115)
2026.05.20 22:55:16 INFO      at bloop.integrations.maven.MojoImplementation$$anonfun$2.applyOrElse (MojoImplementation.scala:240)
2026.05.20 22:55:16 INFO      at bloop.integrations.maven.MojoImplementation$$anonfun$2.applyOrElse (MojoImplementation.scala:222)
2026.05.20 22:55:16 INFO      at scala.collection.StrictOptimizedIterableOps.collect (StrictOptimizedIterableOps.scala:151)
2026.05.20 22:55:16 INFO      at scala.collection.StrictOptimizedIterableOps.collect$ (StrictOptimizedIterableOps.scala:136)
2026.05.20 22:55:16 INFO      at scala.collection.mutable.HashSet.collect (HashSet.scala:31)
2026.05.20 22:55:16 INFO      at bloop.integrations.maven.MojoImplementation$.writeConfig$1 (MojoImplementation.scala:222)
2026.05.20 22:55:16 INFO      at bloop.integrations.maven.MojoImplementation$.writeCompileAndTestConfiguration (MojoImplementation.scala:298)
2026.05.20 22:55:16 INFO      at bloop.integrations.maven.MojoImplementation.writeCompileAndTestConfiguration (MojoImplementation.scala)
2026.05.20 22:55:16 INFO      at bloop.integrations.maven.BloopMojo.execute (BloopMojo.java:105)
2026.05.20 22:55:16 INFO      at org.apache.maven.plugin.DefaultBuildPluginManager.executeMojo (DefaultBuildPluginManager.java:126)
2026.05.20 22:55:16 INFO      at org.apache.maven.lifecycle.internal.MojoExecutor.doExecute2 (MojoExecutor.java:328)
2026.05.20 22:55:16 INFO      at org.apache.maven.lifecycle.internal.MojoExecutor.doExecute (MojoExecutor.java:316)
2026.05.20 22:55:16 INFO      at org.apache.maven.lifecycle.internal.MojoExecutor.execute (MojoExecutor.java:212)
2026.05.20 22:55:16 INFO      at org.apache.maven.lifecycle.internal.MojoExecutor.execute (MojoExecutor.java:174)
2026.05.20 22:55:16 INFO      at org.apache.maven.lifecycle.internal.MojoExecutor.access$000 (MojoExecutor.java:75)
2026.05.20 22:55:16 INFO      at org.apache.maven.lifecycle.internal.MojoExecutor$1.run (MojoExecutor.java:162)
2026.05.20 22:55:16 INFO      at org.apache.maven.plugin.DefaultMojosExecutionStrategy.execute (DefaultMojosExecutionStrategy.java:39)
2026.05.20 22:55:16 INFO      at org.apache.maven.lifecycle.internal.MojoExecutor.execute (MojoExecutor.java:159)
2026.05.20 22:55:16 INFO      at org.apache.maven.lifecycle.internal.LifecycleModuleBuilder.buildProject (LifecycleModuleBuilder.java:105)
2026.05.20 22:55:16 INFO      at org.apache.maven.lifecycle.internal.LifecycleModuleBuilder.buildProject (LifecycleModuleBuilder.java:73)
2026.05.20 22:55:16 INFO      at org.apache.maven.lifecycle.internal.builder.singlethreaded.SingleThreadedBuilder.build (SingleThreadedBuilder.java:53)
2026.05.20 22:55:16 INFO      at org.apache.maven.lifecycle.internal.LifecycleStarter.execute (LifecycleStarter.java:118)
2026.05.20 22:55:16 INFO      at org.apache.maven.DefaultMaven.doExecute (DefaultMaven.java:261)
2026.05.20 22:55:16 INFO      at org.apache.maven.DefaultMaven.doExecute (DefaultMaven.java:173)
2026.05.20 22:55:16 INFO      at org.apache.maven.DefaultMaven.execute (DefaultMaven.java:101)
2026.05.20 22:55:16 INFO      at org.apache.maven.cli.MavenCli.execute (MavenCli.java:906)
2026.05.20 22:55:16 INFO      at org.apache.maven.cli.MavenCli.doMain (MavenCli.java:283)
2026.05.20 22:55:16 INFO      at org.apache.maven.cli.MavenCli.main (MavenCli.java:206)
2026.05.20 22:55:16 INFO      at jdk.internal.reflect.NativeMethodAccessorImpl.invoke0 (Native Method)
2026.05.20 22:55:16 INFO      at jdk.internal.reflect.NativeMethodAccessorImpl.invoke (NativeMethodAccessorImpl.java:62)
2026.05.20 22:55:16 INFO      at jdk.internal.reflect.DelegatingMethodAccessorImpl.invoke (DelegatingMethodAccessorImpl.java:43)
2026.05.20 22:55:16 INFO      at java.lang.reflect.Method.invoke (Method.java:566)
2026.05.20 22:55:16 INFO      at org.codehaus.plexus.classworlds.launcher.Launcher.launchEnhanced (Launcher.java:255)
2026.05.20 22:55:16 INFO      at org.codehaus.plexus.classworlds.launcher.Launcher.launch (Launcher.java:201)
2026.05.20 22:55:16 INFO      at org.codehaus.plexus.classworlds.launcher.Launcher.mainWithExitCode (Launcher.java:361)
2026.05.20 22:55:16 INFO      at org.codehaus.plexus.classworlds.launcher.Launcher.main (Launcher.java:314)
2026.05.20 22:55:16 INFO      at jdk.internal.reflect.NativeMethodAccessorImpl.invoke0 (Native Method)
2026.05.20 22:55:16 INFO      at jdk.internal.reflect.NativeMethodAccessorImpl.invoke (NativeMethodAccessorImpl.java:62)
2026.05.20 22:55:16 INFO      at jdk.internal.reflect.DelegatingMethodAccessorImpl.invoke (DelegatingMethodAccessorImpl.java:43)
2026.05.20 22:55:16 INFO      at java.lang.reflect.Method.invoke (Method.java:566)
2026.05.20 22:55:16 INFO      at org.apache.maven.wrapper.BootstrapMainStarter.start (BootstrapMainStarter.java:52)
2026.05.20 22:55:16 INFO      at org.apache.maven.wrapper.WrapperExecutor.execute (WrapperExecutor.java:161)
2026.05.20 22:55:16 INFO      at org.apache.maven.wrapper.MavenWrapperMain.main (MavenWrapperMain.java:73)
2026.05.20 22:55:16 INFO  Caused by: org.eclipse.aether.transfer.ArtifactNotFoundException: Could not find artifact org.webjars:swagger-ui:jar:sources:5.21.0 in central (https://repo.maven.apache.org/maven2)
2026.05.20 22:55:16 INFO      at org.eclipse.aether.connector.basic.ArtifactTransportListener.transferFailed (ArtifactTransportListener.java:42)
2026.05.20 22:55:16 INFO      at org.eclipse.aether.connector.basic.BasicRepositoryConnector$TaskRunner.run (BasicRepositoryConnector.java:417)
2026.05.20 22:55:16 INFO      at org.eclipse.aether.connector.basic.BasicRepositoryConnector.get (BasicRepositoryConnector.java:260)
2026.05.20 22:55:16 INFO      at org.eclipse.aether.internal.impl.DefaultArtifactResolver.performDownloads (DefaultArtifactResolver.java:537)
2026.05.20 22:55:16 INFO      at org.eclipse.aether.internal.impl.DefaultArtifactResolver.resolve (DefaultArtifactResolver.java:449)
2026.05.20 22:55:16 INFO      at org.eclipse.aether.internal.impl.DefaultArtifactResolver.resolveArtifacts (DefaultArtifactResolver.java:261)
2026.05.20 22:55:16 INFO      at org.eclipse.aether.internal.impl.DefaultArtifactResolver.resolveArtifact (DefaultArtifactResolver.java:243)
2026.05.20 22:55:16 INFO      at org.eclipse.aether.internal.impl.DefaultRepositorySystem.resolveArtifact (DefaultRepositorySystem.java:278)
2026.05.20 22:55:16 INFO      at bloop.integrations.maven.MojoImplementation$.bloop$integrations$maven$MojoImplementation$$resolveArtifact$1 (MojoImplementation.scala:115)
2026.05.20 22:55:16 INFO      at bloop.integrations.maven.MojoImplementation$$anonfun$2.applyOrElse (MojoImplementation.scala:240)
2026.05.20 22:55:16 INFO      at bloop.integrations.maven.MojoImplementation$$anonfun$2.applyOrElse (MojoImplementation.scala:222)
2026.05.20 22:55:16 INFO      at scala.collection.StrictOptimizedIterableOps.collect (StrictOptimizedIterableOps.scala:151)
2026.05.20 22:55:16 INFO      at scala.collection.StrictOptimizedIterableOps.collect$ (StrictOptimizedIterableOps.scala:136)
2026.05.20 22:55:16 INFO      at scala.collection.mutable.HashSet.collect (HashSet.scala:31)
2026.05.20 22:55:16 INFO      at bloop.integrations.maven.MojoImplementation$.writeConfig$1 (MojoImplementation.scala:222)
2026.05.20 22:55:16 INFO      at bloop.integrations.maven.MojoImplementation$.writeCompileAndTestConfiguration (MojoImplementation.scala:298)
2026.05.20 22:55:16 INFO      at bloop.integrations.maven.MojoImplementation.writeCompileAndTestConfiguration (MojoImplementation.scala)
2026.05.20 22:55:16 INFO      at bloop.integrations.maven.BloopMojo.execute (BloopMojo.java:105)
2026.05.20 22:55:16 INFO      at org.apache.maven.plugin.DefaultBuildPluginManager.executeMojo (DefaultBuildPluginManager.java:126)
2026.05.20 22:55:16 INFO      at org.apache.maven.lifecycle.internal.MojoExecutor.doExecute2 (MojoExecutor.java:328)
2026.05.20 22:55:16 INFO      at org.apache.maven.lifecycle.internal.MojoExecutor.doExecute (MojoExecutor.java:316)
2026.05.20 22:55:16 INFO      at org.apache.maven.lifecycle.internal.MojoExecutor.execute (MojoExecutor.java:212)
2026.05.20 22:55:16 INFO      at org.apache.maven.lifecycle.internal.MojoExecutor.execute (MojoExecutor.java:174)
2026.05.20 22:55:16 INFO      at org.apache.maven.lifecycle.internal.MojoExecutor.access$000 (MojoExecutor.java:75)
2026.05.20 22:55:16 INFO      at org.apache.maven.lifecycle.internal.MojoExecutor$1.run (MojoExecutor.java:162)
2026.05.20 22:55:16 INFO      at org.apache.maven.plugin.DefaultMojosExecutionStrategy.execute (DefaultMojosExecutionStrategy.java:39)
2026.05.20 22:55:16 INFO      at org.apache.maven.lifecycle.internal.MojoExecutor.execute (MojoExecutor.java:159)
2026.05.20 22:55:16 INFO      at org.apache.maven.lifecycle.internal.LifecycleModuleBuilder.buildProject (LifecycleModuleBuilder.java:105)
2026.05.20 22:55:16 INFO      at org.apache.maven.lifecycle.internal.LifecycleModuleBuilder.buildProject (LifecycleModuleBuilder.java:73)
2026.05.20 22:55:16 INFO      at org.apache.maven.lifecycle.internal.builder.singlethreaded.SingleThreadedBuilder.build (SingleThreadedBuilder.java:53)
2026.05.20 22:55:16 INFO      at org.apache.maven.lifecycle.internal.LifecycleStarter.execute (LifecycleStarter.java:118)
2026.05.20 22:55:16 INFO      at org.apache.maven.DefaultMaven.doExecute (DefaultMaven.java:261)
2026.05.20 22:55:16 INFO      at org.apache.maven.DefaultMaven.doExecute (DefaultMaven.java:173)
2026.05.20 22:55:16 INFO      at org.apache.maven.DefaultMaven.execute (DefaultMaven.java:101)
2026.05.20 22:55:16 INFO      at org.apache.maven.cli.MavenCli.execute (MavenCli.java:906)
2026.05.20 22:55:16 INFO      at org.apache.maven.cli.MavenCli.doMain (MavenCli.java:283)
2026.05.20 22:55:16 INFO      at org.apache.maven.cli.MavenCli.main (MavenCli.java:206)
2026.05.20 22:55:16 INFO      at jdk.internal.reflect.NativeMethodAccessorImpl.invoke0 (Native Method)
2026.05.20 22:55:16 INFO      at jdk.internal.reflect.NativeMethodAccessorImpl.invoke (NativeMethodAccessorImpl.java:62)
2026.05.20 22:55:16 INFO      at jdk.internal.reflect.DelegatingMethodAccessorImpl.invoke (DelegatingMethodAccessorImpl.java:43)
2026.05.20 22:55:16 INFO      at java.lang.reflect.Method.invoke (Method.java:566)
2026.05.20 22:55:16 INFO      at org.codehaus.plexus.classworlds.launcher.Launcher.launchEnhanced (Launcher.java:255)
2026.05.20 22:55:16 INFO      at org.codehaus.plexus.classworlds.launcher.Launcher.launch (Launcher.java:201)
2026.05.20 22:55:16 INFO      at org.codehaus.plexus.classworlds.launcher.Launcher.mainWithExitCode (Launcher.java:361)
2026.05.20 22:55:16 INFO      at org.codehaus.plexus.classworlds.launcher.Launcher.main (Launcher.java:314)
2026.05.20 22:55:16 INFO      at jdk.internal.reflect.NativeMethodAccessorImpl.invoke0 (Native Method)
2026.05.20 22:55:16 INFO      at jdk.internal.reflect.NativeMethodAccessorImpl.invoke (NativeMethodAccessorImpl.java:62)
2026.05.20 22:55:16 INFO      at jdk.internal.reflect.DelegatingMethodAccessorImpl.invoke (DelegatingMethodAccessorImpl.java:43)
2026.05.20 22:55:16 INFO      at java.lang.reflect.Method.invoke (Method.java:566)
2026.05.20 22:55:16 INFO      at org.apache.maven.wrapper.BootstrapMainStarter.start (BootstrapMainStarter.java:52)
2026.05.20 22:55:16 INFO      at org.apache.maven.wrapper.WrapperExecutor.execute (WrapperExecutor.java:161)
2026.05.20 22:55:16 INFO      at org.apache.maven.wrapper.MavenWrapperMain.main (MavenWrapperMain.java:73)
2026.05.20 22:55:16 INFO  [INFO] Resolving artifact: net.bytebuddy:byte-buddy:jar:1.17.8:runtime (sources = false)
2026.05.20 22:55:16 INFO  [INFO] SUCCESS: net.bytebuddy:byte-buddy:jar:1.17.8:runtime (sources = false)
2026.05.20 22:55:16 INFO  [INFO] Resolving artifact: net.bytebuddy:byte-buddy:jar:1.17.8:runtime (sources = true)
2026.05.20 22:55:16 INFO  Downloading from central: https://repo.maven.apache.org/maven2/net/bytebuddy/byte-buddy/1.17.8/byte-buddy-1.17.8-sources.jar
2026.05.20 22:55:16 INFO  Progress (1): 0/2.7 MB
2026.05.20 22:55:16 INFO  Progress (1): 0/2.7 MB
2026.05.20 22:55:16 INFO  Progress (1): 0/2.7 MB
2026.05.20 22:55:16 INFO  Progress (1): 0/2.7 MB
2026.05.20 22:55:16 INFO  Progress (1): 0.1/2.7 MB
2026.05.20 22:55:16 INFO  Progress (1): 0.1/2.7 MB
2026.05.20 22:55:16 INFO  Progress (1): 0.1/2.7 MB
2026.05.20 22:55:16 INFO  Progress (1): 0.1/2.7 MB
2026.05.20 22:55:16 INFO  Progress (1): 0.1/2.7 MB
2026.05.20 22:55:16 INFO  Progress (1): 0.1/2.7 MB
2026.05.20 22:55:16 INFO  Progress (1): 0.2/2.7 MB
2026.05.20 22:55:16 INFO  Progress (1): 0.2/2.7 MB
2026.05.20 22:55:16 INFO  Progress (1): 0.2/2.7 MB
2026.05.20 22:55:16 INFO  Progress (1): 0.2/2.7 MB
2026.05.20 22:55:16 INFO  Progress (1): 0.2/2.7 MB
2026.05.20 22:55:16 INFO  Progress (1): 0.2/2.7 MB
2026.05.20 22:55:16 INFO  Progress (1): 0.2/2.7 MB
2026.05.20 22:55:16 INFO  Progress (1): 0.3/2.7 MB
2026.05.20 22:55:16 INFO  Progress (1): 0.3/2.7 MB
2026.05.20 22:55:16 INFO  Progress (1): 0.3/2.7 MB
2026.05.20 22:55:16 INFO  Progress (1): 0.3/2.7 MB
2026.05.20 22:55:16 INFO  Progress (1): 0.3/2.7 MB
2026.05.20 22:55:16 INFO  Progress (1): 0.3/2.7 MB
2026.05.20 22:55:16 INFO  Progress (1): 0.4/2.7 MB
2026.05.20 22:55:16 INFO  Progress (1): 0.4/2.7 MB
2026.05.20 22:55:16 INFO  Progress (1): 0.4/2.7 MB
2026.05.20 22:55:16 INFO  Progress (1): 0.4/2.7 MB
2026.05.20 22:55:16 INFO  Progress (1): 0.4/2.7 MB
2026.05.20 22:55:16 INFO  Progress (1): 0.4/2.7 MB
2026.05.20 22:55:16 INFO  Progress (1): 0.5/2.7 MB
2026.05.20 22:55:16 INFO  Progress (1): 0.5/2.7 MB
2026.05.20 22:55:16 INFO  Progress (1): 0.5/2.7 MB
2026.05.20 22:55:16 INFO  Progress (1): 0.5/2.7 MB
2026.05.20 22:55:16 INFO  Progress (1): 0.5/2.7 MB
2026.05.20 22:55:16 INFO  Progress (1): 0.5/2.7 MB
2026.05.20 22:55:16 INFO  Progress (1): 0.6/2.7 MB
2026.05.20 22:55:16 INFO  Progress (1): 0.6/2.7 MB
2026.05.20 22:55:16 INFO  Progress (1): 0.6/2.7 MB
2026.05.20 22:55:16 INFO  Progress (1): 0.6/2.7 MB
2026.05.20 22:55:16 INFO  Progress (1): 0.6/2.7 MB
2026.05.20 22:55:16 INFO  Progress (1): 0.6/2.7 MB
2026.05.20 22:55:16 INFO  Progress (1): 0.7/2.7 MB
2026.05.20 22:55:16 INFO  Progress (1): 0.7/2.7 MB
2026.05.20 22:55:16 INFO  Progress (1): 0.7/2.7 MB
2026.05.20 22:55:16 INFO  Progress (1): 0.7/2.7 MB
2026.05.20 22:55:16 INFO  Progress (1): 0.7/2.7 MB
2026.05.20 22:55:16 INFO  Progress (1): 0.7/2.7 MB
2026.05.20 22:55:16 INFO  Progress (1): 0.8/2.7 MB
2026.05.20 22:55:16 INFO  Progress (1): 0.8/2.7 MB
2026.05.20 22:55:16 INFO  Progress (1): 0.8/2.7 MB
2026.05.20 22:55:16 INFO  Progress (1): 0.8/2.7 MB
2026.05.20 22:55:16 INFO  Progress (1): 0.8/2.7 MB
2026.05.20 22:55:16 INFO  Progress (1): 0.8/2.7 MB
2026.05.20 22:55:16 INFO  Progress (1): 0.9/2.7 MB
2026.05.20 22:55:16 INFO  Progress (1): 0.9/2.7 MB
2026.05.20 22:55:16 INFO  Progress (1): 0.9/2.7 MB
2026.05.20 22:55:16 INFO  Progress (1): 0.9/2.7 MB
2026.05.20 22:55:16 INFO  Progress (1): 0.9/2.7 MB
2026.05.20 22:55:16 INFO  Progress (1): 0.9/2.7 MB
2026.05.20 22:55:16 INFO  Progress (1): 1.0/2.7 MB
2026.05.20 22:55:16 INFO  Progress (1): 1.0/2.7 MB
2026.05.20 22:55:16 INFO  Progress (1): 1.0/2.7 MB
2026.05.20 22:55:16 INFO  Progress (1): 1.0/2.7 MB
2026.05.20 22:55:16 INFO  Progress (1): 1.0/2.7 MB
2026.05.20 22:55:16 INFO  Progress (1): 1.0/2.7 MB
2026.05.20 22:55:16 INFO  Progress (1): 1.0/2.7 MB
2026.05.20 22:55:16 INFO  Progress (1): 1.1/2.7 MB
2026.05.20 22:55:16 INFO  Progress (1): 1.1/2.7 MB
2026.05.20 22:55:16 INFO  Progress (1): 1.1/2.7 MB
2026.05.20 22:55:16 INFO  Progress (1): 1.1/2.7 MB
2026.05.20 22:55:16 INFO  Progress (1): 1.1/2.7 MB
2026.05.20 22:55:16 INFO  Progress (1): 1.1/2.7 MB
2026.05.20 22:55:16 INFO  Progress (1): 1.2/2.7 MB
2026.05.20 22:55:16 INFO  Progress (1): 1.2/2.7 MB
2026.05.20 22:55:16 INFO  Progress (1): 1.2/2.7 MB
2026.05.20 22:55:16 INFO  Progress (1): 1.2/2.7 MB
2026.05.20 22:55:16 INFO  Progress (1): 1.2/2.7 MB
2026.05.20 22:55:16 INFO  Progress (1): 1.2/2.7 MB
2026.05.20 22:55:16 INFO  Progress (1): 1.2/2.7 MB
2026.05.20 22:55:16 INFO  Progress (1): 1.3/2.7 MB
2026.05.20 22:55:16 INFO  Progress (1): 1.3/2.7 MB
2026.05.20 22:55:16 INFO  Progress (1): 1.3/2.7 MB
2026.05.20 22:55:16 INFO  Progress (1): 1.3/2.7 MB
2026.05.20 22:55:16 INFO  Progress (1): 1.3/2.7 MB
2026.05.20 22:55:16 INFO  Progress (1): 1.3/2.7 MB
2026.05.20 22:55:16 INFO  Progress (1): 1.4/2.7 MB
2026.05.20 22:55:16 INFO  Progress (1): 1.4/2.7 MB
2026.05.20 22:55:16 INFO  Progress (1): 1.4/2.7 MB
2026.05.20 22:55:16 INFO  Progress (1): 1.4/2.7 MB
2026.05.20 22:55:16 INFO  Progress (1): 1.4/2.7 MB
2026.05.20 22:55:16 INFO  Progress (1): 1.4/2.7 MB
2026.05.20 22:55:16 INFO  Progress (1): 1.5/2.7 MB
2026.05.20 22:55:16 INFO  Progress (1): 1.5/2.7 MB
2026.05.20 22:55:16 INFO  Progress (1): 1.5/2.7 MB
2026.05.20 22:55:17 INFO  Progress (1): 1.5/2.7 MB
2026.05.20 22:55:17 INFO  Progress (1): 1.5/2.7 MB
2026.05.20 22:55:17 INFO  Progress (1): 1.5/2.7 MB
2026.05.20 22:55:17 INFO  Progress (1): 1.5/2.7 MB
2026.05.20 22:55:17 INFO  Progress (1): 1.6/2.7 MB
2026.05.20 22:55:17 INFO  Progress (1): 1.6/2.7 MB
2026.05.20 22:55:17 INFO  Progress (1): 1.6/2.7 MB
2026.05.20 22:55:17 INFO  Progress (1): 1.6/2.7 MB
2026.05.20 22:55:17 INFO  Progress (1): 1.6/2.7 MB
2026.05.20 22:55:17 INFO  Progress (1): 1.6/2.7 MB
2026.05.20 22:55:17 INFO  Progress (1): 1.7/2.7 MB
2026.05.20 22:55:17 INFO  Progress (1): 1.7/2.7 MB
2026.05.20 22:55:17 INFO  Progress (1): 1.7/2.7 MB
2026.05.20 22:55:17 INFO  Progress (1): 1.7/2.7 MB
2026.05.20 22:55:17 INFO  Progress (1): 1.7/2.7 MB
2026.05.20 22:55:17 INFO  Progress (1): 1.7/2.7 MB
2026.05.20 22:55:17 INFO  Progress (1): 1.8/2.7 MB
2026.05.20 22:55:17 INFO  Progress (1): 1.8/2.7 MB
2026.05.20 22:55:17 INFO  Progress (1): 1.8/2.7 MB
2026.05.20 22:55:17 INFO  Progress (1): 1.8/2.7 MB
2026.05.20 22:55:17 INFO  Progress (1): 1.8/2.7 MB
2026.05.20 22:55:17 INFO  Progress (1): 1.8/2.7 MB
2026.05.20 22:55:17 INFO  Progress (1): 1.8/2.7 MB
2026.05.20 22:55:17 INFO  Progress (1): 1.9/2.7 MB
2026.05.20 22:55:17 INFO  Progress (1): 1.9/2.7 MB
2026.05.20 22:55:17 INFO  Progress (1): 1.9/2.7 MB
2026.05.20 22:55:17 INFO  Progress (1): 1.9/2.7 MB
2026.05.20 22:55:17 INFO  Progress (1): 1.9/2.7 MB
2026.05.20 22:55:17 INFO  Progress (1): 1.9/2.7 MB
2026.05.20 22:55:17 INFO  Progress (1): 2.0/2.7 MB
2026.05.20 22:55:17 INFO  Progress (1): 2.0/2.7 MB
2026.05.20 22:55:17 INFO  Progress (1): 2.0/2.7 MB
2026.05.20 22:55:17 INFO  Progress (1): 2.0/2.7 MB
2026.05.20 22:55:17 INFO  Progress (1): 2.0/2.7 MB
2026.05.20 22:55:17 INFO  Progress (1): 2.0/2.7 MB
2026.05.20 22:55:17 INFO  Progress (1): 2.1/2.7 MB
2026.05.20 22:55:17 INFO  Progress (1): 2.1/2.7 MB
2026.05.20 22:55:17 INFO  Progress (1): 2.1/2.7 MB
2026.05.20 22:55:17 INFO  Progress (1): 2.1/2.7 MB
2026.05.20 22:55:17 INFO  Progress (1): 2.1/2.7 MB
2026.05.20 22:55:17 INFO  Progress (1): 2.1/2.7 MB
2026.05.20 22:55:17 INFO  Progress (1): 2.2/2.7 MB
2026.05.20 22:55:17 INFO  Progress (1): 2.2/2.7 MB
2026.05.20 22:55:17 INFO  Progress (1): 2.2/2.7 MB
2026.05.20 22:55:17 INFO  Progress (1): 2.2/2.7 MB
2026.05.20 22:55:17 INFO  Progress (1): 2.2/2.7 MB
2026.05.20 22:55:17 INFO  Progress (1): 2.2/2.7 MB
2026.05.20 22:55:17 INFO  Progress (1): 2.3/2.7 MB
2026.05.20 22:55:17 INFO  Progress (1): 2.3/2.7 MB
2026.05.20 22:55:17 INFO  Progress (1): 2.3/2.7 MB
2026.05.20 22:55:17 INFO  Progress (1): 2.3/2.7 MB
2026.05.20 22:55:17 INFO  Progress (1): 2.3/2.7 MB
2026.05.20 22:55:17 INFO  Progress (1): 2.3/2.7 MB
2026.05.20 22:55:17 INFO  Progress (1): 2.3/2.7 MB
2026.05.20 22:55:17 INFO  Progress (1): 2.4/2.7 MB
2026.05.20 22:55:17 INFO  Progress (1): 2.4/2.7 MB
2026.05.20 22:55:17 INFO  Progress (1): 2.4/2.7 MB
2026.05.20 22:55:17 INFO  Progress (1): 2.4/2.7 MB
2026.05.20 22:55:17 INFO  Progress (1): 2.4/2.7 MB
2026.05.20 22:55:17 INFO  Progress (1): 2.4/2.7 MB
2026.05.20 22:55:17 INFO  Progress (1): 2.5/2.7 MB
2026.05.20 22:55:17 INFO  Progress (1): 2.5/2.7 MB
2026.05.20 22:55:17 INFO  Progress (1): 2.5/2.7 MB
2026.05.20 22:55:17 INFO  Progress (1): 2.5/2.7 MB
2026.05.20 22:55:17 INFO  Progress (1): 2.5/2.7 MB
2026.05.20 22:55:17 INFO  Progress (1): 2.5/2.7 MB
2026.05.20 22:55:17 INFO  Progress (1): 2.6/2.7 MB
2026.05.20 22:55:17 INFO  Progress (1): 2.6/2.7 MB
2026.05.20 22:55:17 INFO  Progress (1): 2.6/2.7 MB
2026.05.20 22:55:17 INFO  Progress (1): 2.6/2.7 MB
2026.05.20 22:55:17 INFO  Progress (1): 2.6/2.7 MB
2026.05.20 22:55:17 INFO  Progress (1): 2.6/2.7 MB
2026.05.20 22:55:17 INFO  Progress (1): 2.7/2.7 MB
2026.05.20 22:55:17 INFO  Progress (1): 2.7/2.7 MB
2026.05.20 22:55:17 INFO  Progress (1): 2.7/2.7 MB
2026.05.20 22:55:17 INFO  Progress (1): 2.7 MB    
2026.05.20 22:55:17 INFO                      
2026.05.20 22:55:17 INFO  Downloaded from central: https://repo.maven.apache.org/maven2/net/bytebuddy/byte-buddy/1.17.8/byte-buddy-1.17.8-sources.jar (2.7 MB at 17 MB/s)
2026.05.20 22:55:17 INFO  [INFO] SUCCESS: net.bytebuddy:byte-buddy:jar:1.17.8:runtime (sources = true)
2026.05.20 22:55:17 INFO  [INFO] Resolving artifact: org.springdoc:springdoc-openapi-starter-common:jar:2.8.8:compile (sources = false)
2026.05.20 22:55:17 INFO  [INFO] SUCCESS: org.springdoc:springdoc-openapi-starter-common:jar:2.8.8:compile (sources = false)
2026.05.20 22:55:17 INFO  [INFO] Resolving artifact: org.springdoc:springdoc-openapi-starter-common:jar:2.8.8:compile (sources = true)
2026.05.20 22:55:17 INFO  Downloading from central: https://repo.maven.apache.org/maven2/org/springdoc/springdoc-openapi-starter-common/2.8.8/springdoc-openapi-starter-common-2.8.8-sources.jar
2026.05.20 22:55:17 INFO  Progress (1): 7.7/336 kB
2026.05.20 22:55:17 INFO  Progress (1): 16/336 kB 
2026.05.20 22:55:17 INFO  Progress (1): 32/336 kB
2026.05.20 22:55:17 INFO  Progress (1): 49/336 kB
2026.05.20 22:55:17 INFO  Progress (1): 61/336 kB
2026.05.20 22:55:17 INFO  Progress (1): 78/336 kB
2026.05.20 22:55:17 INFO  Progress (1): 94/336 kB
2026.05.20 22:55:17 INFO  Progress (1): 111/336 kB
2026.05.20 22:55:17 INFO  Progress (1): 127/336 kB
2026.05.20 22:55:17 INFO  Progress (1): 143/336 kB
2026.05.20 22:55:17 INFO  Progress (1): 160/336 kB
2026.05.20 22:55:17 INFO  Progress (1): 176/336 kB
2026.05.20 22:55:17 INFO  Progress (1): 193/336 kB
2026.05.20 22:55:17 INFO  Progress (1): 209/336 kB
2026.05.20 22:55:17 INFO  Progress (1): 225/336 kB
2026.05.20 22:55:17 INFO  Progress (1): 242/336 kB
2026.05.20 22:55:17 INFO  Progress (1): 258/336 kB
2026.05.20 22:55:17 INFO  Progress (1): 274/336 kB
2026.05.20 22:55:17 INFO  Progress (1): 291/336 kB
2026.05.20 22:55:17 INFO  Progress (1): 307/336 kB
2026.05.20 22:55:17 INFO  Progress (1): 324/336 kB
2026.05.20 22:55:17 INFO  Progress (1): 336 kB    
2026.05.20 22:55:17 INFO                      
2026.05.20 22:55:17 INFO  Downloaded from central: https://repo.maven.apache.org/maven2/org/springdoc/springdoc-openapi-starter-common/2.8.8/springdoc-openapi-starter-common-2.8.8-sources.jar (336 kB at 8.6 MB/s)
2026.05.20 22:55:17 INFO  [INFO] SUCCESS: org.springdoc:springdoc-openapi-starter-common:jar:2.8.8:compile (sources = true)
2026.05.20 22:55:17 INFO  [INFO] Resolving artifact: io.swagger.core.v3:swagger-core-jakarta:jar:2.2.30:compile (sources = false)
2026.05.20 22:55:17 INFO  [INFO] SUCCESS: io.swagger.core.v3:swagger-core-jakarta:jar:2.2.30:compile (sources = false)
2026.05.20 22:55:17 INFO  [INFO] Resolving artifact: io.swagger.core.v3:swagger-core-jakarta:jar:2.2.30:compile (sources = true)
2026.05.20 22:55:17 INFO  Downloading from central: https://repo.maven.apache.org/maven2/io/swagger/core/v3/swagger-core-jakarta/2.2.30/swagger-core-jakarta-2.2.30-sources.jar
2026.05.20 22:55:17 INFO  Progress (1): 7.7/114 kB
2026.05.20 22:55:17 INFO  Progress (1): 16/114 kB 
2026.05.20 22:55:17 INFO  Progress (1): 29/114 kB
2026.05.20 22:55:17 INFO  Progress (1): 45/114 kB
2026.05.20 22:55:17 INFO  Progress (1): 61/114 kB
2026.05.20 22:55:17 INFO  Progress (1): 78/114 kB
2026.05.20 22:55:17 INFO  Progress (1): 94/114 kB
2026.05.20 22:55:17 INFO  Progress (1): 111/114 kB
2026.05.20 22:55:17 INFO  Progress (1): 114 kB    
2026.05.20 22:55:17 INFO                      
2026.05.20 22:55:17 INFO  Downloaded from central: https://repo.maven.apache.org/maven2/io/swagger/core/v3/swagger-core-jakarta/2.2.30/swagger-core-jakarta-2.2.30-sources.jar (114 kB at 4.4 MB/s)
2026.05.20 22:55:17 INFO  [INFO] SUCCESS: io.swagger.core.v3:swagger-core-jakarta:jar:2.2.30:compile (sources = true)
2026.05.20 22:55:17 INFO  [INFO] Resolving artifact: org.springframework.boot:spring-boot-web-server:jar:4.0.5:compile (sources = false)
2026.05.20 22:55:17 INFO  [INFO] SUCCESS: org.springframework.boot:spring-boot-web-server:jar:4.0.5:compile (sources = false)
2026.05.20 22:55:17 INFO  [INFO] Resolving artifact: org.springframework.boot:spring-boot-web-server:jar:4.0.5:compile (sources = true)
2026.05.20 22:55:17 INFO  Downloading from central: https://repo.maven.apache.org/maven2/org/springframework/boot/spring-boot-web-server/4.0.5/spring-boot-web-server-4.0.5-sources.jar
2026.05.20 22:55:17 INFO  Progress (1): 7.7/129 kB
2026.05.20 22:55:17 INFO  Progress (1): 15/129 kB 
2026.05.20 22:55:17 INFO  Progress (1): 32/129 kB
2026.05.20 22:55:17 INFO  Progress (1): 48/129 kB
2026.05.20 22:55:17 INFO  Progress (1): 65/129 kB
2026.05.20 22:55:17 INFO  Progress (1): 81/129 kB
2026.05.20 22:55:17 INFO  Progress (1): 97/129 kB
2026.05.20 22:55:17 INFO  Progress (1): 114/129 kB
2026.05.20 22:55:17 INFO  Progress (1): 129 kB    
2026.05.20 22:55:17 INFO                      
2026.05.20 22:55:17 INFO  Downloaded from central: https://repo.maven.apache.org/maven2/org/springframework/boot/spring-boot-web-server/4.0.5/spring-boot-web-server-4.0.5-sources.jar (129 kB at 5.2 MB/s)
2026.05.20 22:55:17 INFO  [INFO] SUCCESS: org.springframework.boot:spring-boot-web-server:jar:4.0.5:compile (sources = true)
2026.05.20 22:55:17 INFO  [INFO] Resolving artifact: jakarta.activation:jakarta.activation-api:jar:2.1.4:compile (sources = false)
2026.05.20 22:55:17 INFO  [INFO] SUCCESS: jakarta.activation:jakarta.activation-api:jar:2.1.4:compile (sources = false)
2026.05.20 22:55:17 INFO  [INFO] Resolving artifact: jakarta.activation:jakarta.activation-api:jar:2.1.4:compile (sources = true)
2026.05.20 22:55:17 INFO  Downloading from central: https://repo.maven.apache.org/maven2/jakarta/activation/jakarta.activation-api/2.1.4/jakarta.activation-api-2.1.4-sources.jar
2026.05.20 22:55:17 INFO  Progress (1): 7.7/60 kB
2026.05.20 22:55:17 INFO  Progress (1): 16/60 kB 
2026.05.20 22:55:17 INFO  Progress (1): 32/60 kB
2026.05.20 22:55:17 INFO  Progress (1): 49/60 kB
2026.05.20 22:55:17 INFO  Progress (1): 57/60 kB
2026.05.20 22:55:17 INFO  Progress (1): 60 kB   
2026.05.20 22:55:17 INFO                     
2026.05.20 22:55:17 INFO  Downloaded from central: https://repo.maven.apache.org/maven2/jakarta/activation/jakarta.activation-api/2.1.4/jakarta.activation-api-2.1.4-sources.jar (60 kB at 2.1 MB/s)
2026.05.20 22:55:17 INFO  [INFO] SUCCESS: jakarta.activation:jakarta.activation-api:jar:2.1.4:compile (sources = true)
2026.05.20 22:55:17 INFO  [INFO] Resolving artifact: org.springframework:spring-webmvc:jar:7.0.6:compile (sources = false)
2026.05.20 22:55:17 INFO  [INFO] SUCCESS: org.springframework:spring-webmvc:jar:7.0.6:compile (sources = false)
2026.05.20 22:55:17 INFO  [INFO] Resolving artifact: org.springframework:spring-webmvc:jar:7.0.6:compile (sources = true)
2026.05.20 22:55:17 INFO  Downloading from central: https://repo.maven.apache.org/maven2/org/springframework/spring-webmvc/7.0.6/spring-webmvc-7.0.6-sources.jar
2026.05.20 22:55:17 INFO  Progress (1): 7.7/857 kB
2026.05.20 22:55:17 INFO  Progress (1): 16/857 kB 
2026.05.20 22:55:17 INFO  Progress (1): 25/857 kB
2026.05.20 22:55:17 INFO  Progress (1): 41/857 kB
2026.05.20 22:55:17 INFO  Progress (1): 57/857 kB
2026.05.20 22:55:17 INFO  Progress (1): 74/857 kB
2026.05.20 22:55:17 INFO  Progress (1): 90/857 kB
2026.05.20 22:55:17 INFO  Progress (1): 106/857 kB
2026.05.20 22:55:17 INFO  Progress (1): 123/857 kB
2026.05.20 22:55:17 INFO  Progress (1): 139/857 kB
2026.05.20 22:55:17 INFO  Progress (1): 156/857 kB
2026.05.20 22:55:17 INFO  Progress (1): 172/857 kB
2026.05.20 22:55:17 INFO  Progress (1): 188/857 kB
2026.05.20 22:55:17 INFO  Progress (1): 205/857 kB
2026.05.20 22:55:17 INFO  Progress (1): 221/857 kB
2026.05.20 22:55:17 INFO  Progress (1): 238/857 kB
2026.05.20 22:55:17 INFO  Progress (1): 254/857 kB
2026.05.20 22:55:17 INFO  Progress (1): 270/857 kB
2026.05.20 22:55:17 INFO  Progress (1): 287/857 kB
2026.05.20 22:55:17 INFO  Progress (1): 303/857 kB
2026.05.20 22:55:17 INFO  Progress (1): 319/857 kB
2026.05.20 22:55:17 INFO  Progress (1): 336/857 kB
2026.05.20 22:55:17 INFO  Progress (1): 352/857 kB
2026.05.20 22:55:17 INFO  Progress (1): 369/857 kB
2026.05.20 22:55:17 INFO  Progress (1): 385/857 kB
2026.05.20 22:55:17 INFO  Progress (1): 401/857 kB
2026.05.20 22:55:17 INFO  Progress (1): 418/857 kB
2026.05.20 22:55:17 INFO  Progress (1): 434/857 kB
2026.05.20 22:55:17 INFO  Progress (1): 451/857 kB
2026.05.20 22:55:17 INFO  Progress (1): 467/857 kB
2026.05.20 22:55:17 INFO  Progress (1): 483/857 kB
2026.05.20 22:55:17 INFO  Progress (1): 500/857 kB
2026.05.20 22:55:17 INFO  Progress (1): 516/857 kB
2026.05.20 22:55:17 INFO  Progress (1): 532/857 kB
2026.05.20 22:55:17 INFO  Progress (1): 549/857 kB
2026.05.20 22:55:17 INFO  Progress (1): 565/857 kB
2026.05.20 22:55:17 INFO  Progress (1): 573/857 kB
2026.05.20 22:55:17 INFO  Progress (1): 590/857 kB
2026.05.20 22:55:17 INFO  Progress (1): 606/857 kB
2026.05.20 22:55:17 INFO  Progress (1): 623/857 kB
2026.05.20 22:55:17 INFO  Progress (1): 639/857 kB
2026.05.20 22:55:17 INFO  Progress (1): 655/857 kB
2026.05.20 22:55:17 INFO  Progress (1): 672/857 kB
2026.05.20 22:55:17 INFO  Progress (1): 688/857 kB
2026.05.20 22:55:17 INFO  Progress (1): 705/857 kB
2026.05.20 22:55:17 INFO  Progress (1): 721/857 kB
2026.05.20 22:55:17 INFO  Progress (1): 737/857 kB
2026.05.20 22:55:17 INFO  Progress (1): 754/857 kB
2026.05.20 22:55:17 INFO  Progress (1): 770/857 kB
2026.05.20 22:55:17 INFO  Progress (1): 786/857 kB
2026.05.20 22:55:17 INFO  Progress (1): 803/857 kB
2026.05.20 22:55:17 INFO  Progress (1): 819/857 kB
2026.05.20 22:55:17 INFO  Progress (1): 836/857 kB
2026.05.20 22:55:17 INFO  Progress (1): 852/857 kB
2026.05.20 22:55:17 INFO  Progress (1): 857 kB    
2026.05.20 22:55:17 INFO                      
2026.05.20 22:55:17 INFO  Downloaded from central: https://repo.maven.apache.org/maven2/org/springframework/spring-webmvc/7.0.6/spring-webmvc-7.0.6-sources.jar (857 kB at 15 MB/s)
2026.05.20 22:55:17 INFO  [INFO] SUCCESS: org.springframework:spring-webmvc:jar:7.0.6:compile (sources = true)
2026.05.20 22:55:17 INFO  [INFO] Resolving artifact: org.springframework.boot:spring-boot-starter-data-jpa-test:jar:4.0.5:test (sources = false)
2026.05.20 22:55:17 INFO  [INFO] SUCCESS: org.springframework.boot:spring-boot-starter-data-jpa-test:jar:4.0.5:test (sources = false)
2026.05.20 22:55:17 INFO  [INFO] Resolving artifact: org.springframework.boot:spring-boot-starter-data-jpa-test:jar:4.0.5:test (sources = true)
2026.05.20 22:55:17 INFO  Downloading from central: https://repo.maven.apache.org/maven2/org/springframework/boot/spring-boot-starter-data-jpa-test/4.0.5/spring-boot-starter-data-jpa-test-4.0.5-sources.jar
2026.05.20 22:55:17 INFO  Progress (1): 4.8 kB
2026.05.20 22:55:17 INFO                      
2026.05.20 22:55:17 INFO  Downloaded from central: https://repo.maven.apache.org/maven2/org/springframework/boot/spring-boot-starter-data-jpa-test/4.0.5/spring-boot-starter-data-jpa-test-4.0.5-sources.jar (4.8 kB at 191 kB/s)
2026.05.20 22:55:17 INFO  [INFO] SUCCESS: org.springframework.boot:spring-boot-starter-data-jpa-test:jar:4.0.5:test (sources = true)
2026.05.20 22:55:17 INFO  [INFO] Resolving artifact: org.springframework.boot:spring-boot-starter-jdbc-test:jar:4.0.5:test (sources = false)
2026.05.20 22:55:17 INFO  [INFO] SUCCESS: org.springframework.boot:spring-boot-starter-jdbc-test:jar:4.0.5:test (sources = false)
2026.05.20 22:55:17 INFO  [INFO] Resolving artifact: org.springframework.boot:spring-boot-starter-jdbc-test:jar:4.0.5:test (sources = true)
2026.05.20 22:55:17 INFO  Downloading from central: https://repo.maven.apache.org/maven2/org/springframework/boot/spring-boot-starter-jdbc-test/4.0.5/spring-boot-starter-jdbc-test-4.0.5-sources.jar
2026.05.20 22:55:17 INFO  Progress (1): 4.8 kB
2026.05.20 22:55:17 INFO                      
2026.05.20 22:55:17 INFO  Downloaded from central: https://repo.maven.apache.org/maven2/org/springframework/boot/spring-boot-starter-jdbc-test/4.0.5/spring-boot-starter-jdbc-test-4.0.5-sources.jar (4.8 kB at 184 kB/s)
2026.05.20 22:55:17 INFO  [INFO] SUCCESS: org.springframework.boot:spring-boot-starter-jdbc-test:jar:4.0.5:test (sources = true)
2026.05.20 22:55:17 INFO  [INFO] Resolving artifact: org.apiguardian:apiguardian-api:jar:1.1.2:test (sources = false)
2026.05.20 22:55:17 INFO  [INFO] SUCCESS: org.apiguardian:apiguardian-api:jar:1.1.2:test (sources = false)
2026.05.20 22:55:17 INFO  [INFO] Resolving artifact: org.apiguardian:apiguardian-api:jar:1.1.2:test (sources = true)
2026.05.20 22:55:17 INFO  Downloading from central: https://repo.maven.apache.org/maven2/org/apiguardian/apiguardian-api/1.1.2/apiguardian-api-1.1.2-sources.jar
2026.05.20 22:55:17 INFO  Progress (1): 6.6 kB
2026.05.20 22:55:17 INFO                      
2026.05.20 22:55:17 INFO  Downloaded from central: https://repo.maven.apache.org/maven2/org/apiguardian/apiguardian-api/1.1.2/apiguardian-api-1.1.2-sources.jar (6.6 kB at 237 kB/s)
2026.05.20 22:55:17 INFO  [INFO] SUCCESS: org.apiguardian:apiguardian-api:jar:1.1.2:test (sources = true)
2026.05.20 22:55:17 INFO  [INFO] Resolving artifact: org.springframework.boot:spring-boot-security:jar:4.0.5:compile (sources = false)
2026.05.20 22:55:17 INFO  [INFO] SUCCESS: org.springframework.boot:spring-boot-security:jar:4.0.5:compile (sources = false)
2026.05.20 22:55:17 INFO  [INFO] Resolving artifact: org.springframework.boot:spring-boot-security:jar:4.0.5:compile (sources = true)
2026.05.20 22:55:17 INFO  Downloading from central: https://repo.maven.apache.org/maven2/org/springframework/boot/spring-boot-security/4.0.5/spring-boot-security-4.0.5-sources.jar
2026.05.20 22:55:17 INFO  Progress (1): 7.7/57 kB
2026.05.20 22:55:17 INFO  Progress (1): 16/57 kB 
2026.05.20 22:55:17 INFO  Progress (1): 29/57 kB
2026.05.20 22:55:17 INFO  Progress (1): 45/57 kB
2026.05.20 22:55:17 INFO  Progress (1): 57 kB   
2026.05.20 22:55:17 INFO                     
2026.05.20 22:55:17 INFO  Downloaded from central: https://repo.maven.apache.org/maven2/org/springframework/boot/spring-boot-security/4.0.5/spring-boot-security-4.0.5-sources.jar (57 kB at 1.9 MB/s)
2026.05.20 22:55:17 INFO  [INFO] SUCCESS: org.springframework.boot:spring-boot-security:jar:4.0.5:compile (sources = true)
2026.05.20 22:55:17 INFO  [INFO] Resolving artifact: org.springframework.boot:spring-boot-jdbc:jar:4.0.5:compile (sources = false)
2026.05.20 22:55:17 INFO  [INFO] SUCCESS: org.springframework.boot:spring-boot-jdbc:jar:4.0.5:compile (sources = false)
2026.05.20 22:55:17 INFO  [INFO] Resolving artifact: org.springframework.boot:spring-boot-jdbc:jar:4.0.5:compile (sources = true)
2026.05.20 22:55:17 INFO  Downloading from central: https://repo.maven.apache.org/maven2/org/springframework/boot/spring-boot-jdbc/4.0.5/spring-boot-jdbc-4.0.5-sources.jar
2026.05.20 22:55:17 INFO  Progress (1): 7.7/116 kB
2026.05.20 22:55:17 INFO  Progress (1): 16/116 kB 
2026.05.20 22:55:17 INFO  Progress (1): 32/116 kB
2026.05.20 22:55:17 INFO  Progress (1): 49/116 kB
2026.05.20 22:55:17 INFO  Progress (1): 61/116 kB
2026.05.20 22:55:17 INFO  Progress (1): 78/116 kB
2026.05.20 22:55:17 INFO  Progress (1): 94/116 kB
2026.05.20 22:55:17 INFO  Progress (1): 111/116 kB
2026.05.20 22:55:17 INFO  Progress (1): 116 kB    
2026.05.20 22:55:17 INFO                      
2026.05.20 22:55:17 INFO  Downloaded from central: https://repo.maven.apache.org/maven2/org/springframework/boot/spring-boot-jdbc/4.0.5/spring-boot-jdbc-4.0.5-sources.jar (116 kB at 3.2 MB/s)
2026.05.20 22:55:17 INFO  [INFO] SUCCESS: org.springframework.boot:spring-boot-jdbc:jar:4.0.5:compile (sources = true)
2026.05.20 22:55:17 INFO  [INFO] Resolving artifact: org.projectlombok:lombok:jar:1.18.44:compile (sources = false)
2026.05.20 22:55:17 INFO  [INFO] SUCCESS: org.projectlombok:lombok:jar:1.18.44:compile (sources = false)
2026.05.20 22:55:17 INFO  [INFO] Resolving artifact: org.projectlombok:lombok:jar:1.18.44:compile (sources = true)
2026.05.20 22:55:17 INFO  Downloading from central: https://repo.maven.apache.org/maven2/org/projectlombok/lombok/1.18.44/lombok-1.18.44-sources.jar
2026.05.20 22:55:17 INFO  Progress (1): 0/1.0 MB
2026.05.20 22:55:17 INFO  Progress (1): 0/1.0 MB
2026.05.20 22:55:17 INFO  Progress (1): 0/1.0 MB
2026.05.20 22:55:17 INFO  Progress (1): 0/1.0 MB
2026.05.20 22:55:17 INFO  Progress (1): 0.1/1.0 MB
2026.05.20 22:55:17 INFO  Progress (1): 0.1/1.0 MB
2026.05.20 22:55:17 INFO  Progress (1): 0.1/1.0 MB
2026.05.20 22:55:17 INFO  Progress (1): 0.1/1.0 MB
2026.05.20 22:55:17 INFO  Progress (1): 0.1/1.0 MB
2026.05.20 22:55:17 INFO  Progress (1): 0.1/1.0 MB
2026.05.20 22:55:17 INFO  Progress (1): 0.2/1.0 MB
2026.05.20 22:55:17 INFO  Progress (1): 0.2/1.0 MB
2026.05.20 22:55:17 INFO  Progress (1): 0.2/1.0 MB
2026.05.20 22:55:17 INFO  Progress (1): 0.2/1.0 MB
2026.05.20 22:55:17 INFO  Progress (1): 0.2/1.0 MB
2026.05.20 22:55:17 INFO  Progress (1): 0.2/1.0 MB
2026.05.20 22:55:17 INFO  Progress (1): 0.3/1.0 MB
2026.05.20 22:55:17 INFO  Progress (1): 0.3/1.0 MB
2026.05.20 22:55:17 INFO  Progress (1): 0.3/1.0 MB
2026.05.20 22:55:17 INFO  Progress (1): 0.3/1.0 MB
2026.05.20 22:55:17 INFO  Progress (1): 0.3/1.0 MB
2026.05.20 22:55:17 INFO  Progress (1): 0.3/1.0 MB
2026.05.20 22:55:17 INFO  Progress (1): 0.4/1.0 MB
2026.05.20 22:55:17 INFO  Progress (1): 0.4/1.0 MB
2026.05.20 22:55:17 INFO  Progress (1): 0.4/1.0 MB
2026.05.20 22:55:17 INFO  Progress (1): 0.4/1.0 MB
2026.05.20 22:55:17 INFO  Progress (1): 0.4/1.0 MB
2026.05.20 22:55:17 INFO  Progress (1): 0.4/1.0 MB
2026.05.20 22:55:17 INFO  Progress (1): 0.5/1.0 MB
2026.05.20 22:55:17 INFO  Progress (1): 0.5/1.0 MB
2026.05.20 22:55:17 INFO  Progress (1): 0.5/1.0 MB
2026.05.20 22:55:17 INFO  Progress (1): 0.5/1.0 MB
2026.05.20 22:55:17 INFO  Progress (1): 0.5/1.0 MB
2026.05.20 22:55:17 INFO  Progress (1): 0.5/1.0 MB
2026.05.20 22:55:17 INFO  Progress (1): 0.5/1.0 MB
2026.05.20 22:55:17 INFO  Progress (1): 0.6/1.0 MB
2026.05.20 22:55:17 INFO  Progress (1): 0.6/1.0 MB
2026.05.20 22:55:17 INFO  Progress (1): 0.6/1.0 MB
2026.05.20 22:55:17 INFO  Progress (1): 0.6/1.0 MB
2026.05.20 22:55:17 INFO  Progress (1): 0.6/1.0 MB
2026.05.20 22:55:17 INFO  Progress (1): 0.6/1.0 MB
2026.05.20 22:55:17 INFO  Progress (1): 0.6/1.0 MB
2026.05.20 22:55:17 INFO  Progress (1): 0.7/1.0 MB
2026.05.20 22:55:17 INFO  Progress (1): 0.7/1.0 MB
2026.05.20 22:55:17 INFO  Progress (1): 0.7/1.0 MB
2026.05.20 22:55:17 INFO  Progress (1): 0.7/1.0 MB
2026.05.20 22:55:17 INFO  Progress (1): 0.7/1.0 MB
2026.05.20 22:55:17 INFO  Progress (1): 0.7/1.0 MB
2026.05.20 22:55:17 INFO  Progress (1): 0.8/1.0 MB
2026.05.20 22:55:17 INFO  Progress (1): 0.8/1.0 MB
2026.05.20 22:55:17 INFO  Progress (1): 0.8/1.0 MB
2026.05.20 22:55:17 INFO  Progress (1): 0.8/1.0 MB
2026.05.20 22:55:17 INFO  Progress (1): 0.8/1.0 MB
2026.05.20 22:55:17 INFO  Progress (1): 0.8/1.0 MB
2026.05.20 22:55:17 INFO  Progress (1): 0.8/1.0 MB
2026.05.20 22:55:17 INFO  Progress (1): 0.9/1.0 MB
2026.05.20 22:55:17 INFO  Progress (1): 0.9/1.0 MB
2026.05.20 22:55:17 INFO  Progress (1): 0.9/1.0 MB
2026.05.20 22:55:17 INFO  Progress (1): 0.9/1.0 MB
2026.05.20 22:55:17 INFO  Progress (1): 0.9/1.0 MB
2026.05.20 22:55:17 INFO  Progress (1): 0.9/1.0 MB
2026.05.20 22:55:17 INFO  Progress (1): 1.0/1.0 MB
2026.05.20 22:55:17 INFO  Progress (1): 1.0/1.0 MB
2026.05.20 22:55:17 INFO  Progress (1): 1.0/1.0 MB
2026.05.20 22:55:17 INFO  Progress (1): 1.0/1.0 MB
2026.05.20 22:55:17 INFO  Progress (1): 1.0/1.0 MB
2026.05.20 22:55:17 INFO  Progress (1): 1.0 MB    
2026.05.20 22:55:17 INFO                      
2026.05.20 22:55:17 INFO  Downloaded from central: https://repo.maven.apache.org/maven2/org/projectlombok/lombok/1.18.44/lombok-1.18.44-sources.jar (1.0 MB at 14 MB/s)
2026.05.20 22:55:17 INFO  [INFO] SUCCESS: org.projectlombok:lombok:jar:1.18.44:compile (sources = true)
2026.05.20 22:55:17 INFO  [INFO] Resolving artifact: com.mysql:mysql-connector-j:jar:9.6.0:runtime (sources = false)
2026.05.20 22:55:17 INFO  [INFO] SUCCESS: com.mysql:mysql-connector-j:jar:9.6.0:runtime (sources = false)
2026.05.20 22:55:17 INFO  [INFO] Resolving artifact: com.mysql:mysql-connector-j:jar:9.6.0:runtime (sources = true)
2026.05.20 22:55:17 INFO  Downloading from central: https://repo.maven.apache.org/maven2/com/mysql/mysql-connector-j/9.6.0/mysql-connector-j-9.6.0-sources.jar
2026.05.20 22:55:17 INFO  Progress (1): 0/1.8 MB
2026.05.20 22:55:17 INFO  Progress (1): 0/1.8 MB
2026.05.20 22:55:17 INFO  Progress (1): 0/1.8 MB
2026.05.20 22:55:17 INFO  Progress (1): 0/1.8 MB
2026.05.20 22:55:17 INFO  Progress (1): 0.1/1.8 MB
2026.05.20 22:55:17 INFO  Progress (1): 0.1/1.8 MB
2026.05.20 22:55:17 INFO  Progress (1): 0.1/1.8 MB
2026.05.20 22:55:17 INFO  Progress (1): 0.1/1.8 MB
2026.05.20 22:55:17 INFO  Progress (1): 0.1/1.8 MB
2026.05.20 22:55:17 INFO  Progress (1): 0.1/1.8 MB
2026.05.20 22:55:17 INFO  Progress (1): 0.2/1.8 MB
2026.05.20 22:55:17 INFO  Progress (1): 0.2/1.8 MB
2026.05.20 22:55:17 INFO  Progress (1): 0.2/1.8 MB
2026.05.20 22:55:17 INFO  Progress (1): 0.2/1.8 MB
2026.05.20 22:55:17 INFO  Progress (1): 0.2/1.8 MB
2026.05.20 22:55:17 INFO  Progress (1): 0.2/1.8 MB
2026.05.20 22:55:17 INFO  Progress (1): 0.3/1.8 MB
2026.05.20 22:55:17 INFO  Progress (1): 0.3/1.8 MB
2026.05.20 22:55:17 INFO  Progress (1): 0.3/1.8 MB
2026.05.20 22:55:17 INFO  Progress (1): 0.3/1.8 MB
2026.05.20 22:55:17 INFO  Progress (1): 0.3/1.8 MB
2026.05.20 22:55:17 INFO  Progress (1): 0.3/1.8 MB
2026.05.20 22:55:17 INFO  Progress (1): 0.4/1.8 MB
2026.05.20 22:55:17 INFO  Progress (1): 0.4/1.8 MB
2026.05.20 22:55:17 INFO  Progress (1): 0.4/1.8 MB
2026.05.20 22:55:17 INFO  Progress (1): 0.4/1.8 MB
2026.05.20 22:55:17 INFO  Progress (1): 0.4/1.8 MB
2026.05.20 22:55:17 INFO  Progress (1): 0.4/1.8 MB
2026.05.20 22:55:17 INFO  Progress (1): 0.5/1.8 MB
2026.05.20 22:55:17 INFO  Progress (1): 0.5/1.8 MB
2026.05.20 22:55:17 INFO  Progress (1): 0.5/1.8 MB
2026.05.20 22:55:17 INFO  Progress (1): 0.5/1.8 MB
2026.05.20 22:55:17 INFO  Progress (1): 0.5/1.8 MB
2026.05.20 22:55:17 INFO  Progress (1): 0.5/1.8 MB
2026.05.20 22:55:17 INFO  Progress (1): 0.5/1.8 MB
2026.05.20 22:55:17 INFO  Progress (1): 0.6/1.8 MB
2026.05.20 22:55:17 INFO  Progress (1): 0.6/1.8 MB
2026.05.20 22:55:17 INFO  Progress (1): 0.6/1.8 MB
2026.05.20 22:55:17 INFO  Progress (1): 0.6/1.8 MB
2026.05.20 22:55:17 INFO  Progress (1): 0.6/1.8 MB
2026.05.20 22:55:17 INFO  Progress (1): 0.6/1.8 MB
2026.05.20 22:55:17 INFO  Progress (1): 0.7/1.8 MB
2026.05.20 22:55:17 INFO  Progress (1): 0.7/1.8 MB
2026.05.20 22:55:17 INFO  Progress (1): 0.7/1.8 MB
2026.05.20 22:55:17 INFO  Progress (1): 0.7/1.8 MB
2026.05.20 22:55:17 INFO  Progress (1): 0.7/1.8 MB
2026.05.20 22:55:17 INFO  Progress (1): 0.7/1.8 MB
2026.05.20 22:55:17 INFO  Progress (1): 0.8/1.8 MB
2026.05.20 22:55:17 INFO  Progress (1): 0.8/1.8 MB
2026.05.20 22:55:17 INFO  Progress (1): 0.8/1.8 MB
2026.05.20 22:55:17 INFO  Progress (1): 0.8/1.8 MB
2026.05.20 22:55:17 INFO  Progress (1): 0.8/1.8 MB
2026.05.20 22:55:17 INFO  Progress (1): 0.8/1.8 MB
2026.05.20 22:55:17 INFO  Progress (1): 0.8/1.8 MB
2026.05.20 22:55:17 INFO  Progress (1): 0.9/1.8 MB
2026.05.20 22:55:17 INFO  Progress (1): 0.9/1.8 MB
2026.05.20 22:55:17 INFO  Progress (1): 0.9/1.8 MB
2026.05.20 22:55:17 INFO  Progress (1): 0.9/1.8 MB
2026.05.20 22:55:17 INFO  Progress (1): 0.9/1.8 MB
2026.05.20 22:55:17 INFO  Progress (1): 0.9/1.8 MB
2026.05.20 22:55:17 INFO  Progress (1): 1.0/1.8 MB
2026.05.20 22:55:17 INFO  Progress (1): 1.0/1.8 MB
2026.05.20 22:55:17 INFO  Progress (1): 1.0/1.8 MB
2026.05.20 22:55:17 INFO  Progress (1): 1.0/1.8 MB
2026.05.20 22:55:17 INFO  Progress (1): 1.0/1.8 MB
2026.05.20 22:55:17 INFO  Progress (1): 1.0/1.8 MB
2026.05.20 22:55:17 INFO  Progress (1): 1.1/1.8 MB
2026.05.20 22:55:17 INFO  Progress (1): 1.1/1.8 MB
2026.05.20 22:55:17 INFO  Progress (1): 1.1/1.8 MB
2026.05.20 22:55:17 INFO  Progress (1): 1.1/1.8 MB
2026.05.20 22:55:17 INFO  Progress (1): 1.1/1.8 MB
2026.05.20 22:55:17 INFO  Progress (1): 1.1/1.8 MB
2026.05.20 22:55:17 INFO  Progress (1): 1.1/1.8 MB
2026.05.20 22:55:17 INFO  Progress (1): 1.2/1.8 MB
2026.05.20 22:55:17 INFO  Progress (1): 1.2/1.8 MB
2026.05.20 22:55:17 INFO  Progress (1): 1.2/1.8 MB
2026.05.20 22:55:17 INFO  Progress (1): 1.2/1.8 MB
2026.05.20 22:55:17 INFO  Progress (1): 1.2/1.8 MB
2026.05.20 22:55:17 INFO  Progress (1): 1.2/1.8 MB
2026.05.20 22:55:17 INFO  Progress (1): 1.3/1.8 MB
2026.05.20 22:55:17 INFO  Progress (1): 1.3/1.8 MB
2026.05.20 22:55:17 INFO  Progress (1): 1.3/1.8 MB
2026.05.20 22:55:17 INFO  Progress (1): 1.3/1.8 MB
2026.05.20 22:55:17 INFO  Progress (1): 1.3/1.8 MB
2026.05.20 22:55:17 INFO  Progress (1): 1.3/1.8 MB
2026.05.20 22:55:17 INFO  Progress (1): 1.4/1.8 MB
2026.05.20 22:55:17 INFO  Progress (1): 1.4/1.8 MB
2026.05.20 22:55:17 INFO  Progress (1): 1.4/1.8 MB
2026.05.20 22:55:17 INFO  Progress (1): 1.4/1.8 MB
2026.05.20 22:55:17 INFO  Progress (1): 1.4/1.8 MB
2026.05.20 22:55:17 INFO  Progress (1): 1.4/1.8 MB
2026.05.20 22:55:17 INFO  Progress (1): 1.5/1.8 MB
2026.05.20 22:55:17 INFO  Progress (1): 1.5/1.8 MB
2026.05.20 22:55:17 INFO  Progress (1): 1.5/1.8 MB
2026.05.20 22:55:17 INFO  Progress (1): 1.5/1.8 MB
2026.05.20 22:55:17 INFO  Progress (1): 1.5/1.8 MB
2026.05.20 22:55:17 INFO  Progress (1): 1.5/1.8 MB
2026.05.20 22:55:17 INFO  Progress (1): 1.6/1.8 MB
2026.05.20 22:55:17 INFO  Progress (1): 1.6/1.8 MB
2026.05.20 22:55:17 INFO  Progress (1): 1.6/1.8 MB
2026.05.20 22:55:17 INFO  Progress (1): 1.6/1.8 MB
2026.05.20 22:55:17 INFO  Progress (1): 1.6/1.8 MB
2026.05.20 22:55:17 INFO  Progress (1): 1.6/1.8 MB
2026.05.20 22:55:17 INFO  Progress (1): 1.7/1.8 MB
2026.05.20 22:55:17 INFO  Progress (1): 1.7/1.8 MB
2026.05.20 22:55:17 INFO  Progress (1): 1.7/1.8 MB
2026.05.20 22:55:17 INFO  Progress (1): 1.7/1.8 MB
2026.05.20 22:55:17 INFO  Progress (1): 1.7/1.8 MB
2026.05.20 22:55:17 INFO  Progress (1): 1.7/1.8 MB
2026.05.20 22:55:17 INFO  Progress (1): 1.8/1.8 MB
2026.05.20 22:55:17 INFO  Progress (1): 1.8/1.8 MB
2026.05.20 22:55:17 INFO  Progress (1): 1.8 MB    
2026.05.20 22:55:17 INFO                      
2026.05.20 22:55:17 INFO  Downloaded from central: https://repo.maven.apache.org/maven2/com/mysql/mysql-connector-j/9.6.0/mysql-connector-j-9.6.0-sources.jar (1.8 MB at 30 MB/s)
2026.05.20 22:55:17 INFO  [INFO] SUCCESS: com.mysql:mysql-connector-j:jar:9.6.0:runtime (sources = true)
2026.05.20 22:55:17 INFO  [INFO] Resolving artifact: org.springframework.boot:spring-boot-transaction:jar:4.0.5:compile (sources = false)
2026.05.20 22:55:17 INFO  [INFO] SUCCESS: org.springframework.boot:spring-boot-transaction:jar:4.0.5:compile (sources = false)
2026.05.20 22:55:17 INFO  [INFO] Resolving artifact: org.springframework.boot:spring-boot-transaction:jar:4.0.5:compile (sources = true)
2026.05.20 22:55:17 INFO  Downloading from central: https://repo.maven.apache.org/maven2/org/springframework/boot/spring-boot-transaction/4.0.5/spring-boot-transaction-4.0.5-sources.jar
2026.05.20 22:55:17 INFO  Progress (1): 7.7/16 kB
2026.05.20 22:55:17 INFO  Progress (1): 15/16 kB 
2026.05.20 22:55:17 INFO  Progress (1): 16 kB   
2026.05.20 22:55:17 INFO                     
2026.05.20 22:55:17 INFO  Downloaded from central: https://repo.maven.apache.org/maven2/org/springframework/boot/spring-boot-transaction/4.0.5/spring-boot-transaction-4.0.5-sources.jar (16 kB at 632 kB/s)
2026.05.20 22:55:17 INFO  [INFO] SUCCESS: org.springframework.boot:spring-boot-transaction:jar:4.0.5:compile (sources = true)
2026.05.20 22:55:17 INFO  [INFO] Resolving artifact: org.junit.platform:junit-platform-engine:jar:6.0.3:test (sources = false)
2026.05.20 22:55:17 INFO  [INFO] SUCCESS: org.junit.platform:junit-platform-engine:jar:6.0.3:test (sources = false)
2026.05.20 22:55:17 INFO  [INFO] Resolving artifact: org.junit.platform:junit-platform-engine:jar:6.0.3:test (sources = true)
2026.05.20 22:55:17 INFO  Downloading from central: https://repo.maven.apache.org/maven2/org/junit/platform/junit-platform-engine/6.0.3/junit-platform-engine-6.0.3-sources.jar
2026.05.20 22:55:17 INFO  Progress (1): 7.7/175 kB
2026.05.20 22:55:17 INFO  Progress (1): 16/175 kB 
2026.05.20 22:55:17 INFO  Progress (1): 32/175 kB
2026.05.20 22:55:17 INFO  Progress (1): 49/175 kB
2026.05.20 22:55:17 INFO  Progress (1): 57/175 kB
2026.05.20 22:55:17 INFO  Progress (1): 74/175 kB
2026.05.20 22:55:17 INFO  Progress (1): 90/175 kB
2026.05.20 22:55:17 INFO  Progress (1): 106/175 kB
2026.05.20 22:55:17 INFO  Progress (1): 123/175 kB
2026.05.20 22:55:17 INFO  Progress (1): 139/175 kB
2026.05.20 22:55:17 INFO  Progress (1): 156/175 kB
2026.05.20 22:55:17 INFO  Progress (1): 172/175 kB
2026.05.20 22:55:17 INFO  Progress (1): 175 kB    
2026.05.20 22:55:17 INFO                      
2026.05.20 22:55:17 INFO  Downloaded from central: https://repo.maven.apache.org/maven2/org/junit/platform/junit-platform-engine/6.0.3/junit-platform-engine-6.0.3-sources.jar (175 kB at 5.0 MB/s)
2026.05.20 22:55:17 INFO  [INFO] SUCCESS: org.junit.platform:junit-platform-engine:jar:6.0.3:test (sources = true)
2026.05.20 22:55:17 INFO  [INFO] Resolving artifact: com.fasterxml.jackson.dataformat:jackson-dataformat-yaml:jar:2.21.2:compile (sources = false)
2026.05.20 22:55:17 INFO  [INFO] SUCCESS: com.fasterxml.jackson.dataformat:jackson-dataformat-yaml:jar:2.21.2:compile (sources = false)
2026.05.20 22:55:17 INFO  [INFO] Resolving artifact: com.fasterxml.jackson.dataformat:jackson-dataformat-yaml:jar:2.21.2:compile (sources = true)
2026.05.20 22:55:17 INFO  Downloading from central: https://repo.maven.apache.org/maven2/com/fasterxml/jackson/dataformat/jackson-dataformat-yaml/2.21.2/jackson-dataformat-yaml-2.21.2-sources.jar
2026.05.20 22:55:17 INFO  Progress (1): 7.7/49 kB
2026.05.20 22:55:17 INFO  Progress (1): 7.7/49 kB
2026.05.20 22:55:17 INFO  Progress (1): 24/49 kB 
2026.05.20 22:55:17 INFO  Progress (1): 40/49 kB
2026.05.20 22:55:17 INFO  Progress (1): 49 kB   
2026.05.20 22:55:17 INFO                     
2026.05.20 22:55:17 INFO  Downloaded from central: https://repo.maven.apache.org/maven2/com/fasterxml/jackson/dataformat/jackson-dataformat-yaml/2.21.2/jackson-dataformat-yaml-2.21.2-sources.jar (49 kB at 1.5 MB/s)
2026.05.20 22:55:17 INFO  [INFO] SUCCESS: com.fasterxml.jackson.dataformat:jackson-dataformat-yaml:jar:2.21.2:compile (sources = true)
2026.05.20 22:55:17 INFO  [INFO] Resolving artifact: org.yaml:snakeyaml:jar:2.5:compile (sources = false)
2026.05.20 22:55:17 INFO  [INFO] SUCCESS: org.yaml:snakeyaml:jar:2.5:compile (sources = false)
2026.05.20 22:55:17 INFO  [INFO] Resolving artifact: org.yaml:snakeyaml:jar:2.5:compile (sources = true)
2026.05.20 22:55:17 INFO  Downloading from central: https://repo.maven.apache.org/maven2/org/yaml/snakeyaml/2.5/snakeyaml-2.5-sources.jar
2026.05.20 22:55:17 INFO  Progress (1): 7.7/210 kB
2026.05.20 22:55:17 INFO  Progress (1): 16/210 kB 
2026.05.20 22:55:17 INFO  Progress (1): 29/210 kB
2026.05.20 22:55:17 INFO  Progress (1): 45/210 kB
2026.05.20 22:55:17 INFO  Progress (1): 61/210 kB
2026.05.20 22:55:17 INFO  Progress (1): 78/210 kB
2026.05.20 22:55:17 INFO  Progress (1): 94/210 kB
2026.05.20 22:55:17 INFO  Progress (1): 111/210 kB
2026.05.20 22:55:17 INFO  Progress (1): 127/210 kB
2026.05.20 22:55:17 INFO  Progress (1): 143/210 kB
2026.05.20 22:55:17 INFO  Progress (1): 160/210 kB
2026.05.20 22:55:17 INFO  Progress (1): 176/210 kB
2026.05.20 22:55:17 INFO  Progress (1): 193/210 kB
2026.05.20 22:55:17 INFO  Progress (1): 209/210 kB
2026.05.20 22:55:17 INFO  Progress (1): 210 kB    
2026.05.20 22:55:17 INFO                      
2026.05.20 22:55:17 INFO  Downloaded from central: https://repo.maven.apache.org/maven2/org/yaml/snakeyaml/2.5/snakeyaml-2.5-sources.jar (210 kB at 6.0 MB/s)
2026.05.20 22:55:17 INFO  [INFO] SUCCESS: org.yaml:snakeyaml:jar:2.5:compile (sources = true)
2026.05.20 22:55:17 INFO  [INFO] Resolving artifact: org.eclipse.angus:angus-activation:jar:2.0.3:runtime (sources = false)
2026.05.20 22:55:17 INFO  [INFO] SUCCESS: org.eclipse.angus:angus-activation:jar:2.0.3:runtime (sources = false)
2026.05.20 22:55:17 INFO  [INFO] Resolving artifact: org.eclipse.angus:angus-activation:jar:2.0.3:runtime (sources = true)
2026.05.20 22:55:17 INFO  Downloading from central: https://repo.maven.apache.org/maven2/org/eclipse/angus/angus-activation/2.0.3/angus-activation-2.0.3-sources.jar
2026.05.20 22:55:17 INFO  Progress (1): 7.3/22 kB
2026.05.20 22:55:17 INFO  Progress (1): 22 kB    
2026.05.20 22:55:17 INFO                     
2026.05.20 22:55:17 INFO  Downloaded from central: https://repo.maven.apache.org/maven2/org/eclipse/angus/angus-activation/2.0.3/angus-activation-2.0.3-sources.jar (22 kB at 845 kB/s)
2026.05.20 22:55:17 INFO  [INFO] SUCCESS: org.eclipse.angus:angus-activation:jar:2.0.3:runtime (sources = true)
2026.05.20 22:55:17 INFO  [INFO] Resolving artifact: com.vaadin.external.google:android-json:jar:0.0.20131108.vaadin1:test (sources = false)
2026.05.20 22:55:17 INFO  [INFO] SUCCESS: com.vaadin.external.google:android-json:jar:0.0.20131108.vaadin1:test (sources = false)
2026.05.20 22:55:17 INFO  [INFO] Resolving artifact: com.vaadin.external.google:android-json:jar:0.0.20131108.vaadin1:test (sources = true)
2026.05.20 22:55:17 INFO  Downloading from central: https://repo.maven.apache.org/maven2/com/vaadin/external/google/android-json/0.0.20131108.vaadin1/android-json-0.0.20131108.vaadin1-sources.jar
2026.05.20 22:55:17 INFO  Progress (1): 7.7/22 kB
2026.05.20 22:55:17 INFO  Progress (1): 11/22 kB 
2026.05.20 22:55:17 INFO  Progress (1): 22 kB   
2026.05.20 22:55:17 INFO                     
2026.05.20 22:55:17 INFO  Downloaded from central: https://repo.maven.apache.org/maven2/com/vaadin/external/google/android-json/0.0.20131108.vaadin1/android-json-0.0.20131108.vaadin1-sources.jar (22 kB at 743 kB/s)
2026.05.20 22:55:17 INFO  [INFO] SUCCESS: com.vaadin.external.google:android-json:jar:0.0.20131108.vaadin1:test (sources = true)
2026.05.20 22:55:17 INFO  [INFO] Resolving artifact: net.bytebuddy:byte-buddy-agent:jar:1.17.8:test (sources = false)
2026.05.20 22:55:17 INFO  [INFO] SUCCESS: net.bytebuddy:byte-buddy-agent:jar:1.17.8:test (sources = false)
2026.05.20 22:55:17 INFO  [INFO] Resolving artifact: net.bytebuddy:byte-buddy-agent:jar:1.17.8:test (sources = true)
2026.05.20 22:55:17 INFO  Downloading from central: https://repo.maven.apache.org/maven2/net/bytebuddy/byte-buddy-agent/1.17.8/byte-buddy-agent-1.17.8-sources.jar
2026.05.20 22:55:17 INFO  Progress (1): 7.7/250 kB
2026.05.20 22:55:17 INFO  Progress (1): 16/250 kB 
2026.05.20 22:55:17 INFO  Progress (1): 32/250 kB
2026.05.20 22:55:17 INFO  Progress (1): 33/250 kB
2026.05.20 22:55:17 INFO  Progress (1): 49/250 kB
2026.05.20 22:55:17 INFO  Progress (1): 66/250 kB
2026.05.20 22:55:17 INFO  Progress (1): 82/250 kB
2026.05.20 22:55:17 INFO  Progress (1): 98/250 kB
2026.05.20 22:55:17 INFO  Progress (1): 115/250 kB
2026.05.20 22:55:17 INFO  Progress (1): 131/250 kB
2026.05.20 22:55:17 INFO  Progress (1): 147/250 kB
2026.05.20 22:55:17 INFO  Progress (1): 164/250 kB
2026.05.20 22:55:17 INFO  Progress (1): 180/250 kB
2026.05.20 22:55:17 INFO  Progress (1): 197/250 kB
2026.05.20 22:55:17 INFO  Progress (1): 213/250 kB
2026.05.20 22:55:17 INFO  Progress (1): 229/250 kB
2026.05.20 22:55:17 INFO  Progress (1): 246/250 kB
2026.05.20 22:55:17 INFO  Progress (1): 250 kB    
2026.05.20 22:55:17 INFO                      
2026.05.20 22:55:17 INFO  Downloaded from central: https://repo.maven.apache.org/maven2/net/bytebuddy/byte-buddy-agent/1.17.8/byte-buddy-agent-1.17.8-sources.jar (250 kB at 6.9 MB/s)
2026.05.20 22:55:17 INFO  [INFO] SUCCESS: net.bytebuddy:byte-buddy-agent:jar:1.17.8:test (sources = true)
2026.05.20 22:55:17 INFO  [INFO] Resolving artifact: jakarta.validation:jakarta.validation-api:jar:3.1.1:compile (sources = false)
2026.05.20 22:55:17 INFO  [INFO] SUCCESS: jakarta.validation:jakarta.validation-api:jar:3.1.1:compile (sources = false)
2026.05.20 22:55:17 INFO  [INFO] Resolving artifact: jakarta.validation:jakarta.validation-api:jar:3.1.1:compile (sources = true)
2026.05.20 22:55:17 INFO  Downloading from central: https://repo.maven.apache.org/maven2/jakarta/validation/jakarta.validation-api/3.1.1/jakarta.validation-api-3.1.1-sources.jar
2026.05.20 22:55:17 INFO  Progress (1): 7.7/109 kB
2026.05.20 22:55:17 INFO  Progress (1): 12/109 kB 
2026.05.20 22:55:17 INFO  Progress (1): 29/109 kB
2026.05.20 22:55:17 INFO  Progress (1): 45/109 kB
2026.05.20 22:55:17 INFO  Progress (1): 61/109 kB
2026.05.20 22:55:17 INFO  Progress (1): 78/109 kB
2026.05.20 22:55:17 INFO  Progress (1): 94/109 kB
2026.05.20 22:55:17 INFO  Progress (1): 109 kB   
2026.05.20 22:55:17 INFO                      
2026.05.20 22:55:17 INFO  Downloaded from central: https://repo.maven.apache.org/maven2/jakarta/validation/jakarta.validation-api/3.1.1/jakarta.validation-api-3.1.1-sources.jar (109 kB at 3.6 MB/s)
2026.05.20 22:55:17 INFO  [INFO] SUCCESS: jakarta.validation:jakarta.validation-api:jar:3.1.1:compile (sources = true)
2026.05.20 22:55:17 INFO  [INFO] Generated .bloop/boardroot.json
2026.05.20 22:55:18 INFO  [INFO] Resolving artifact: com.fasterxml.jackson.datatype:jackson-datatype-jsr310:jar:2.21.2:compile (sources = false)
2026.05.20 22:55:18 INFO  [INFO] SUCCESS: com.fasterxml.jackson.datatype:jackson-datatype-jsr310:jar:2.21.2:compile (sources = false)
2026.05.20 22:55:18 INFO  [INFO] Resolving artifact: com.fasterxml.jackson.datatype:jackson-datatype-jsr310:jar:2.21.2:compile (sources = true)
2026.05.20 22:55:18 INFO  [INFO] SUCCESS: com.fasterxml.jackson.datatype:jackson-datatype-jsr310:jar:2.21.2:compile (sources = true)
2026.05.20 22:55:18 INFO  [INFO] Resolving artifact: com.jayway.jsonpath:json-path:jar:2.10.0:test (sources = false)
2026.05.20 22:55:18 INFO  [INFO] SUCCESS: com.jayway.jsonpath:json-path:jar:2.10.0:test (sources = false)
2026.05.20 22:55:18 INFO  [INFO] Resolving artifact: com.jayway.jsonpath:json-path:jar:2.10.0:test (sources = true)
2026.05.20 22:55:18 INFO  [INFO] SUCCESS: com.jayway.jsonpath:json-path:jar:2.10.0:test (sources = true)
2026.05.20 22:55:18 INFO  [INFO] Resolving artifact: org.hamcrest:hamcrest:jar:3.0:test (sources = false)
2026.05.20 22:55:18 INFO  [INFO] SUCCESS: org.hamcrest:hamcrest:jar:3.0:test (sources = false)
2026.05.20 22:55:18 INFO  [INFO] Resolving artifact: org.hamcrest:hamcrest:jar:3.0:test (sources = true)
2026.05.20 22:55:18 INFO  [INFO] SUCCESS: org.hamcrest:hamcrest:jar:3.0:test (sources = true)
2026.05.20 22:55:18 INFO  [INFO] Resolving artifact: org.springframework.boot:spring-boot-starter:jar:4.0.5:compile (sources = false)
2026.05.20 22:55:18 INFO  [INFO] SUCCESS: org.springframework.boot:spring-boot-starter:jar:4.0.5:compile (sources = false)
2026.05.20 22:55:18 INFO  [INFO] Resolving artifact: org.springframework.boot:spring-boot-starter:jar:4.0.5:compile (sources = true)
2026.05.20 22:55:18 INFO  [INFO] SUCCESS: org.springframework.boot:spring-boot-starter:jar:4.0.5:compile (sources = true)
2026.05.20 22:55:18 INFO  [INFO] Resolving artifact: org.springframework.boot:spring-boot-sql:jar:4.0.5:compile (sources = false)
2026.05.20 22:55:18 INFO  [INFO] SUCCESS: org.springframework.boot:spring-boot-sql:jar:4.0.5:compile (sources = false)
2026.05.20 22:55:18 INFO  [INFO] Resolving artifact: org.springframework.boot:spring-boot-sql:jar:4.0.5:compile (sources = true)
2026.05.20 22:55:18 INFO  [INFO] SUCCESS: org.springframework.boot:spring-boot-sql:jar:4.0.5:compile (sources = true)
2026.05.20 22:55:18 INFO  [INFO] Resolving artifact: com.sun.istack:istack-commons-runtime:jar:4.1.2:runtime (sources = false)
2026.05.20 22:55:18 INFO  [INFO] SUCCESS: com.sun.istack:istack-commons-runtime:jar:4.1.2:runtime (sources = false)
2026.05.20 22:55:18 INFO  [INFO] Resolving artifact: com.sun.istack:istack-commons-runtime:jar:4.1.2:runtime (sources = true)
2026.05.20 22:55:18 INFO  [INFO] SUCCESS: com.sun.istack:istack-commons-runtime:jar:4.1.2:runtime (sources = true)
2026.05.20 22:55:18 INFO  [INFO] Resolving artifact: io.micrometer:micrometer-commons:jar:1.16.4:compile (sources = false)
2026.05.20 22:55:18 INFO  [INFO] SUCCESS: io.micrometer:micrometer-commons:jar:1.16.4:compile (sources = false)
2026.05.20 22:55:18 INFO  [INFO] Resolving artifact: io.micrometer:micrometer-commons:jar:1.16.4:compile (sources = true)
2026.05.20 22:55:18 INFO  [INFO] SUCCESS: io.micrometer:micrometer-commons:jar:1.16.4:compile (sources = true)
2026.05.20 22:55:18 INFO  [INFO] Resolving artifact: org.slf4j:slf4j-api:jar:2.0.17:compile (sources = false)
2026.05.20 22:55:18 INFO  [INFO] SUCCESS: org.slf4j:slf4j-api:jar:2.0.17:compile (sources = false)
2026.05.20 22:55:18 INFO  [INFO] Resolving artifact: org.slf4j:slf4j-api:jar:2.0.17:compile (sources = true)
2026.05.20 22:55:18 INFO  [INFO] SUCCESS: org.slf4j:slf4j-api:jar:2.0.17:compile (sources = true)
2026.05.20 22:55:18 INFO  [INFO] Resolving artifact: org.jspecify:jspecify:jar:1.0.0:compile (sources = false)
2026.05.20 22:55:18 INFO  [INFO] SUCCESS: org.jspecify:jspecify:jar:1.0.0:compile (sources = false)
2026.05.20 22:55:18 INFO  [INFO] Resolving artifact: org.jspecify:jspecify:jar:1.0.0:compile (sources = true)
2026.05.20 22:55:18 INFO  [INFO] SUCCESS: org.jspecify:jspecify:jar:1.0.0:compile (sources = true)
2026.05.20 22:55:18 INFO  [INFO] Resolving artifact: com.fasterxml.jackson.core:jackson-annotations:jar:2.21:compile (sources = false)
2026.05.20 22:55:18 INFO  [INFO] SUCCESS: com.fasterxml.jackson.core:jackson-annotations:jar:2.21:compile (sources = false)
2026.05.20 22:55:18 INFO  [INFO] Resolving artifact: com.fasterxml.jackson.core:jackson-annotations:jar:2.21:compile (sources = true)
2026.05.20 22:55:18 INFO  [INFO] SUCCESS: com.fasterxml.jackson.core:jackson-annotations:jar:2.21:compile (sources = true)
2026.05.20 22:55:18 INFO  [INFO] Resolving artifact: org.springframework.security:spring-security-crypto:jar:7.0.4:compile (sources = false)
2026.05.20 22:55:18 INFO  [INFO] SUCCESS: org.springframework.security:spring-security-crypto:jar:7.0.4:compile (sources = false)
2026.05.20 22:55:18 INFO  [INFO] Resolving artifact: org.springframework.security:spring-security-crypto:jar:7.0.4:compile (sources = true)
2026.05.20 22:55:18 INFO  [INFO] SUCCESS: org.springframework.security:spring-security-crypto:jar:7.0.4:compile (sources = true)
2026.05.20 22:55:18 INFO  [INFO] Resolving artifact: org.springframework.boot:spring-boot-data-jpa:jar:4.0.5:compile (sources = false)
2026.05.20 22:55:18 INFO  [INFO] SUCCESS: org.springframework.boot:spring-boot-data-jpa:jar:4.0.5:compile (sources = false)
2026.05.20 22:55:18 INFO  [INFO] Resolving artifact: org.springframework.boot:spring-boot-data-jpa:jar:4.0.5:compile (sources = true)
2026.05.20 22:55:18 INFO  [INFO] SUCCESS: org.springframework.boot:spring-boot-data-jpa:jar:4.0.5:compile (sources = true)
2026.05.20 22:55:18 INFO  [INFO] Resolving artifact: org.jboss.logging:jboss-logging:jar:3.6.3.Final:compile (sources = false)
2026.05.20 22:55:18 INFO  [INFO] SUCCESS: org.jboss.logging:jboss-logging:jar:3.6.3.Final:compile (sources = false)
2026.05.20 22:55:18 INFO  [INFO] Resolving artifact: org.jboss.logging:jboss-logging:jar:3.6.3.Final:compile (sources = true)
2026.05.20 22:55:18 INFO  [INFO] SUCCESS: org.jboss.logging:jboss-logging:jar:3.6.3.Final:compile (sources = true)
2026.05.20 22:55:18 INFO  [INFO] Resolving artifact: org.springframework.boot:spring-boot-starter-data-jpa:jar:4.0.5:compile (sources = false)
2026.05.20 22:55:18 INFO  [INFO] SUCCESS: org.springframework.boot:spring-boot-starter-data-jpa:jar:4.0.5:compile (sources = false)
2026.05.20 22:55:18 INFO  [INFO] Resolving artifact: org.springframework.boot:spring-boot-starter-data-jpa:jar:4.0.5:compile (sources = true)
2026.05.20 22:55:18 INFO  [INFO] SUCCESS: org.springframework.boot:spring-boot-starter-data-jpa:jar:4.0.5:compile (sources = true)
2026.05.20 22:55:18 INFO  [INFO] Resolving artifact: org.springframework:spring-orm:jar:7.0.6:compile (sources = false)
2026.05.20 22:55:18 INFO  [INFO] SUCCESS: org.springframework:spring-orm:jar:7.0.6:compile (sources = false)
2026.05.20 22:55:18 INFO  [INFO] Resolving artifact: org.springframework:spring-orm:jar:7.0.6:compile (sources = true)
2026.05.20 22:55:18 INFO  [INFO] SUCCESS: org.springframework:spring-orm:jar:7.0.6:compile (sources = true)
2026.05.20 22:55:18 INFO  [INFO] Resolving artifact: org.springframework.boot:spring-boot-webmvc-test:jar:4.0.5:test (sources = false)
2026.05.20 22:55:18 INFO  [INFO] SUCCESS: org.springframework.boot:spring-boot-webmvc-test:jar:4.0.5:test (sources = false)
2026.05.20 22:55:18 INFO  [INFO] Resolving artifact: org.springframework.boot:spring-boot-webmvc-test:jar:4.0.5:test (sources = true)
2026.05.20 22:55:18 INFO  [INFO] SUCCESS: org.springframework.boot:spring-boot-webmvc-test:jar:4.0.5:test (sources = true)
2026.05.20 22:55:18 INFO  [INFO] Resolving artifact: org.apache.tomcat.embed:tomcat-embed-el:jar:11.0.20:compile (sources = false)
2026.05.20 22:55:18 INFO  [INFO] SUCCESS: org.apache.tomcat.embed:tomcat-embed-el:jar:11.0.20:compile (sources = false)
2026.05.20 22:55:18 INFO  [INFO] Resolving artifact: org.apache.tomcat.embed:tomcat-embed-el:jar:11.0.20:compile (sources = true)
2026.05.20 22:55:18 INFO  [INFO] SUCCESS: org.apache.tomcat.embed:tomcat-embed-el:jar:11.0.20:compile (sources = true)
2026.05.20 22:55:18 INFO  [INFO] Resolving artifact: org.mockito:mockito-junit-jupiter:jar:5.20.0:test (sources = false)
2026.05.20 22:55:18 INFO  [INFO] SUCCESS: org.mockito:mockito-junit-jupiter:jar:5.20.0:test (sources = false)
2026.05.20 22:55:18 INFO  [INFO] Resolving artifact: org.mockito:mockito-junit-jupiter:jar:5.20.0:test (sources = true)
2026.05.20 22:55:18 INFO  [INFO] SUCCESS: org.mockito:mockito-junit-jupiter:jar:5.20.0:test (sources = true)
2026.05.20 22:55:18 INFO  [INFO] Resolving artifact: org.springframework:spring-test:jar:7.0.6:test (sources = false)
2026.05.20 22:55:18 INFO  [INFO] SUCCESS: org.springframework:spring-test:jar:7.0.6:test (sources = false)
2026.05.20 22:55:18 INFO  [INFO] Resolving artifact: org.springframework:spring-test:jar:7.0.6:test (sources = true)
2026.05.20 22:55:18 INFO  [INFO] SUCCESS: org.springframework:spring-test:jar:7.0.6:test (sources = true)
2026.05.20 22:55:18 INFO  [INFO] Resolving artifact: org.assertj:assertj-core:jar:3.27.7:test (sources = false)
2026.05.20 22:55:18 INFO  [INFO] SUCCESS: org.assertj:assertj-core:jar:3.27.7:test (sources = false)
2026.05.20 22:55:18 INFO  [INFO] Resolving artifact: org.assertj:assertj-core:jar:3.27.7:test (sources = true)
2026.05.20 22:55:18 INFO  [INFO] SUCCESS: org.assertj:assertj-core:jar:3.27.7:test (sources = true)
2026.05.20 22:55:18 INFO  [INFO] Resolving artifact: org.springframework.boot:spring-boot-data-jpa-test:jar:4.0.5:test (sources = false)
2026.05.20 22:55:18 INFO  [INFO] SUCCESS: org.springframework.boot:spring-boot-data-jpa-test:jar:4.0.5:test (sources = false)
2026.05.20 22:55:18 INFO  [INFO] Resolving artifact: org.springframework.boot:spring-boot-data-jpa-test:jar:4.0.5:test (sources = true)
2026.05.20 22:55:18 INFO  [INFO] SUCCESS: org.springframework.boot:spring-boot-data-jpa-test:jar:4.0.5:test (sources = true)
2026.05.20 22:55:18 INFO  [INFO] Resolving artifact: org.springframework:spring-context:jar:7.0.6:compile (sources = false)
2026.05.20 22:55:18 INFO  [INFO] SUCCESS: org.springframework:spring-context:jar:7.0.6:compile (sources = false)
2026.05.20 22:55:18 INFO  [INFO] Resolving artifact: org.springframework:spring-context:jar:7.0.6:compile (sources = true)
2026.05.20 22:55:18 INFO  [INFO] SUCCESS: org.springframework:spring-context:jar:7.0.6:compile (sources = true)
2026.05.20 22:55:18 INFO  [INFO] Resolving artifact: org.springframework.boot:spring-boot-webmvc:jar:4.0.5:compile (sources = false)
2026.05.20 22:55:18 INFO  [INFO] SUCCESS: org.springframework.boot:spring-boot-webmvc:jar:4.0.5:compile (sources = false)
2026.05.20 22:55:18 INFO  [INFO] Resolving artifact: org.springframework.boot:spring-boot-webmvc:jar:4.0.5:compile (sources = true)
2026.05.20 22:55:18 INFO  [INFO] SUCCESS: org.springframework.boot:spring-boot-webmvc:jar:4.0.5:compile (sources = true)
2026.05.20 22:55:18 INFO  [INFO] Resolving artifact: org.slf4j:jul-to-slf4j:jar:2.0.17:compile (sources = false)
2026.05.20 22:55:18 INFO  [INFO] SUCCESS: org.slf4j:jul-to-slf4j:jar:2.0.17:compile (sources = false)
2026.05.20 22:55:18 INFO  [INFO] Resolving artifact: org.slf4j:jul-to-slf4j:jar:2.0.17:compile (sources = true)
2026.05.20 22:55:18 INFO  [INFO] SUCCESS: org.slf4j:jul-to-slf4j:jar:2.0.17:compile (sources = true)
2026.05.20 22:55:18 INFO  [INFO] Resolving artifact: org.hibernate.orm:hibernate-core:jar:7.2.7.Final:compile (sources = false)
2026.05.20 22:55:18 INFO  [INFO] SUCCESS: org.hibernate.orm:hibernate-core:jar:7.2.7.Final:compile (sources = false)
2026.05.20 22:55:18 INFO  [INFO] Resolving artifact: org.hibernate.orm:hibernate-core:jar:7.2.7.Final:compile (sources = true)
2026.05.20 22:55:18 INFO  [INFO] SUCCESS: org.hibernate.orm:hibernate-core:jar:7.2.7.Final:compile (sources = true)
2026.05.20 22:55:18 INFO  [INFO] Resolving artifact: com.zaxxer:HikariCP:jar:7.0.2:compile (sources = false)
2026.05.20 22:55:18 INFO  [INFO] SUCCESS: com.zaxxer:HikariCP:jar:7.0.2:compile (sources = false)
2026.05.20 22:55:18 INFO  [INFO] Resolving artifact: com.zaxxer:HikariCP:jar:7.0.2:compile (sources = true)
2026.05.20 22:55:18 INFO  [INFO] SUCCESS: com.zaxxer:HikariCP:jar:7.0.2:compile (sources = true)
2026.05.20 22:55:18 INFO  [INFO] Resolving artifact: io.jsonwebtoken:jjwt-api:jar:0.12.5:compile (sources = false)
2026.05.20 22:55:18 INFO  [INFO] SUCCESS: io.jsonwebtoken:jjwt-api:jar:0.12.5:compile (sources = false)
2026.05.20 22:55:18 INFO  [INFO] Resolving artifact: io.jsonwebtoken:jjwt-api:jar:0.12.5:compile (sources = true)
2026.05.20 22:55:18 INFO  [INFO] SUCCESS: io.jsonwebtoken:jjwt-api:jar:0.12.5:compile (sources = true)
2026.05.20 22:55:18 INFO  [INFO] Resolving artifact: tools.jackson.core:jackson-databind:jar:3.1.0:compile (sources = false)
2026.05.20 22:55:18 INFO  [INFO] SUCCESS: tools.jackson.core:jackson-databind:jar:3.1.0:compile (sources = false)
2026.05.20 22:55:18 INFO  [INFO] Resolving artifact: tools.jackson.core:jackson-databind:jar:3.1.0:compile (sources = true)
2026.05.20 22:55:18 INFO  [INFO] SUCCESS: tools.jackson.core:jackson-databind:jar:3.1.0:compile (sources = true)
2026.05.20 22:55:18 INFO  [INFO] Resolving artifact: org.antlr:antlr4-runtime:jar:4.13.2:compile (sources = false)
2026.05.20 22:55:18 INFO  [INFO] SUCCESS: org.antlr:antlr4-runtime:jar:4.13.2:compile (sources = false)
2026.05.20 22:55:18 INFO  [INFO] Resolving artifact: org.antlr:antlr4-runtime:jar:4.13.2:compile (sources = true)
2026.05.20 22:55:18 INFO  [INFO] SUCCESS: org.antlr:antlr4-runtime:jar:4.13.2:compile (sources = true)
2026.05.20 22:55:18 INFO  [INFO] Resolving artifact: io.micrometer:micrometer-observation:jar:1.16.4:compile (sources = false)
2026.05.20 22:55:18 INFO  [INFO] SUCCESS: io.micrometer:micrometer-observation:jar:1.16.4:compile (sources = false)
2026.05.20 22:55:18 INFO  [INFO] Resolving artifact: io.micrometer:micrometer-observation:jar:1.16.4:compile (sources = true)
2026.05.20 22:55:18 INFO  [INFO] SUCCESS: io.micrometer:micrometer-observation:jar:1.16.4:compile (sources = true)
2026.05.20 22:55:18 INFO  [INFO] Resolving artifact: org.opentest4j:opentest4j:jar:1.3.0:test (sources = false)
2026.05.20 22:55:18 INFO  [INFO] SUCCESS: org.opentest4j:opentest4j:jar:1.3.0:test (sources = false)
2026.05.20 22:55:18 INFO  [INFO] Resolving artifact: org.opentest4j:opentest4j:jar:1.3.0:test (sources = true)
2026.05.20 22:55:18 INFO  [INFO] SUCCESS: org.opentest4j:opentest4j:jar:1.3.0:test (sources = true)
2026.05.20 22:55:18 INFO  [INFO] Resolving artifact: org.springframework.boot:spring-boot-starter-webmvc:jar:4.0.5:compile (sources = false)
2026.05.20 22:55:18 INFO  [INFO] SUCCESS: org.springframework.boot:spring-boot-starter-webmvc:jar:4.0.5:compile (sources = false)
2026.05.20 22:55:18 INFO  [INFO] Resolving artifact: org.springframework.boot:spring-boot-starter-webmvc:jar:4.0.5:compile (sources = true)
2026.05.20 22:55:18 INFO  [INFO] SUCCESS: org.springframework.boot:spring-boot-starter-webmvc:jar:4.0.5:compile (sources = true)
2026.05.20 22:55:18 INFO  [INFO] Resolving artifact: org.springdoc:springdoc-openapi-starter-webmvc-ui:jar:2.8.8:compile (sources = false)
2026.05.20 22:55:18 INFO  [INFO] SUCCESS: org.springdoc:springdoc-openapi-starter-webmvc-ui:jar:2.8.8:compile (sources = false)
2026.05.20 22:55:18 INFO  [INFO] Resolving artifact: org.springdoc:springdoc-openapi-starter-webmvc-ui:jar:2.8.8:compile (sources = true)
2026.05.20 22:55:18 INFO  [INFO] SUCCESS: org.springdoc:springdoc-openapi-starter-webmvc-ui:jar:2.8.8:compile (sources = true)
2026.05.20 22:55:18 INFO  [INFO] Resolving artifact: org.springframework.boot:spring-boot-starter-test:jar:4.0.5:test (sources = false)
2026.05.20 22:55:18 INFO  [INFO] SUCCESS: org.springframework.boot:spring-boot-starter-test:jar:4.0.5:test (sources = false)
2026.05.20 22:55:18 INFO  [INFO] Resolving artifact: org.springframework.boot:spring-boot-starter-test:jar:4.0.5:test (sources = true)
2026.05.20 22:55:18 INFO  [INFO] SUCCESS: org.springframework.boot:spring-boot-starter-test:jar:4.0.5:test (sources = true)
2026.05.20 22:55:18 INFO  [INFO] Resolving artifact: org.springframework.boot:spring-boot-test:jar:4.0.5:test (sources = false)
2026.05.20 22:55:18 INFO  [INFO] SUCCESS: org.springframework.boot:spring-boot-test:jar:4.0.5:test (sources = false)
2026.05.20 22:55:18 INFO  [INFO] Resolving artifact: org.springframework.boot:spring-boot-test:jar:4.0.5:test (sources = true)
2026.05.20 22:55:18 INFO  [INFO] SUCCESS: org.springframework.boot:spring-boot-test:jar:4.0.5:test (sources = true)
2026.05.20 22:55:18 INFO  [INFO] Resolving artifact: org.apache.logging.log4j:log4j-to-slf4j:jar:2.25.3:compile (sources = false)
2026.05.20 22:55:18 INFO  [INFO] SUCCESS: org.apache.logging.log4j:log4j-to-slf4j:jar:2.25.3:compile (sources = false)
2026.05.20 22:55:18 INFO  [INFO] Resolving artifact: org.apache.logging.log4j:log4j-to-slf4j:jar:2.25.3:compile (sources = true)
2026.05.20 22:55:18 INFO  [INFO] SUCCESS: org.apache.logging.log4j:log4j-to-slf4j:jar:2.25.3:compile (sources = true)
2026.05.20 22:55:18 INFO  [INFO] Resolving artifact: org.springframework.boot:spring-boot-starter-tomcat:jar:4.0.5:compile (sources = false)
2026.05.20 22:55:18 INFO  [INFO] SUCCESS: org.springframework.boot:spring-boot-starter-tomcat:jar:4.0.5:compile (sources = false)
2026.05.20 22:55:18 INFO  [INFO] Resolving artifact: org.springframework.boot:spring-boot-starter-tomcat:jar:4.0.5:compile (sources = true)
2026.05.20 22:55:18 INFO  [INFO] SUCCESS: org.springframework.boot:spring-boot-starter-tomcat:jar:4.0.5:compile (sources = true)
2026.05.20 22:55:18 INFO  [INFO] Resolving artifact: org.junit.jupiter:junit-jupiter:jar:6.0.3:test (sources = false)
2026.05.20 22:55:18 INFO  [INFO] SUCCESS: org.junit.jupiter:junit-jupiter:jar:6.0.3:test (sources = false)
2026.05.20 22:55:18 INFO  [INFO] Resolving artifact: org.junit.jupiter:junit-jupiter:jar:6.0.3:test (sources = true)
2026.05.20 22:55:18 INFO  [INFO] SUCCESS: org.junit.jupiter:junit-jupiter:jar:6.0.3:test (sources = true)
2026.05.20 22:55:18 INFO  [INFO] Resolving artifact: org.springframework.data:spring-data-jpa:jar:4.0.4:compile (sources = false)
2026.05.20 22:55:18 INFO  [INFO] SUCCESS: org.springframework.data:spring-data-jpa:jar:4.0.4:compile (sources = false)
2026.05.20 22:55:18 INFO  [INFO] Resolving artifact: org.springframework.data:spring-data-jpa:jar:4.0.4:compile (sources = true)
2026.05.20 22:55:18 INFO  [INFO] SUCCESS: org.springframework.data:spring-data-jpa:jar:4.0.4:compile (sources = true)
2026.05.20 22:55:18 INFO  [INFO] Resolving artifact: jakarta.transaction:jakarta.transaction-api:jar:2.0.1:compile (sources = false)
2026.05.20 22:55:18 INFO  [INFO] SUCCESS: jakarta.transaction:jakarta.transaction-api:jar:2.0.1:compile (sources = false)
2026.05.20 22:55:18 INFO  [INFO] Resolving artifact: jakarta.transaction:jakarta.transaction-api:jar:2.0.1:compile (sources = true)
2026.05.20 22:55:18 INFO  [INFO] SUCCESS: jakarta.transaction:jakarta.transaction-api:jar:2.0.1:compile (sources = true)
2026.05.20 22:55:18 INFO  [INFO] Resolving artifact: org.springframework.boot:spring-boot-jackson:jar:4.0.5:compile (sources = false)
2026.05.20 22:55:18 INFO  [INFO] SUCCESS: org.springframework.boot:spring-boot-jackson:jar:4.0.5:compile (sources = false)
2026.05.20 22:55:18 INFO  [INFO] Resolving artifact: org.springframework.boot:spring-boot-jackson:jar:4.0.5:compile (sources = true)
2026.05.20 22:55:18 INFO  [INFO] SUCCESS: org.springframework.boot:spring-boot-jackson:jar:4.0.5:compile (sources = true)
2026.05.20 22:55:18 INFO  [INFO] Resolving artifact: tools.jackson.core:jackson-core:jar:3.1.0:compile (sources = false)
2026.05.20 22:55:18 INFO  [INFO] SUCCESS: tools.jackson.core:jackson-core:jar:3.1.0:compile (sources = false)
2026.05.20 22:55:18 INFO  [INFO] Resolving artifact: tools.jackson.core:jackson-core:jar:3.1.0:compile (sources = true)
2026.05.20 22:55:18 INFO  [INFO] SUCCESS: tools.jackson.core:jackson-core:jar:3.1.0:compile (sources = true)
2026.05.20 22:55:18 INFO  [INFO] Resolving artifact: io.jsonwebtoken:jjwt-jackson:jar:0.12.5:runtime (sources = false)
2026.05.20 22:55:18 INFO  [INFO] SUCCESS: io.jsonwebtoken:jjwt-jackson:jar:0.12.5:runtime (sources = false)
2026.05.20 22:55:18 INFO  [INFO] Resolving artifact: io.jsonwebtoken:jjwt-jackson:jar:0.12.5:runtime (sources = true)
2026.05.20 22:55:18 INFO  [INFO] SUCCESS: io.jsonwebtoken:jjwt-jackson:jar:0.12.5:runtime (sources = true)
2026.05.20 22:55:18 INFO  [INFO] Resolving artifact: org.springframework.boot:spring-boot-security-test:jar:4.0.5:test (sources = false)
2026.05.20 22:55:18 INFO  [INFO] SUCCESS: org.springframework.boot:spring-boot-security-test:jar:4.0.5:test (sources = false)
2026.05.20 22:55:18 INFO  [INFO] Resolving artifact: org.springframework.boot:spring-boot-security-test:jar:4.0.5:test (sources = true)
2026.05.20 22:55:18 INFO  [INFO] SUCCESS: org.springframework.boot:spring-boot-security-test:jar:4.0.5:test (sources = true)
2026.05.20 22:55:18 INFO  [INFO] Resolving artifact: com.fasterxml.jackson.core:jackson-core:jar:2.21.2:compile (sources = false)
2026.05.20 22:55:18 INFO  [INFO] SUCCESS: com.fasterxml.jackson.core:jackson-core:jar:2.21.2:compile (sources = false)
2026.05.20 22:55:18 INFO  [INFO] Resolving artifact: com.fasterxml.jackson.core:jackson-core:jar:2.21.2:compile (sources = true)
2026.05.20 22:55:18 INFO  [INFO] SUCCESS: com.fasterxml.jackson.core:jackson-core:jar:2.21.2:compile (sources = true)
2026.05.20 22:55:18 INFO  [INFO] Resolving artifact: jakarta.persistence:jakarta.persistence-api:jar:3.2.0:compile (sources = false)
2026.05.20 22:55:18 INFO  [INFO] SUCCESS: jakarta.persistence:jakarta.persistence-api:jar:3.2.0:compile (sources = false)
2026.05.20 22:55:18 INFO  [INFO] Resolving artifact: jakarta.persistence:jakarta.persistence-api:jar:3.2.0:compile (sources = true)
2026.05.20 22:55:18 INFO  [INFO] SUCCESS: jakarta.persistence:jakarta.persistence-api:jar:3.2.0:compile (sources = true)
2026.05.20 22:55:18 INFO  [INFO] Resolving artifact: io.swagger.core.v3:swagger-models-jakarta:jar:2.2.30:compile (sources = false)
2026.05.20 22:55:18 INFO  [INFO] SUCCESS: io.swagger.core.v3:swagger-models-jakarta:jar:2.2.30:compile (sources = false)
2026.05.20 22:55:18 INFO  [INFO] Resolving artifact: io.swagger.core.v3:swagger-models-jakarta:jar:2.2.30:compile (sources = true)
2026.05.20 22:55:18 INFO  [INFO] SUCCESS: io.swagger.core.v3:swagger-models-jakarta:jar:2.2.30:compile (sources = true)
2026.05.20 22:55:18 INFO  [INFO] Resolving artifact: org.awaitility:awaitility:jar:4.3.0:test (sources = false)
2026.05.20 22:55:18 INFO  [INFO] SUCCESS: org.awaitility:awaitility:jar:4.3.0:test (sources = false)
2026.05.20 22:55:18 INFO  [INFO] Resolving artifact: org.awaitility:awaitility:jar:4.3.0:test (sources = true)
2026.05.20 22:55:18 INFO  [INFO] SUCCESS: org.awaitility:awaitility:jar:4.3.0:test (sources = true)
2026.05.20 22:55:18 INFO  [INFO] Resolving artifact: org.springframework.security:spring-security-test:jar:7.0.4:test (sources = false)
2026.05.20 22:55:18 INFO  [INFO] SUCCESS: org.springframework.security:spring-security-test:jar:7.0.4:test (sources = false)
2026.05.20 22:55:18 INFO  [INFO] Resolving artifact: org.springframework.security:spring-security-test:jar:7.0.4:test (sources = true)
2026.05.20 22:55:18 INFO  [INFO] SUCCESS: org.springframework.security:spring-security-test:jar:7.0.4:test (sources = true)
2026.05.20 22:55:18 INFO  [INFO] Resolving artifact: org.springframework.boot:spring-boot-starter-jackson-test:jar:4.0.5:test (sources = false)
2026.05.20 22:55:18 INFO  [INFO] SUCCESS: org.springframework.boot:spring-boot-starter-jackson-test:jar:4.0.5:test (sources = false)
2026.05.20 22:55:18 INFO  [INFO] Resolving artifact: org.springframework.boot:spring-boot-starter-jackson-test:jar:4.0.5:test (sources = true)
2026.05.20 22:55:18 INFO  [INFO] SUCCESS: org.springframework.boot:spring-boot-starter-jackson-test:jar:4.0.5:test (sources = true)
2026.05.20 22:55:18 INFO  [INFO] Resolving artifact: org.aspectj:aspectjweaver:jar:1.9.25.1:compile (sources = false)
2026.05.20 22:55:18 INFO  [INFO] SUCCESS: org.aspectj:aspectjweaver:jar:1.9.25.1:compile (sources = false)
2026.05.20 22:55:18 INFO  [INFO] Resolving artifact: org.aspectj:aspectjweaver:jar:1.9.25.1:compile (sources = true)
2026.05.20 22:55:18 INFO  [INFO] SUCCESS: org.aspectj:aspectjweaver:jar:1.9.25.1:compile (sources = true)
2026.05.20 22:55:18 INFO  [INFO] Resolving artifact: org.apache.commons:commons-lang3:jar:3.19.0:compile (sources = false)
2026.05.20 22:55:18 INFO  [INFO] SUCCESS: org.apache.commons:commons-lang3:jar:3.19.0:compile (sources = false)
2026.05.20 22:55:18 INFO  [INFO] Resolving artifact: org.apache.commons:commons-lang3:jar:3.19.0:compile (sources = true)
2026.05.20 22:55:18 INFO  [INFO] SUCCESS: org.apache.commons:commons-lang3:jar:3.19.0:compile (sources = true)
2026.05.20 22:55:18 INFO  [INFO] Resolving artifact: org.springframework.boot:spring-boot-starter-security:jar:4.0.5:compile (sources = false)
2026.05.20 22:55:18 INFO  [INFO] SUCCESS: org.springframework.boot:spring-boot-starter-security:jar:4.0.5:compile (sources = false)
2026.05.20 22:55:18 INFO  [INFO] Resolving artifact: org.springframework.boot:spring-boot-starter-security:jar:4.0.5:compile (sources = true)
2026.05.20 22:55:18 INFO  [INFO] SUCCESS: org.springframework.boot:spring-boot-starter-security:jar:4.0.5:compile (sources = true)
2026.05.20 22:55:18 INFO  [INFO] Resolving artifact: org.springframework.security:spring-security-config:jar:7.0.4:compile (sources = false)
2026.05.20 22:55:18 INFO  [INFO] SUCCESS: org.springframework.security:spring-security-config:jar:7.0.4:compile (sources = false)
2026.05.20 22:55:18 INFO  [INFO] Resolving artifact: org.springframework.security:spring-security-config:jar:7.0.4:compile (sources = true)
2026.05.20 22:55:18 INFO  [INFO] SUCCESS: org.springframework.security:spring-security-config:jar:7.0.4:compile (sources = true)
2026.05.20 22:55:18 INFO  [INFO] Resolving artifact: net.minidev:json-smart:jar:2.6.0:test (sources = false)
2026.05.20 22:55:18 INFO  [INFO] SUCCESS: net.minidev:json-smart:jar:2.6.0:test (sources = false)
2026.05.20 22:55:18 INFO  [INFO] Resolving artifact: net.minidev:json-smart:jar:2.6.0:test (sources = true)
2026.05.20 22:55:18 INFO  [INFO] SUCCESS: net.minidev:json-smart:jar:2.6.0:test (sources = true)
2026.05.20 22:55:18 INFO  [INFO] Resolving artifact: org.springframework.boot:spring-boot-hibernate:jar:4.0.5:compile (sources = false)
2026.05.20 22:55:18 INFO  [INFO] SUCCESS: org.springframework.boot:spring-boot-hibernate:jar:4.0.5:compile (sources = false)
2026.05.20 22:55:18 INFO  [INFO] Resolving artifact: org.springframework.boot:spring-boot-hibernate:jar:4.0.5:compile (sources = true)
2026.05.20 22:55:18 INFO  [INFO] SUCCESS: org.springframework.boot:spring-boot-hibernate:jar:4.0.5:compile (sources = true)
2026.05.20 22:55:18 INFO  [INFO] Resolving artifact: org.glassfish.jaxb:jaxb-runtime:jar:4.0.6:runtime (sources = false)
2026.05.20 22:55:18 INFO  [INFO] SUCCESS: org.glassfish.jaxb:jaxb-runtime:jar:4.0.6:runtime (sources = false)
2026.05.20 22:55:18 INFO  [INFO] Resolving artifact: org.glassfish.jaxb:jaxb-runtime:jar:4.0.6:runtime (sources = true)
2026.05.20 22:55:18 INFO  [INFO] SUCCESS: org.glassfish.jaxb:jaxb-runtime:jar:4.0.6:runtime (sources = true)
2026.05.20 22:55:18 INFO  [INFO] Resolving artifact: org.springframework.boot:spring-boot-tomcat:jar:4.0.5:compile (sources = false)
2026.05.20 22:55:18 INFO  [INFO] SUCCESS: org.springframework.boot:spring-boot-tomcat:jar:4.0.5:compile (sources = false)
2026.05.20 22:55:18 INFO  [INFO] Resolving artifact: org.springframework.boot:spring-boot-tomcat:jar:4.0.5:compile (sources = true)
2026.05.20 22:55:18 INFO  [INFO] SUCCESS: org.springframework.boot:spring-boot-tomcat:jar:4.0.5:compile (sources = true)
2026.05.20 22:55:18 INFO  [INFO] Resolving artifact: org.springframework.boot:spring-boot-jdbc-test:jar:4.0.5:test (sources = false)
2026.05.20 22:55:18 INFO  [INFO] SUCCESS: org.springframework.boot:spring-boot-jdbc-test:jar:4.0.5:test (sources = false)
2026.05.20 22:55:18 INFO  [INFO] Resolving artifact: org.springframework.boot:spring-boot-jdbc-test:jar:4.0.5:test (sources = true)
2026.05.20 22:55:18 INFO  [INFO] SUCCESS: org.springframework.boot:spring-boot-jdbc-test:jar:4.0.5:test (sources = true)
2026.05.20 22:55:18 INFO  [INFO] Resolving artifact: org.springframework.boot:spring-boot-persistence:jar:4.0.5:compile (sources = false)
2026.05.20 22:55:18 INFO  [INFO] SUCCESS: org.springframework.boot:spring-boot-persistence:jar:4.0.5:compile (sources = false)
2026.05.20 22:55:18 INFO  [INFO] Resolving artifact: org.springframework.boot:spring-boot-persistence:jar:4.0.5:compile (sources = true)
2026.05.20 22:55:18 INFO  [INFO] SUCCESS: org.springframework.boot:spring-boot-persistence:jar:4.0.5:compile (sources = true)
2026.05.20 22:55:18 INFO  [INFO] Resolving artifact: org.junit.jupiter:junit-jupiter-engine:jar:6.0.3:test (sources = false)
2026.05.20 22:55:18 INFO  [INFO] SUCCESS: org.junit.jupiter:junit-jupiter-engine:jar:6.0.3:test (sources = false)
2026.05.20 22:55:18 INFO  [INFO] Resolving artifact: org.junit.jupiter:junit-jupiter-engine:jar:6.0.3:test (sources = true)
2026.05.20 22:55:18 INFO  [INFO] SUCCESS: org.junit.jupiter:junit-jupiter-engine:jar:6.0.3:test (sources = true)
2026.05.20 22:55:18 INFO  [INFO] Resolving artifact: com.fasterxml:classmate:jar:1.7.3:compile (sources = false)
2026.05.20 22:55:18 INFO  [INFO] SUCCESS: com.fasterxml:classmate:jar:1.7.3:compile (sources = false)
2026.05.20 22:55:18 INFO  [INFO] Resolving artifact: com.fasterxml:classmate:jar:1.7.3:compile (sources = true)
2026.05.20 22:55:18 INFO  [INFO] SUCCESS: com.fasterxml:classmate:jar:1.7.3:compile (sources = true)
2026.05.20 22:55:18 INFO  [INFO] Resolving artifact: org.springframework.boot:spring-boot-jpa-test:jar:4.0.5:test (sources = false)
2026.05.20 22:55:18 INFO  [INFO] SUCCESS: org.springframework.boot:spring-boot-jpa-test:jar:4.0.5:test (sources = false)
2026.05.20 22:55:18 INFO  [INFO] Resolving artifact: org.springframework.boot:spring-boot-jpa-test:jar:4.0.5:test (sources = true)
2026.05.20 22:55:18 INFO  [INFO] SUCCESS: org.springframework.boot:spring-boot-jpa-test:jar:4.0.5:test (sources = true)
2026.05.20 22:55:18 INFO  [INFO] Resolving artifact: org.springframework.boot:spring-boot-starter-logging:jar:4.0.5:compile (sources = false)
2026.05.20 22:55:18 INFO  [INFO] SUCCESS: org.springframework.boot:spring-boot-starter-logging:jar:4.0.5:compile (sources = false)
2026.05.20 22:55:18 INFO  [INFO] Resolving artifact: org.springframework.boot:spring-boot-starter-logging:jar:4.0.5:compile (sources = true)
2026.05.20 22:55:18 INFO  [INFO] SUCCESS: org.springframework.boot:spring-boot-starter-logging:jar:4.0.5:compile (sources = true)
2026.05.20 22:55:18 INFO  [INFO] Resolving artifact: org.springframework.security:spring-security-core:jar:7.0.4:compile (sources = false)
2026.05.20 22:55:18 INFO  [INFO] SUCCESS: org.springframework.security:spring-security-core:jar:7.0.4:compile (sources = false)
2026.05.20 22:55:18 INFO  [INFO] Resolving artifact: org.springframework.security:spring-security-core:jar:7.0.4:compile (sources = true)
2026.05.20 22:55:18 INFO  [INFO] SUCCESS: org.springframework.security:spring-security-core:jar:7.0.4:compile (sources = true)
2026.05.20 22:55:18 INFO  [INFO] Resolving artifact: net.minidev:accessors-smart:jar:2.6.0:test (sources = false)
2026.05.20 22:55:18 INFO  [INFO] SUCCESS: net.minidev:accessors-smart:jar:2.6.0:test (sources = false)
2026.05.20 22:55:18 INFO  [INFO] Resolving artifact: net.minidev:accessors-smart:jar:2.6.0:test (sources = true)
2026.05.20 22:55:18 INFO  [INFO] SUCCESS: net.minidev:accessors-smart:jar:2.6.0:test (sources = true)
2026.05.20 22:55:18 INFO  [INFO] Resolving artifact: org.springframework.boot:spring-boot-autoconfigure:jar:4.0.5:compile (sources = false)
2026.05.20 22:55:18 INFO  [INFO] SUCCESS: org.springframework.boot:spring-boot-autoconfigure:jar:4.0.5:compile (sources = false)
2026.05.20 22:55:18 INFO  [INFO] Resolving artifact: org.springframework.boot:spring-boot-autoconfigure:jar:4.0.5:compile (sources = true)
2026.05.20 22:55:18 INFO  [INFO] SUCCESS: org.springframework.boot:spring-boot-autoconfigure:jar:4.0.5:compile (sources = true)
2026.05.20 22:55:18 INFO  [INFO] Resolving artifact: org.springframework.boot:spring-boot-servlet:jar:4.0.5:compile (sources = false)
2026.05.20 22:55:18 INFO  [INFO] SUCCESS: org.springframework.boot:spring-boot-servlet:jar:4.0.5:compile (sources = false)
2026.05.20 22:55:18 INFO  [INFO] Resolving artifact: org.springframework.boot:spring-boot-servlet:jar:4.0.5:compile (sources = true)
2026.05.20 22:55:18 INFO  [INFO] SUCCESS: org.springframework.boot:spring-boot-servlet:jar:4.0.5:compile (sources = true)
2026.05.20 22:55:18 INFO  [INFO] Resolving artifact: org.junit.jupiter:junit-jupiter-params:jar:6.0.3:test (sources = false)
2026.05.20 22:55:18 INFO  [INFO] SUCCESS: org.junit.jupiter:junit-jupiter-params:jar:6.0.3:test (sources = false)
2026.05.20 22:55:18 INFO  [INFO] Resolving artifact: org.junit.jupiter:junit-jupiter-params:jar:6.0.3:test (sources = true)
2026.05.20 22:55:18 INFO  [INFO] SUCCESS: org.junit.jupiter:junit-jupiter-params:jar:6.0.3:test (sources = true)
2026.05.20 22:55:18 INFO  [INFO] Resolving artifact: org.springframework.data:spring-data-commons:jar:4.0.4:compile (sources = false)
2026.05.20 22:55:18 INFO  [INFO] SUCCESS: org.springframework.data:spring-data-commons:jar:4.0.4:compile (sources = false)
2026.05.20 22:55:18 INFO  [INFO] Resolving artifact: org.springframework.data:spring-data-commons:jar:4.0.4:compile (sources = true)
2026.05.20 22:55:18 INFO  [INFO] SUCCESS: org.springframework.data:spring-data-commons:jar:4.0.4:compile (sources = true)
2026.05.20 22:55:18 INFO  [INFO] Resolving artifact: org.springframework:spring-aop:jar:7.0.6:compile (sources = false)
2026.05.20 22:55:18 INFO  [INFO] SUCCESS: org.springframework:spring-aop:jar:7.0.6:compile (sources = false)
2026.05.20 22:55:18 INFO  [INFO] Resolving artifact: org.springframework:spring-aop:jar:7.0.6:compile (sources = true)
2026.05.20 22:55:18 INFO  [INFO] SUCCESS: org.springframework:spring-aop:jar:7.0.6:compile (sources = true)
2026.05.20 22:55:18 INFO  [INFO] Resolving artifact: jakarta.xml.bind:jakarta.xml.bind-api:jar:4.0.4:compile (sources = false)
2026.05.20 22:55:18 INFO  [INFO] SUCCESS: jakarta.xml.bind:jakarta.xml.bind-api:jar:4.0.4:compile (sources = false)
2026.05.20 22:55:18 INFO  [INFO] Resolving artifact: jakarta.xml.bind:jakarta.xml.bind-api:jar:4.0.4:compile (sources = true)
2026.05.20 22:55:18 INFO  [INFO] SUCCESS: jakarta.xml.bind:jakarta.xml.bind-api:jar:4.0.4:compile (sources = true)
2026.05.20 22:55:18 INFO  [INFO] Resolving artifact: org.springdoc:springdoc-openapi-starter-webmvc-api:jar:2.8.8:compile (sources = false)
2026.05.20 22:55:18 INFO  [INFO] SUCCESS: org.springdoc:springdoc-openapi-starter-webmvc-api:jar:2.8.8:compile (sources = false)
2026.05.20 22:55:18 INFO  [INFO] Resolving artifact: org.springdoc:springdoc-openapi-starter-webmvc-api:jar:2.8.8:compile (sources = true)
2026.05.20 22:55:18 INFO  [INFO] SUCCESS: org.springdoc:springdoc-openapi-starter-webmvc-api:jar:2.8.8:compile (sources = true)
2026.05.20 22:55:18 INFO  [INFO] Resolving artifact: org.springframework.boot:spring-boot-jpa:jar:4.0.5:compile (sources = false)
2026.05.20 22:55:18 INFO  [INFO] SUCCESS: org.springframework.boot:spring-boot-jpa:jar:4.0.5:compile (sources = false)
2026.05.20 22:55:18 INFO  [INFO] Resolving artifact: org.springframework.boot:spring-boot-jpa:jar:4.0.5:compile (sources = true)
2026.05.20 22:55:18 INFO  [INFO] SUCCESS: org.springframework.boot:spring-boot-jpa:jar:4.0.5:compile (sources = true)
2026.05.20 22:55:18 INFO  [INFO] Resolving artifact: org.mockito:mockito-core:jar:5.20.0:test (sources = false)
2026.05.20 22:55:18 INFO  [INFO] SUCCESS: org.mockito:mockito-core:jar:5.20.0:test (sources = false)
2026.05.20 22:55:18 INFO  [INFO] Resolving artifact: org.mockito:mockito-core:jar:5.20.0:test (sources = true)
2026.05.20 22:55:18 INFO  [INFO] SUCCESS: org.mockito:mockito-core:jar:5.20.0:test (sources = true)
2026.05.20 22:55:18 INFO  [INFO] Resolving artifact: org.objenesis:objenesis:jar:3.3:test (sources = false)
2026.05.20 22:55:18 INFO  [INFO] SUCCESS: org.objenesis:objenesis:jar:3.3:test (sources = false)
2026.05.20 22:55:18 INFO  [INFO] Resolving artifact: org.objenesis:objenesis:jar:3.3:test (sources = true)
2026.05.20 22:55:18 INFO  [INFO] SUCCESS: org.objenesis:objenesis:jar:3.3:test (sources = true)
2026.05.20 22:55:18 INFO  [INFO] Resolving artifact: org.springframework.boot:spring-boot-starter-jdbc:jar:4.0.5:compile (sources = false)
2026.05.20 22:55:18 INFO  [INFO] SUCCESS: org.springframework.boot:spring-boot-starter-jdbc:jar:4.0.5:compile (sources = false)
2026.05.20 22:55:18 INFO  [INFO] Resolving artifact: org.springframework.boot:spring-boot-starter-jdbc:jar:4.0.5:compile (sources = true)
2026.05.20 22:55:18 INFO  [INFO] SUCCESS: org.springframework.boot:spring-boot-starter-jdbc:jar:4.0.5:compile (sources = true)
2026.05.20 22:55:18 INFO  [INFO] Resolving artifact: org.apache.logging.log4j:log4j-api:jar:2.25.3:compile (sources = false)
2026.05.20 22:55:18 INFO  [INFO] SUCCESS: org.apache.logging.log4j:log4j-api:jar:2.25.3:compile (sources = false)
2026.05.20 22:55:18 INFO  [INFO] Resolving artifact: org.apache.logging.log4j:log4j-api:jar:2.25.3:compile (sources = true)
2026.05.20 22:55:18 INFO  [INFO] SUCCESS: org.apache.logging.log4j:log4j-api:jar:2.25.3:compile (sources = true)
2026.05.20 22:55:18 INFO  [INFO] Resolving artifact: org.springframework:spring-expression:jar:7.0.6:compile (sources = false)
2026.05.20 22:55:18 INFO  [INFO] SUCCESS: org.springframework:spring-expression:jar:7.0.6:compile (sources = false)
2026.05.20 22:55:18 INFO  [INFO] Resolving artifact: org.springframework:spring-expression:jar:7.0.6:compile (sources = true)
2026.05.20 22:55:18 INFO  [INFO] SUCCESS: org.springframework:spring-expression:jar:7.0.6:compile (sources = true)
2026.05.20 22:55:18 INFO  [INFO] Resolving artifact: ch.qos.logback:logback-core:jar:1.5.32:compile (sources = false)
2026.05.20 22:55:18 INFO  [INFO] SUCCESS: ch.qos.logback:logback-core:jar:1.5.32:compile (sources = false)
2026.05.20 22:55:18 INFO  [INFO] Resolving artifact: ch.qos.logback:logback-core:jar:1.5.32:compile (sources = true)
2026.05.20 22:55:18 INFO  [INFO] SUCCESS: ch.qos.logback:logback-core:jar:1.5.32:compile (sources = true)
2026.05.20 22:55:18 INFO  [INFO] Resolving artifact: org.springframework.boot:spring-boot-validation:jar:4.0.5:compile (sources = false)
2026.05.20 22:55:18 INFO  [INFO] SUCCESS: org.springframework.boot:spring-boot-validation:jar:4.0.5:compile (sources = false)
2026.05.20 22:55:18 INFO  [INFO] Resolving artifact: org.springframework.boot:spring-boot-validation:jar:4.0.5:compile (sources = true)
2026.05.20 22:55:18 INFO  [INFO] SUCCESS: org.springframework.boot:spring-boot-validation:jar:4.0.5:compile (sources = true)
2026.05.20 22:55:18 INFO  [INFO] Resolving artifact: org.springframework.boot:spring-boot-starter-security-test:jar:4.0.5:test (sources = false)
2026.05.20 22:55:18 INFO  [INFO] SUCCESS: org.springframework.boot:spring-boot-starter-security-test:jar:4.0.5:test (sources = false)
2026.05.20 22:55:18 INFO  [INFO] Resolving artifact: org.springframework.boot:spring-boot-starter-security-test:jar:4.0.5:test (sources = true)
2026.05.20 22:55:18 INFO  [INFO] SUCCESS: org.springframework.boot:spring-boot-starter-security-test:jar:4.0.5:test (sources = true)
2026.05.20 22:55:18 INFO  [INFO] Resolving artifact: org.springframework:spring-web:jar:7.0.6:compile (sources = false)
2026.05.20 22:55:18 INFO  [INFO] SUCCESS: org.springframework:spring-web:jar:7.0.6:compile (sources = false)
2026.05.20 22:55:18 INFO  [INFO] Resolving artifact: org.springframework:spring-web:jar:7.0.6:compile (sources = true)
2026.05.20 22:55:18 INFO  [INFO] SUCCESS: org.springframework:spring-web:jar:7.0.6:compile (sources = true)
2026.05.20 22:55:18 INFO  [INFO] Resolving artifact: io.swagger.core.v3:swagger-annotations-jakarta:jar:2.2.30:compile (sources = false)
2026.05.20 22:55:18 INFO  [INFO] SUCCESS: io.swagger.core.v3:swagger-annotations-jakarta:jar:2.2.30:compile (sources = false)
2026.05.20 22:55:18 INFO  [INFO] Resolving artifact: io.swagger.core.v3:swagger-annotations-jakarta:jar:2.2.30:compile (sources = true)
2026.05.20 22:55:18 INFO  [INFO] SUCCESS: io.swagger.core.v3:swagger-annotations-jakarta:jar:2.2.30:compile (sources = true)
2026.05.20 22:55:18 INFO  [INFO] Resolving artifact: org.springframework:spring-beans:jar:7.0.6:compile (sources = false)
2026.05.20 22:55:18 INFO  [INFO] SUCCESS: org.springframework:spring-beans:jar:7.0.6:compile (sources = false)
2026.05.20 22:55:18 INFO  [INFO] Resolving artifact: org.springframework:spring-beans:jar:7.0.6:compile (sources = true)
2026.05.20 22:55:18 INFO  [INFO] SUCCESS: org.springframework:spring-beans:jar:7.0.6:compile (sources = true)
2026.05.20 22:55:18 INFO  [INFO] Resolving artifact: org.springframework:spring-aspects:jar:7.0.6:compile (sources = false)
2026.05.20 22:55:18 INFO  [INFO] SUCCESS: org.springframework:spring-aspects:jar:7.0.6:compile (sources = false)
2026.05.20 22:55:18 INFO  [INFO] Resolving artifact: org.springframework:spring-aspects:jar:7.0.6:compile (sources = true)
2026.05.20 22:55:18 INFO  [INFO] SUCCESS: org.springframework:spring-aspects:jar:7.0.6:compile (sources = true)
2026.05.20 22:55:18 INFO  [INFO] Resolving artifact: org.springframework:spring-core:jar:7.0.6:compile (sources = false)
2026.05.20 22:55:18 INFO  [INFO] SUCCESS: org.springframework:spring-core:jar:7.0.6:compile (sources = false)
2026.05.20 22:55:18 INFO  [INFO] Resolving artifact: org.springframework:spring-core:jar:7.0.6:compile (sources = true)
2026.05.20 22:55:18 INFO  [INFO] SUCCESS: org.springframework:spring-core:jar:7.0.6:compile (sources = true)
2026.05.20 22:55:18 INFO  [INFO] Resolving artifact: org.hibernate.models:hibernate-models:jar:1.0.1:runtime (sources = false)
2026.05.20 22:55:18 INFO  [INFO] SUCCESS: org.hibernate.models:hibernate-models:jar:1.0.1:runtime (sources = false)
2026.05.20 22:55:18 INFO  [INFO] Resolving artifact: org.hibernate.models:hibernate-models:jar:1.0.1:runtime (sources = true)
2026.05.20 22:55:18 INFO  [INFO] SUCCESS: org.hibernate.models:hibernate-models:jar:1.0.1:runtime (sources = true)
2026.05.20 22:55:18 INFO  [INFO] Resolving artifact: org.springframework.security:spring-security-web:jar:7.0.4:compile (sources = false)
2026.05.20 22:55:18 INFO  [INFO] SUCCESS: org.springframework.security:spring-security-web:jar:7.0.4:compile (sources = false)
2026.05.20 22:55:18 INFO  [INFO] Resolving artifact: org.springframework.security:spring-security-web:jar:7.0.4:compile (sources = true)
2026.05.20 22:55:18 INFO  [INFO] SUCCESS: org.springframework.security:spring-security-web:jar:7.0.4:compile (sources = true)
2026.05.20 22:55:18 INFO  [INFO] Resolving artifact: org.ow2.asm:asm:jar:9.7.1:test (sources = false)
2026.05.20 22:55:18 INFO  [INFO] SUCCESS: org.ow2.asm:asm:jar:9.7.1:test (sources = false)
2026.05.20 22:55:18 INFO  [INFO] Resolving artifact: org.ow2.asm:asm:jar:9.7.1:test (sources = true)
2026.05.20 22:55:18 INFO  [INFO] SUCCESS: org.ow2.asm:asm:jar:9.7.1:test (sources = true)
2026.05.20 22:55:18 INFO  [INFO] Resolving artifact: org.springframework.boot:spring-boot-test-autoconfigure:jar:4.0.5:test (sources = false)
2026.05.20 22:55:18 INFO  [INFO] SUCCESS: org.springframework.boot:spring-boot-test-autoconfigure:jar:4.0.5:test (sources = false)
2026.05.20 22:55:18 INFO  [INFO] Resolving artifact: org.springframework.boot:spring-boot-test-autoconfigure:jar:4.0.5:test (sources = true)
2026.05.20 22:55:18 INFO  [INFO] SUCCESS: org.springframework.boot:spring-boot-test-autoconfigure:jar:4.0.5:test (sources = true)
2026.05.20 22:55:18 INFO  [INFO] Resolving artifact: org.springframework:spring-jdbc:jar:7.0.6:compile (sources = false)
2026.05.20 22:55:18 INFO  [INFO] SUCCESS: org.springframework:spring-jdbc:jar:7.0.6:compile (sources = false)
2026.05.20 22:55:18 INFO  [INFO] Resolving artifact: org.springframework:spring-jdbc:jar:7.0.6:compile (sources = true)
2026.05.20 22:55:18 INFO  [INFO] SUCCESS: org.springframework:spring-jdbc:jar:7.0.6:compile (sources = true)
2026.05.20 22:55:18 INFO  [INFO] Resolving artifact: org.springframework.boot:spring-boot-resttestclient:jar:4.0.5:test (sources = false)
2026.05.20 22:55:18 INFO  [INFO] SUCCESS: org.springframework.boot:spring-boot-resttestclient:jar:4.0.5:test (sources = false)
2026.05.20 22:55:18 INFO  [INFO] Resolving artifact: org.springframework.boot:spring-boot-resttestclient:jar:4.0.5:test (sources = true)
2026.05.20 22:55:18 INFO  [INFO] SUCCESS: org.springframework.boot:spring-boot-resttestclient:jar:4.0.5:test (sources = true)
2026.05.20 22:55:18 INFO  [INFO] Resolving artifact: org.apache.tomcat.embed:tomcat-embed-websocket:jar:11.0.20:compile (sources = false)
2026.05.20 22:55:18 INFO  [INFO] SUCCESS: org.apache.tomcat.embed:tomcat-embed-websocket:jar:11.0.20:compile (sources = false)
2026.05.20 22:55:18 INFO  [INFO] Resolving artifact: org.apache.tomcat.embed:tomcat-embed-websocket:jar:11.0.20:compile (sources = true)
2026.05.20 22:55:18 INFO  [INFO] SUCCESS: org.apache.tomcat.embed:tomcat-embed-websocket:jar:11.0.20:compile (sources = true)
2026.05.20 22:55:18 INFO  [INFO] Resolving artifact: commons-logging:commons-logging:jar:1.3.6:compile (sources = false)
2026.05.20 22:55:18 INFO  [INFO] SUCCESS: commons-logging:commons-logging:jar:1.3.6:compile (sources = false)
2026.05.20 22:55:18 INFO  [INFO] Resolving artifact: commons-logging:commons-logging:jar:1.3.6:compile (sources = true)
2026.05.20 22:55:18 INFO  [INFO] SUCCESS: commons-logging:commons-logging:jar:1.3.6:compile (sources = true)
2026.05.20 22:55:18 INFO  [INFO] Resolving artifact: org.springframework.boot:spring-boot-starter-webmvc-test:jar:4.0.5:test (sources = false)
2026.05.20 22:55:18 INFO  [INFO] SUCCESS: org.springframework.boot:spring-boot-starter-webmvc-test:jar:4.0.5:test (sources = false)
2026.05.20 22:55:18 INFO  [INFO] Resolving artifact: org.springframework.boot:spring-boot-starter-webmvc-test:jar:4.0.5:test (sources = true)
2026.05.20 22:55:18 INFO  [INFO] SUCCESS: org.springframework.boot:spring-boot-starter-webmvc-test:jar:4.0.5:test (sources = true)
2026.05.20 22:55:18 INFO  [INFO] Resolving artifact: org.springframework.boot:spring-boot-http-converter:jar:4.0.5:compile (sources = false)
2026.05.20 22:55:18 INFO  [INFO] SUCCESS: org.springframework.boot:spring-boot-http-converter:jar:4.0.5:compile (sources = false)
2026.05.20 22:55:18 INFO  [INFO] Resolving artifact: org.springframework.boot:spring-boot-http-converter:jar:4.0.5:compile (sources = true)
2026.05.20 22:55:18 INFO  [INFO] SUCCESS: org.springframework.boot:spring-boot-http-converter:jar:4.0.5:compile (sources = true)
2026.05.20 22:55:18 INFO  [INFO] Resolving artifact: org.springframework.boot:spring-boot-data-commons:jar:4.0.5:compile (sources = false)
2026.05.20 22:55:18 INFO  [INFO] SUCCESS: org.springframework.boot:spring-boot-data-commons:jar:4.0.5:compile (sources = false)
2026.05.20 22:55:18 INFO  [INFO] Resolving artifact: org.springframework.boot:spring-boot-data-commons:jar:4.0.5:compile (sources = true)
2026.05.20 22:55:18 INFO  [INFO] SUCCESS: org.springframework.boot:spring-boot-data-commons:jar:4.0.5:compile (sources = true)
2026.05.20 22:55:18 INFO  [INFO] Resolving artifact: org.apache.tomcat.embed:tomcat-embed-core:jar:11.0.20:compile (sources = false)
2026.05.20 22:55:18 INFO  [INFO] SUCCESS: org.apache.tomcat.embed:tomcat-embed-core:jar:11.0.20:compile (sources = false)
2026.05.20 22:55:18 INFO  [INFO] Resolving artifact: org.apache.tomcat.embed:tomcat-embed-core:jar:11.0.20:compile (sources = true)
2026.05.20 22:55:18 INFO  [INFO] SUCCESS: org.apache.tomcat.embed:tomcat-embed-core:jar:11.0.20:compile (sources = true)
2026.05.20 22:55:18 INFO  [INFO] Resolving artifact: org.hibernate.validator:hibernate-validator:jar:9.0.1.Final:compile (sources = false)
2026.05.20 22:55:18 INFO  [INFO] SUCCESS: org.hibernate.validator:hibernate-validator:jar:9.0.1.Final:compile (sources = false)
2026.05.20 22:55:18 INFO  [INFO] Resolving artifact: org.hibernate.validator:hibernate-validator:jar:9.0.1.Final:compile (sources = true)
2026.05.20 22:55:18 INFO  [INFO] SUCCESS: org.hibernate.validator:hibernate-validator:jar:9.0.1.Final:compile (sources = true)
2026.05.20 22:55:18 INFO  [INFO] Resolving artifact: ch.qos.logback:logback-classic:jar:1.5.32:compile (sources = false)
2026.05.20 22:55:18 INFO  [INFO] SUCCESS: ch.qos.logback:logback-classic:jar:1.5.32:compile (sources = false)
2026.05.20 22:55:18 INFO  [INFO] Resolving artifact: ch.qos.logback:logback-classic:jar:1.5.32:compile (sources = true)
2026.05.20 22:55:18 INFO  [INFO] SUCCESS: ch.qos.logback:logback-classic:jar:1.5.32:compile (sources = true)
2026.05.20 22:55:18 INFO  [INFO] Resolving artifact: org.junit.jupiter:junit-jupiter-api:jar:6.0.3:test (sources = false)
2026.05.20 22:55:18 INFO  [INFO] SUCCESS: org.junit.jupiter:junit-jupiter-api:jar:6.0.3:test (sources = false)
2026.05.20 22:55:18 INFO  [INFO] Resolving artifact: org.junit.jupiter:junit-jupiter-api:jar:6.0.3:test (sources = true)
2026.05.20 22:55:18 INFO  [INFO] SUCCESS: org.junit.jupiter:junit-jupiter-api:jar:6.0.3:test (sources = true)
2026.05.20 22:55:18 INFO  [INFO] Resolving artifact: org.skyscreamer:jsonassert:jar:1.5.3:test (sources = false)
2026.05.20 22:55:18 INFO  [INFO] SUCCESS: org.skyscreamer:jsonassert:jar:1.5.3:test (sources = false)
2026.05.20 22:55:18 INFO  [INFO] Resolving artifact: org.skyscreamer:jsonassert:jar:1.5.3:test (sources = true)
2026.05.20 22:55:18 INFO  [INFO] SUCCESS: org.skyscreamer:jsonassert:jar:1.5.3:test (sources = true)
2026.05.20 22:55:18 INFO  [INFO] Resolving artifact: org.glassfish.jaxb:jaxb-core:jar:4.0.6:runtime (sources = false)
2026.05.20 22:55:18 INFO  [INFO] SUCCESS: org.glassfish.jaxb:jaxb-core:jar:4.0.6:runtime (sources = false)
2026.05.20 22:55:18 INFO  [INFO] Resolving artifact: org.glassfish.jaxb:jaxb-core:jar:4.0.6:runtime (sources = true)
2026.05.20 22:55:18 INFO  [INFO] SUCCESS: org.glassfish.jaxb:jaxb-core:jar:4.0.6:runtime (sources = true)
2026.05.20 22:55:18 INFO  [INFO] Resolving artifact: com.fasterxml.jackson.core:jackson-databind:jar:2.21.2:compile (sources = false)
2026.05.20 22:55:18 INFO  [INFO] SUCCESS: com.fasterxml.jackson.core:jackson-databind:jar:2.21.2:compile (sources = false)
2026.05.20 22:55:18 INFO  [INFO] Resolving artifact: com.fasterxml.jackson.core:jackson-databind:jar:2.21.2:compile (sources = true)
2026.05.20 22:55:18 INFO  [INFO] SUCCESS: com.fasterxml.jackson.core:jackson-databind:jar:2.21.2:compile (sources = true)
2026.05.20 22:55:18 INFO  [INFO] Resolving artifact: io.jsonwebtoken:jjwt-impl:jar:0.12.5:runtime (sources = false)
2026.05.20 22:55:18 INFO  [INFO] SUCCESS: io.jsonwebtoken:jjwt-impl:jar:0.12.5:runtime (sources = false)
2026.05.20 22:55:18 INFO  [INFO] Resolving artifact: io.jsonwebtoken:jjwt-impl:jar:0.12.5:runtime (sources = true)
2026.05.20 22:55:18 INFO  [INFO] SUCCESS: io.jsonwebtoken:jjwt-impl:jar:0.12.5:runtime (sources = true)
2026.05.20 22:55:18 INFO  [INFO] Resolving artifact: org.springframework.boot:spring-boot:jar:4.0.5:compile (sources = false)
2026.05.20 22:55:18 INFO  [INFO] SUCCESS: org.springframework.boot:spring-boot:jar:4.0.5:compile (sources = false)
2026.05.20 22:55:18 INFO  [INFO] Resolving artifact: org.springframework.boot:spring-boot:jar:4.0.5:compile (sources = true)
2026.05.20 22:55:18 INFO  [INFO] SUCCESS: org.springframework.boot:spring-boot:jar:4.0.5:compile (sources = true)
2026.05.20 22:55:18 INFO  [INFO] Resolving artifact: jakarta.annotation:jakarta.annotation-api:jar:3.0.0:compile (sources = false)
2026.05.20 22:55:18 INFO  [INFO] SUCCESS: jakarta.annotation:jakarta.annotation-api:jar:3.0.0:compile (sources = false)
2026.05.20 22:55:18 INFO  [INFO] Resolving artifact: jakarta.annotation:jakarta.annotation-api:jar:3.0.0:compile (sources = true)
2026.05.20 22:55:18 INFO  [INFO] SUCCESS: jakarta.annotation:jakarta.annotation-api:jar:3.0.0:compile (sources = true)
2026.05.20 22:55:18 INFO  [INFO] Resolving artifact: org.springframework.boot:spring-boot-starter-validation:jar:4.0.5:compile (sources = false)
2026.05.20 22:55:18 INFO  [INFO] SUCCESS: org.springframework.boot:spring-boot-starter-validation:jar:4.0.5:compile (sources = false)
2026.05.20 22:55:18 INFO  [INFO] Resolving artifact: org.springframework.boot:spring-boot-starter-validation:jar:4.0.5:compile (sources = true)
2026.05.20 22:55:18 INFO  [INFO] SUCCESS: org.springframework.boot:spring-boot-starter-validation:jar:4.0.5:compile (sources = true)
2026.05.20 22:55:18 INFO  [INFO] Resolving artifact: org.glassfish.jaxb:txw2:jar:4.0.6:runtime (sources = false)
2026.05.20 22:55:18 INFO  [INFO] SUCCESS: org.glassfish.jaxb:txw2:jar:4.0.6:runtime (sources = false)
2026.05.20 22:55:18 INFO  [INFO] Resolving artifact: org.glassfish.jaxb:txw2:jar:4.0.6:runtime (sources = true)
2026.05.20 22:55:18 INFO  [INFO] SUCCESS: org.glassfish.jaxb:txw2:jar:4.0.6:runtime (sources = true)
2026.05.20 22:55:18 INFO  [INFO] Resolving artifact: org.xmlunit:xmlunit-core:jar:2.10.4:test (sources = false)
2026.05.20 22:55:18 INFO  [INFO] SUCCESS: org.xmlunit:xmlunit-core:jar:2.10.4:test (sources = false)
2026.05.20 22:55:18 INFO  [INFO] Resolving artifact: org.xmlunit:xmlunit-core:jar:2.10.4:test (sources = true)
2026.05.20 22:55:18 INFO  [INFO] SUCCESS: org.xmlunit:xmlunit-core:jar:2.10.4:test (sources = true)
2026.05.20 22:55:18 INFO  [INFO] Resolving artifact: org.junit.platform:junit-platform-commons:jar:6.0.3:test (sources = false)
2026.05.20 22:55:18 INFO  [INFO] SUCCESS: org.junit.platform:junit-platform-commons:jar:6.0.3:test (sources = false)
2026.05.20 22:55:18 INFO  [INFO] Resolving artifact: org.junit.platform:junit-platform-commons:jar:6.0.3:test (sources = true)
2026.05.20 22:55:18 INFO  [INFO] SUCCESS: org.junit.platform:junit-platform-commons:jar:6.0.3:test (sources = true)
2026.05.20 22:55:18 INFO  [INFO] Resolving artifact: org.webjars:webjars-locator-lite:jar:1.1.3:compile (sources = false)
2026.05.20 22:55:18 INFO  [INFO] SUCCESS: org.webjars:webjars-locator-lite:jar:1.1.3:compile (sources = false)
2026.05.20 22:55:18 INFO  [INFO] Resolving artifact: org.webjars:webjars-locator-lite:jar:1.1.3:compile (sources = true)
2026.05.20 22:55:18 INFO  [INFO] SUCCESS: org.webjars:webjars-locator-lite:jar:1.1.3:compile (sources = true)
2026.05.20 22:55:18 INFO  [INFO] Resolving artifact: jakarta.inject:jakarta.inject-api:jar:2.0.1:runtime (sources = false)
2026.05.20 22:55:18 INFO  [INFO] SUCCESS: jakarta.inject:jakarta.inject-api:jar:2.0.1:runtime (sources = false)
2026.05.20 22:55:18 INFO  [INFO] Resolving artifact: jakarta.inject:jakarta.inject-api:jar:2.0.1:runtime (sources = true)
2026.05.20 22:55:18 INFO  [INFO] SUCCESS: jakarta.inject:jakarta.inject-api:jar:2.0.1:runtime (sources = true)
2026.05.20 22:55:18 INFO  [INFO] Resolving artifact: org.springframework.boot:spring-boot-starter-jackson:jar:4.0.5:compile (sources = false)
2026.05.20 22:55:18 INFO  [INFO] SUCCESS: org.springframework.boot:spring-boot-starter-jackson:jar:4.0.5:compile (sources = false)
2026.05.20 22:55:18 INFO  [INFO] Resolving artifact: org.springframework.boot:spring-boot-starter-jackson:jar:4.0.5:compile (sources = true)
2026.05.20 22:55:18 INFO  [INFO] SUCCESS: org.springframework.boot:spring-boot-starter-jackson:jar:4.0.5:compile (sources = true)
2026.05.20 22:55:18 INFO  [INFO] Resolving artifact: org.springframework:spring-tx:jar:7.0.6:compile (sources = false)
2026.05.20 22:55:18 INFO  [INFO] SUCCESS: org.springframework:spring-tx:jar:7.0.6:compile (sources = false)
2026.05.20 22:55:18 INFO  [INFO] Resolving artifact: org.springframework:spring-tx:jar:7.0.6:compile (sources = true)
2026.05.20 22:55:18 INFO  [INFO] SUCCESS: org.springframework:spring-tx:jar:7.0.6:compile (sources = true)
2026.05.20 22:55:18 INFO  [INFO] Resolving artifact: org.springframework.boot:spring-boot-starter-tomcat-runtime:jar:4.0.5:compile (sources = false)
2026.05.20 22:55:18 INFO  [INFO] SUCCESS: org.springframework.boot:spring-boot-starter-tomcat-runtime:jar:4.0.5:compile (sources = false)
2026.05.20 22:55:18 INFO  [INFO] Resolving artifact: org.springframework.boot:spring-boot-starter-tomcat-runtime:jar:4.0.5:compile (sources = true)
2026.05.20 22:55:18 INFO  [INFO] SUCCESS: org.springframework.boot:spring-boot-starter-tomcat-runtime:jar:4.0.5:compile (sources = true)
2026.05.20 22:55:18 INFO  [INFO] Resolving artifact: org.webjars:swagger-ui:jar:5.21.0:compile (sources = false)
2026.05.20 22:55:18 INFO  [INFO] SUCCESS: org.webjars:swagger-ui:jar:5.21.0:compile (sources = false)
2026.05.20 22:55:18 INFO  [INFO] Resolving artifact: org.webjars:swagger-ui:jar:5.21.0:compile (sources = true)
2026.05.20 22:55:18 INFO  [ERROR] FAILURE org.webjars:swagger-ui:jar:5.21.0:compile (sources = true)
2026.05.20 22:55:18 INFO  org.eclipse.aether.resolution.ArtifactResolutionException: The following artifacts could not be resolved: org.webjars:swagger-ui:jar:sources:5.21.0 (absent): org.webjars:swagger-ui:jar:sources:5.21.0 was not found in https://repo.maven.apache.org/maven2 during a previous attempt. This failure was cached in the local repository and resolution is not reattempted until the update interval of central has elapsed or updates are forced
2026.05.20 22:55:18 INFO      at org.eclipse.aether.internal.impl.DefaultArtifactResolver.resolve (DefaultArtifactResolver.java:473)
2026.05.20 22:55:18 INFO      at org.eclipse.aether.internal.impl.DefaultArtifactResolver.resolveArtifacts (DefaultArtifactResolver.java:261)
2026.05.20 22:55:18 INFO      at org.eclipse.aether.internal.impl.DefaultArtifactResolver.resolveArtifact (DefaultArtifactResolver.java:243)
2026.05.20 22:55:18 INFO      at org.eclipse.aether.internal.impl.DefaultRepositorySystem.resolveArtifact (DefaultRepositorySystem.java:278)
2026.05.20 22:55:18 INFO      at bloop.integrations.maven.MojoImplementation$.bloop$integrations$maven$MojoImplementation$$resolveArtifact$1 (MojoImplementation.scala:115)
2026.05.20 22:55:18 INFO      at bloop.integrations.maven.MojoImplementation$$anonfun$2.applyOrElse (MojoImplementation.scala:240)
2026.05.20 22:55:18 INFO      at bloop.integrations.maven.MojoImplementation$$anonfun$2.applyOrElse (MojoImplementation.scala:222)
2026.05.20 22:55:18 INFO      at scala.collection.StrictOptimizedIterableOps.collect (StrictOptimizedIterableOps.scala:151)
2026.05.20 22:55:18 INFO      at scala.collection.StrictOptimizedIterableOps.collect$ (StrictOptimizedIterableOps.scala:136)
2026.05.20 22:55:18 INFO      at scala.collection.mutable.HashSet.collect (HashSet.scala:31)
2026.05.20 22:55:18 INFO      at bloop.integrations.maven.MojoImplementation$.writeConfig$1 (MojoImplementation.scala:222)
2026.05.20 22:55:18 INFO      at bloop.integrations.maven.MojoImplementation$.writeCompileAndTestConfiguration (MojoImplementation.scala:307)
2026.05.20 22:55:18 INFO      at bloop.integrations.maven.MojoImplementation.writeCompileAndTestConfiguration (MojoImplementation.scala)
2026.05.20 22:55:18 INFO      at bloop.integrations.maven.BloopMojo.execute (BloopMojo.java:105)
2026.05.20 22:55:18 INFO      at org.apache.maven.plugin.DefaultBuildPluginManager.executeMojo (DefaultBuildPluginManager.java:126)
2026.05.20 22:55:18 INFO      at org.apache.maven.lifecycle.internal.MojoExecutor.doExecute2 (MojoExecutor.java:328)
2026.05.20 22:55:18 INFO      at org.apache.maven.lifecycle.internal.MojoExecutor.doExecute (MojoExecutor.java:316)
2026.05.20 22:55:18 INFO      at org.apache.maven.lifecycle.internal.MojoExecutor.execute (MojoExecutor.java:212)
2026.05.20 22:55:18 INFO      at org.apache.maven.lifecycle.internal.MojoExecutor.execute (MojoExecutor.java:174)
2026.05.20 22:55:18 INFO      at org.apache.maven.lifecycle.internal.MojoExecutor.access$000 (MojoExecutor.java:75)
2026.05.20 22:55:18 INFO      at org.apache.maven.lifecycle.internal.MojoExecutor$1.run (MojoExecutor.java:162)
2026.05.20 22:55:18 INFO      at org.apache.maven.plugin.DefaultMojosExecutionStrategy.execute (DefaultMojosExecutionStrategy.java:39)
2026.05.20 22:55:18 INFO      at org.apache.maven.lifecycle.internal.MojoExecutor.execute (MojoExecutor.java:159)
2026.05.20 22:55:18 INFO      at org.apache.maven.lifecycle.internal.LifecycleModuleBuilder.buildProject (LifecycleModuleBuilder.java:105)
2026.05.20 22:55:18 INFO      at org.apache.maven.lifecycle.internal.LifecycleModuleBuilder.buildProject (LifecycleModuleBuilder.java:73)
2026.05.20 22:55:18 INFO      at org.apache.maven.lifecycle.internal.builder.singlethreaded.SingleThreadedBuilder.build (SingleThreadedBuilder.java:53)
2026.05.20 22:55:18 INFO      at org.apache.maven.lifecycle.internal.LifecycleStarter.execute (LifecycleStarter.java:118)
2026.05.20 22:55:18 INFO      at org.apache.maven.DefaultMaven.doExecute (DefaultMaven.java:261)
2026.05.20 22:55:18 INFO      at org.apache.maven.DefaultMaven.doExecute (DefaultMaven.java:173)
2026.05.20 22:55:18 INFO      at org.apache.maven.DefaultMaven.execute (DefaultMaven.java:101)
2026.05.20 22:55:18 INFO      at org.apache.maven.cli.MavenCli.execute (MavenCli.java:906)
2026.05.20 22:55:18 INFO      at org.apache.maven.cli.MavenCli.doMain (MavenCli.java:283)
2026.05.20 22:55:18 INFO      at org.apache.maven.cli.MavenCli.main (MavenCli.java:206)
2026.05.20 22:55:18 INFO      at jdk.internal.reflect.NativeMethodAccessorImpl.invoke0 (Native Method)
2026.05.20 22:55:18 INFO      at jdk.internal.reflect.NativeMethodAccessorImpl.invoke (NativeMethodAccessorImpl.java:62)
2026.05.20 22:55:18 INFO      at jdk.internal.reflect.DelegatingMethodAccessorImpl.invoke (DelegatingMethodAccessorImpl.java:43)
2026.05.20 22:55:18 INFO      at java.lang.reflect.Method.invoke (Method.java:566)
2026.05.20 22:55:18 INFO      at org.codehaus.plexus.classworlds.launcher.Launcher.launchEnhanced (Launcher.java:255)
2026.05.20 22:55:18 INFO      at org.codehaus.plexus.classworlds.launcher.Launcher.launch (Launcher.java:201)
2026.05.20 22:55:18 INFO      at org.codehaus.plexus.classworlds.launcher.Launcher.mainWithExitCode (Launcher.java:361)
2026.05.20 22:55:18 INFO      at org.codehaus.plexus.classworlds.launcher.Launcher.main (Launcher.java:314)
2026.05.20 22:55:18 INFO      at jdk.internal.reflect.NativeMethodAccessorImpl.invoke0 (Native Method)
2026.05.20 22:55:18 INFO      at jdk.internal.reflect.NativeMethodAccessorImpl.invoke (NativeMethodAccessorImpl.java:62)
2026.05.20 22:55:18 INFO      at jdk.internal.reflect.DelegatingMethodAccessorImpl.invoke (DelegatingMethodAccessorImpl.java:43)
2026.05.20 22:55:18 INFO      at java.lang.reflect.Method.invoke (Method.java:566)
2026.05.20 22:55:18 INFO      at org.apache.maven.wrapper.BootstrapMainStarter.start (BootstrapMainStarter.java:52)
2026.05.20 22:55:18 INFO      at org.apache.maven.wrapper.WrapperExecutor.execute (WrapperExecutor.java:161)
2026.05.20 22:55:18 INFO      at org.apache.maven.wrapper.MavenWrapperMain.main (MavenWrapperMain.java:73)
2026.05.20 22:55:18 INFO  Caused by: org.eclipse.aether.transfer.ArtifactNotFoundException: org.webjars:swagger-ui:jar:sources:5.21.0 was not found in https://repo.maven.apache.org/maven2 during a previous attempt. This failure was cached in the local repository and resolution is not reattempted until the update interval of central has elapsed or updates are forced
2026.05.20 22:55:18 INFO      at org.eclipse.aether.internal.impl.DefaultUpdateCheckManager.newException (DefaultUpdateCheckManager.java:225)
2026.05.20 22:55:18 INFO      at org.eclipse.aether.internal.impl.DefaultUpdateCheckManager.checkArtifact (DefaultUpdateCheckManager.java:188)
2026.05.20 22:55:18 INFO      at org.eclipse.aether.internal.impl.DefaultArtifactResolver.gatherDownloads (DefaultArtifactResolver.java:586)
2026.05.20 22:55:18 INFO      at org.eclipse.aether.internal.impl.DefaultArtifactResolver.performDownloads (DefaultArtifactResolver.java:525)
2026.05.20 22:55:18 INFO      at org.eclipse.aether.internal.impl.DefaultArtifactResolver.resolve (DefaultArtifactResolver.java:449)
2026.05.20 22:55:18 INFO      at org.eclipse.aether.internal.impl.DefaultArtifactResolver.resolveArtifacts (DefaultArtifactResolver.java:261)
2026.05.20 22:55:18 INFO      at org.eclipse.aether.internal.impl.DefaultArtifactResolver.resolveArtifact (DefaultArtifactResolver.java:243)
2026.05.20 22:55:18 INFO      at org.eclipse.aether.internal.impl.DefaultRepositorySystem.resolveArtifact (DefaultRepositorySystem.java:278)
2026.05.20 22:55:18 INFO      at bloop.integrations.maven.MojoImplementation$.bloop$integrations$maven$MojoImplementation$$resolveArtifact$1 (MojoImplementation.scala:115)
2026.05.20 22:55:18 INFO      at bloop.integrations.maven.MojoImplementation$$anonfun$2.applyOrElse (MojoImplementation.scala:240)
2026.05.20 22:55:18 INFO      at bloop.integrations.maven.MojoImplementation$$anonfun$2.applyOrElse (MojoImplementation.scala:222)
2026.05.20 22:55:18 INFO      at scala.collection.StrictOptimizedIterableOps.collect (StrictOptimizedIterableOps.scala:151)
2026.05.20 22:55:18 INFO      at scala.collection.StrictOptimizedIterableOps.collect$ (StrictOptimizedIterableOps.scala:136)
2026.05.20 22:55:18 INFO      at scala.collection.mutable.HashSet.collect (HashSet.scala:31)
2026.05.20 22:55:18 INFO      at bloop.integrations.maven.MojoImplementation$.writeConfig$1 (MojoImplementation.scala:222)
2026.05.20 22:55:18 INFO      at bloop.integrations.maven.MojoImplementation$.writeCompileAndTestConfiguration (MojoImplementation.scala:307)
2026.05.20 22:55:18 INFO      at bloop.integrations.maven.MojoImplementation.writeCompileAndTestConfiguration (MojoImplementation.scala)
2026.05.20 22:55:18 INFO      at bloop.integrations.maven.BloopMojo.execute (BloopMojo.java:105)
2026.05.20 22:55:18 INFO      at org.apache.maven.plugin.DefaultBuildPluginManager.executeMojo (DefaultBuildPluginManager.java:126)
2026.05.20 22:55:18 INFO      at org.apache.maven.lifecycle.internal.MojoExecutor.doExecute2 (MojoExecutor.java:328)
2026.05.20 22:55:18 INFO      at org.apache.maven.lifecycle.internal.MojoExecutor.doExecute (MojoExecutor.java:316)
2026.05.20 22:55:18 INFO      at org.apache.maven.lifecycle.internal.MojoExecutor.execute (MojoExecutor.java:212)
2026.05.20 22:55:18 INFO      at org.apache.maven.lifecycle.internal.MojoExecutor.execute (MojoExecutor.java:174)
2026.05.20 22:55:18 INFO      at org.apache.maven.lifecycle.internal.MojoExecutor.access$000 (MojoExecutor.java:75)
2026.05.20 22:55:18 INFO      at org.apache.maven.lifecycle.internal.MojoExecutor$1.run (MojoExecutor.java:162)
2026.05.20 22:55:18 INFO      at org.apache.maven.plugin.DefaultMojosExecutionStrategy.execute (DefaultMojosExecutionStrategy.java:39)
2026.05.20 22:55:18 INFO      at org.apache.maven.lifecycle.internal.MojoExecutor.execute (MojoExecutor.java:159)
2026.05.20 22:55:18 INFO      at org.apache.maven.lifecycle.internal.LifecycleModuleBuilder.buildProject (LifecycleModuleBuilder.java:105)
2026.05.20 22:55:18 INFO      at org.apache.maven.lifecycle.internal.LifecycleModuleBuilder.buildProject (LifecycleModuleBuilder.java:73)
2026.05.20 22:55:18 INFO      at org.apache.maven.lifecycle.internal.builder.singlethreaded.SingleThreadedBuilder.build (SingleThreadedBuilder.java:53)
2026.05.20 22:55:18 INFO      at org.apache.maven.lifecycle.internal.LifecycleStarter.execute (LifecycleStarter.java:118)
2026.05.20 22:55:18 INFO      at org.apache.maven.DefaultMaven.doExecute (DefaultMaven.java:261)
2026.05.20 22:55:18 INFO      at org.apache.maven.DefaultMaven.doExecute (DefaultMaven.java:173)
2026.05.20 22:55:18 INFO      at org.apache.maven.DefaultMaven.execute (DefaultMaven.java:101)
2026.05.20 22:55:18 INFO      at org.apache.maven.cli.MavenCli.execute (MavenCli.java:906)
2026.05.20 22:55:18 INFO      at org.apache.maven.cli.MavenCli.doMain (MavenCli.java:283)
2026.05.20 22:55:18 INFO      at org.apache.maven.cli.MavenCli.main (MavenCli.java:206)
2026.05.20 22:55:18 INFO      at jdk.internal.reflect.NativeMethodAccessorImpl.invoke0 (Native Method)
2026.05.20 22:55:18 INFO      at jdk.internal.reflect.NativeMethodAccessorImpl.invoke (NativeMethodAccessorImpl.java:62)
2026.05.20 22:55:18 INFO      at jdk.internal.reflect.DelegatingMethodAccessorImpl.invoke (DelegatingMethodAccessorImpl.java:43)
2026.05.20 22:55:18 INFO      at java.lang.reflect.Method.invoke (Method.java:566)
2026.05.20 22:55:18 INFO      at org.codehaus.plexus.classworlds.launcher.Launcher.launchEnhanced (Launcher.java:255)
2026.05.20 22:55:18 INFO      at org.codehaus.plexus.classworlds.launcher.Launcher.launch (Launcher.java:201)
2026.05.20 22:55:18 INFO      at org.codehaus.plexus.classworlds.launcher.Launcher.mainWithExitCode (Launcher.java:361)
2026.05.20 22:55:18 INFO      at org.codehaus.plexus.classworlds.launcher.Launcher.main (Launcher.java:314)
2026.05.20 22:55:18 INFO      at jdk.internal.reflect.NativeMethodAccessorImpl.invoke0 (Native Method)
2026.05.20 22:55:18 INFO      at jdk.internal.reflect.NativeMethodAccessorImpl.invoke (NativeMethodAccessorImpl.java:62)
2026.05.20 22:55:18 INFO      at jdk.internal.reflect.DelegatingMethodAccessorImpl.invoke (DelegatingMethodAccessorImpl.java:43)
2026.05.20 22:55:18 INFO      at java.lang.reflect.Method.invoke (Method.java:566)
2026.05.20 22:55:18 INFO      at org.apache.maven.wrapper.BootstrapMainStarter.start (BootstrapMainStarter.java:52)
2026.05.20 22:55:18 INFO      at org.apache.maven.wrapper.WrapperExecutor.execute (WrapperExecutor.java:161)
2026.05.20 22:55:18 INFO      at org.apache.maven.wrapper.MavenWrapperMain.main (MavenWrapperMain.java:73)
2026.05.20 22:55:18 INFO  [INFO] Resolving artifact: net.bytebuddy:byte-buddy:jar:1.17.8:runtime (sources = false)
2026.05.20 22:55:18 INFO  [INFO] SUCCESS: net.bytebuddy:byte-buddy:jar:1.17.8:runtime (sources = false)
2026.05.20 22:55:18 INFO  [INFO] Resolving artifact: net.bytebuddy:byte-buddy:jar:1.17.8:runtime (sources = true)
2026.05.20 22:55:18 INFO  [INFO] SUCCESS: net.bytebuddy:byte-buddy:jar:1.17.8:runtime (sources = true)
2026.05.20 22:55:18 INFO  [INFO] Resolving artifact: org.springdoc:springdoc-openapi-starter-common:jar:2.8.8:compile (sources = false)
2026.05.20 22:55:18 INFO  [INFO] SUCCESS: org.springdoc:springdoc-openapi-starter-common:jar:2.8.8:compile (sources = false)
2026.05.20 22:55:18 INFO  [INFO] Resolving artifact: org.springdoc:springdoc-openapi-starter-common:jar:2.8.8:compile (sources = true)
2026.05.20 22:55:18 INFO  [INFO] SUCCESS: org.springdoc:springdoc-openapi-starter-common:jar:2.8.8:compile (sources = true)
2026.05.20 22:55:18 INFO  [INFO] Resolving artifact: io.swagger.core.v3:swagger-core-jakarta:jar:2.2.30:compile (sources = false)
2026.05.20 22:55:18 INFO  [INFO] SUCCESS: io.swagger.core.v3:swagger-core-jakarta:jar:2.2.30:compile (sources = false)
2026.05.20 22:55:18 INFO  [INFO] Resolving artifact: io.swagger.core.v3:swagger-core-jakarta:jar:2.2.30:compile (sources = true)
2026.05.20 22:55:18 INFO  [INFO] SUCCESS: io.swagger.core.v3:swagger-core-jakarta:jar:2.2.30:compile (sources = true)
2026.05.20 22:55:18 INFO  [INFO] Resolving artifact: org.springframework.boot:spring-boot-web-server:jar:4.0.5:compile (sources = false)
2026.05.20 22:55:18 INFO  [INFO] SUCCESS: org.springframework.boot:spring-boot-web-server:jar:4.0.5:compile (sources = false)
2026.05.20 22:55:18 INFO  [INFO] Resolving artifact: org.springframework.boot:spring-boot-web-server:jar:4.0.5:compile (sources = true)
2026.05.20 22:55:18 INFO  [INFO] SUCCESS: org.springframework.boot:spring-boot-web-server:jar:4.0.5:compile (sources = true)
2026.05.20 22:55:18 INFO  [INFO] Resolving artifact: jakarta.activation:jakarta.activation-api:jar:2.1.4:compile (sources = false)
2026.05.20 22:55:18 INFO  [INFO] SUCCESS: jakarta.activation:jakarta.activation-api:jar:2.1.4:compile (sources = false)
2026.05.20 22:55:18 INFO  [INFO] Resolving artifact: jakarta.activation:jakarta.activation-api:jar:2.1.4:compile (sources = true)
2026.05.20 22:55:18 INFO  [INFO] SUCCESS: jakarta.activation:jakarta.activation-api:jar:2.1.4:compile (sources = true)
2026.05.20 22:55:18 INFO  [INFO] Resolving artifact: org.springframework:spring-webmvc:jar:7.0.6:compile (sources = false)
2026.05.20 22:55:18 INFO  [INFO] SUCCESS: org.springframework:spring-webmvc:jar:7.0.6:compile (sources = false)
2026.05.20 22:55:18 INFO  [INFO] Resolving artifact: org.springframework:spring-webmvc:jar:7.0.6:compile (sources = true)
2026.05.20 22:55:18 INFO  [INFO] SUCCESS: org.springframework:spring-webmvc:jar:7.0.6:compile (sources = true)
2026.05.20 22:55:18 INFO  [INFO] Resolving artifact: org.springframework.boot:spring-boot-starter-data-jpa-test:jar:4.0.5:test (sources = false)
2026.05.20 22:55:18 INFO  [INFO] SUCCESS: org.springframework.boot:spring-boot-starter-data-jpa-test:jar:4.0.5:test (sources = false)
2026.05.20 22:55:18 INFO  [INFO] Resolving artifact: org.springframework.boot:spring-boot-starter-data-jpa-test:jar:4.0.5:test (sources = true)
2026.05.20 22:55:18 INFO  [INFO] SUCCESS: org.springframework.boot:spring-boot-starter-data-jpa-test:jar:4.0.5:test (sources = true)
2026.05.20 22:55:18 INFO  [INFO] Resolving artifact: org.springframework.boot:spring-boot-starter-jdbc-test:jar:4.0.5:test (sources = false)
2026.05.20 22:55:18 INFO  [INFO] SUCCESS: org.springframework.boot:spring-boot-starter-jdbc-test:jar:4.0.5:test (sources = false)
2026.05.20 22:55:18 INFO  [INFO] Resolving artifact: org.springframework.boot:spring-boot-starter-jdbc-test:jar:4.0.5:test (sources = true)
2026.05.20 22:55:18 INFO  [INFO] SUCCESS: org.springframework.boot:spring-boot-starter-jdbc-test:jar:4.0.5:test (sources = true)
2026.05.20 22:55:18 INFO  [INFO] Resolving artifact: org.apiguardian:apiguardian-api:jar:1.1.2:test (sources = false)
2026.05.20 22:55:18 INFO  [INFO] SUCCESS: org.apiguardian:apiguardian-api:jar:1.1.2:test (sources = false)
2026.05.20 22:55:18 INFO  [INFO] Resolving artifact: org.apiguardian:apiguardian-api:jar:1.1.2:test (sources = true)
2026.05.20 22:55:18 INFO  [INFO] SUCCESS: org.apiguardian:apiguardian-api:jar:1.1.2:test (sources = true)
2026.05.20 22:55:18 INFO  [INFO] Resolving artifact: org.springframework.boot:spring-boot-security:jar:4.0.5:compile (sources = false)
2026.05.20 22:55:18 INFO  [INFO] SUCCESS: org.springframework.boot:spring-boot-security:jar:4.0.5:compile (sources = false)
2026.05.20 22:55:18 INFO  [INFO] Resolving artifact: org.springframework.boot:spring-boot-security:jar:4.0.5:compile (sources = true)
2026.05.20 22:55:18 INFO  [INFO] SUCCESS: org.springframework.boot:spring-boot-security:jar:4.0.5:compile (sources = true)
2026.05.20 22:55:18 INFO  [INFO] Resolving artifact: org.springframework.boot:spring-boot-jdbc:jar:4.0.5:compile (sources = false)
2026.05.20 22:55:18 INFO  [INFO] SUCCESS: org.springframework.boot:spring-boot-jdbc:jar:4.0.5:compile (sources = false)
2026.05.20 22:55:18 INFO  [INFO] Resolving artifact: org.springframework.boot:spring-boot-jdbc:jar:4.0.5:compile (sources = true)
2026.05.20 22:55:18 INFO  [INFO] SUCCESS: org.springframework.boot:spring-boot-jdbc:jar:4.0.5:compile (sources = true)
2026.05.20 22:55:18 INFO  [INFO] Resolving artifact: org.projectlombok:lombok:jar:1.18.44:compile (sources = false)
2026.05.20 22:55:18 INFO  [INFO] SUCCESS: org.projectlombok:lombok:jar:1.18.44:compile (sources = false)
2026.05.20 22:55:18 INFO  [INFO] Resolving artifact: org.projectlombok:lombok:jar:1.18.44:compile (sources = true)
2026.05.20 22:55:18 INFO  [INFO] SUCCESS: org.projectlombok:lombok:jar:1.18.44:compile (sources = true)
2026.05.20 22:55:18 INFO  [INFO] Resolving artifact: com.mysql:mysql-connector-j:jar:9.6.0:runtime (sources = false)
2026.05.20 22:55:18 INFO  [INFO] SUCCESS: com.mysql:mysql-connector-j:jar:9.6.0:runtime (sources = false)
2026.05.20 22:55:18 INFO  [INFO] Resolving artifact: com.mysql:mysql-connector-j:jar:9.6.0:runtime (sources = true)
2026.05.20 22:55:18 INFO  [INFO] SUCCESS: com.mysql:mysql-connector-j:jar:9.6.0:runtime (sources = true)
2026.05.20 22:55:18 INFO  [INFO] Resolving artifact: org.springframework.boot:spring-boot-transaction:jar:4.0.5:compile (sources = false)
2026.05.20 22:55:18 INFO  [INFO] SUCCESS: org.springframework.boot:spring-boot-transaction:jar:4.0.5:compile (sources = false)
2026.05.20 22:55:18 INFO  [INFO] Resolving artifact: org.springframework.boot:spring-boot-transaction:jar:4.0.5:compile (sources = true)
2026.05.20 22:55:18 INFO  [INFO] SUCCESS: org.springframework.boot:spring-boot-transaction:jar:4.0.5:compile (sources = true)
2026.05.20 22:55:18 INFO  [INFO] Resolving artifact: org.junit.platform:junit-platform-engine:jar:6.0.3:test (sources = false)
2026.05.20 22:55:18 INFO  [INFO] SUCCESS: org.junit.platform:junit-platform-engine:jar:6.0.3:test (sources = false)
2026.05.20 22:55:18 INFO  [INFO] Resolving artifact: org.junit.platform:junit-platform-engine:jar:6.0.3:test (sources = true)
2026.05.20 22:55:18 INFO  [INFO] SUCCESS: org.junit.platform:junit-platform-engine:jar:6.0.3:test (sources = true)
2026.05.20 22:55:18 INFO  [INFO] Resolving artifact: com.fasterxml.jackson.dataformat:jackson-dataformat-yaml:jar:2.21.2:compile (sources = false)
2026.05.20 22:55:18 INFO  [INFO] SUCCESS: com.fasterxml.jackson.dataformat:jackson-dataformat-yaml:jar:2.21.2:compile (sources = false)
2026.05.20 22:55:18 INFO  [INFO] Resolving artifact: com.fasterxml.jackson.dataformat:jackson-dataformat-yaml:jar:2.21.2:compile (sources = true)
2026.05.20 22:55:18 INFO  [INFO] SUCCESS: com.fasterxml.jackson.dataformat:jackson-dataformat-yaml:jar:2.21.2:compile (sources = true)
2026.05.20 22:55:18 INFO  [INFO] Resolving artifact: org.yaml:snakeyaml:jar:2.5:compile (sources = false)
2026.05.20 22:55:18 INFO  [INFO] SUCCESS: org.yaml:snakeyaml:jar:2.5:compile (sources = false)
2026.05.20 22:55:18 INFO  [INFO] Resolving artifact: org.yaml:snakeyaml:jar:2.5:compile (sources = true)
2026.05.20 22:55:18 INFO  [INFO] SUCCESS: org.yaml:snakeyaml:jar:2.5:compile (sources = true)
2026.05.20 22:55:18 INFO  [INFO] Resolving artifact: org.eclipse.angus:angus-activation:jar:2.0.3:runtime (sources = false)
2026.05.20 22:55:18 INFO  [INFO] SUCCESS: org.eclipse.angus:angus-activation:jar:2.0.3:runtime (sources = false)
2026.05.20 22:55:18 INFO  [INFO] Resolving artifact: org.eclipse.angus:angus-activation:jar:2.0.3:runtime (sources = true)
2026.05.20 22:55:18 INFO  [INFO] SUCCESS: org.eclipse.angus:angus-activation:jar:2.0.3:runtime (sources = true)
2026.05.20 22:55:18 INFO  [INFO] Resolving artifact: com.vaadin.external.google:android-json:jar:0.0.20131108.vaadin1:test (sources = false)
2026.05.20 22:55:18 INFO  [INFO] SUCCESS: com.vaadin.external.google:android-json:jar:0.0.20131108.vaadin1:test (sources = false)
2026.05.20 22:55:18 INFO  [INFO] Resolving artifact: com.vaadin.external.google:android-json:jar:0.0.20131108.vaadin1:test (sources = true)
2026.05.20 22:55:18 INFO  [INFO] SUCCESS: com.vaadin.external.google:android-json:jar:0.0.20131108.vaadin1:test (sources = true)
2026.05.20 22:55:18 INFO  [INFO] Resolving artifact: net.bytebuddy:byte-buddy-agent:jar:1.17.8:test (sources = false)
2026.05.20 22:55:18 INFO  [INFO] SUCCESS: net.bytebuddy:byte-buddy-agent:jar:1.17.8:test (sources = false)
2026.05.20 22:55:18 INFO  [INFO] Resolving artifact: net.bytebuddy:byte-buddy-agent:jar:1.17.8:test (sources = true)
2026.05.20 22:55:18 INFO  [INFO] SUCCESS: net.bytebuddy:byte-buddy-agent:jar:1.17.8:test (sources = true)
2026.05.20 22:55:18 INFO  [INFO] Resolving artifact: jakarta.validation:jakarta.validation-api:jar:3.1.1:compile (sources = false)
2026.05.20 22:55:18 INFO  [INFO] SUCCESS: jakarta.validation:jakarta.validation-api:jar:3.1.1:compile (sources = false)
2026.05.20 22:55:18 INFO  [INFO] Resolving artifact: jakarta.validation:jakarta.validation-api:jar:3.1.1:compile (sources = true)
2026.05.20 22:55:18 INFO  [INFO] SUCCESS: jakarta.validation:jakarta.validation-api:jar:3.1.1:compile (sources = true)
2026.05.20 22:55:18 INFO  [INFO] Generated .bloop/boardroot-test.json
2026.05.20 22:55:18 INFO  [INFO] ------------------------------------------------------------------------
2026.05.20 22:55:18 INFO  [INFO] BUILD SUCCESS
2026.05.20 22:55:18 INFO  [INFO] ------------------------------------------------------------------------
2026.05.20 22:55:18 INFO  [INFO] Total time:  12.029 s
2026.05.20 22:55:18 INFO  [INFO] Finished at: 2026-05-20T22:55:18+03:00
2026.05.20 22:55:18 INFO  [INFO] ------------------------------------------------------------------------
2026.05.20 22:55:18 INFO  time: ran 'mvn bloopInstall' in 15s
2026.05.20 22:55:18 INFO  Attempting to connect to the build server...
2026.05.20 22:55:18 INFO  No running Bloop server found, starting one.
2026.05.20 22:55:22 INFO  Starting compilation server
2026.05.20 22:55:24 INFO  tracing is disabled for protocol BSP, to enable tracing of incoming and outgoing JSON messages create an empty file at /home/doomish/Documentos/BoardRoot_WebApp/.metals/bsp.trace.json or /home/doomish/.cache/metals/bsp.trace.json
2026.05.20 22:55:26 INFO  time: Connected to build server in 7.58s
2026.05.20 22:55:26 INFO  Connected to Build server: Bloop v2.0.19
2026.05.20 22:55:26 INFO  time: Imported build in 0.36s
2026.05.20 22:55:30 WARN  Could not find java sources in /usr/lib/jvm/src.zip, /usr/lib/jvm/lib/src.zip, /usr/lib/jvm/java-11-openjdk-amd64/src.zip, /usr/lib/jvm/java-11-openjdk-amd64/lib/src.zip, /usr/lib/jvm/src.zip, /usr/lib/jvm/lib/src.zip, /usr/lib/jvm/java-21-openjdk-amd64/src.zip, /usr/lib/jvm/java-21-openjdk-amd64/lib/src.zip. Java symbols will not be available.
2026.05.20 22:55:37 INFO  Created report: Optional[file:///home/doomish/Documentos/BoardRoot_WebApp/jar:file:/home/doomish/.m2/repository/org/springframework/spring-jdbc/7.0.6/spring-jdbc-7.0.6-sources.jar!/org/springframework/jdbc/core/BeanPropertyRowMapper.java]
2026.05.20 22:55:37 INFO  Java indexer failed with and exception. (full report at: "/home/doomish/Documentos/BoardRoot_WebApp/.metals/.reports/metals-full/2026-05-20/r_failed-idex-java_22-55-37-758.md")
2026.05.20 22:55:40 INFO  Created report: Optional[file:///home/doomish/Documentos/BoardRoot_WebApp/jar:file:/home/doomish/.m2/repository/org/apache/tomcat/embed/tomcat-embed-core/11.0.20/tomcat-embed-core-11.0.20-sources.jar!/org/apache/catalina/authenticator/jaspic/PersistentProviderRegistrations.java]
2026.05.20 22:55:40 INFO  Java indexer failed with and exception. (full report at: "/home/doomish/Documentos/BoardRoot_WebApp/.metals/.reports/metals-full/2026-05-20/r_failed-idex-java_22-55-40-266.md")
2026.05.20 22:55:41 INFO  Created report: Optional[file:///home/doomish/Documentos/BoardRoot_WebApp/jar:file:/home/doomish/.m2/repository/org/hibernate/orm/hibernate-core/7.2.7.Final/hibernate-core-7.2.7.Final-sources.jar!/org/hibernate/tool/schema/extract/internal/InformationExtractorPostgreSQLImpl.java]
2026.05.20 22:55:41 INFO  Java indexer failed with and exception. (full report at: "/home/doomish/Documentos/BoardRoot_WebApp/.metals/.reports/metals-full/2026-05-20/r_failed-idex-java_22-55-41-856.md")
2026.05.20 22:55:49 INFO  time: indexed workspace in 23s
2026.05.20 22:55:50 INFO  compiling boardroot (46 java sources)
2026.05.20 22:55:50 INFO  Annotation processing is enabled because one or more processors were found
  on the class path. A future release of javac may disable annotation processing
  unless at least one processor is specified by name (-processor), or a search
  path is specified (--processor-path, --processor-module-path), or annotation
  processing is enabled explicitly (-proc:only, -proc:full).
  Use -Xlint:-options to suppress this message.
  Use -proc:none to disable annotation processing.
2026.05.20 22:55:51 INFO  time: compiled boardroot in 1.08s
2026.05.20 22:55:51 INFO  Created report: Optional.empty
2026.05.20 22:55:51 INFO  java.lang.RuntimeException: java.lang.NullPointerException: Cannot invoke "java.nio.file.Path.resolv... (full report at: "/home/doomish/Documentos/BoardRoot_WebApp/.metals/.reports/bloop/2026-05-20/r_java.lang.RuntimeExc..._22-55-51-724.md")
2026.05.20 22:55:51 INFO  Created report: Optional.empty
2026.05.20 22:55:51 INFO  Unexpected error when compiling boardroot: java.lang.RuntimeException: java.lang.NullPointerExceptio... (full report at: "/home/doomish/Documentos/BoardRoot_WebApp/.metals/.reports/bloop/2026-05-20/r_Unexpected error whe..._22-55-51-738.md")
may 20, 2026 11:37:29 P. M. org.eclipse.lsp4j.jsonrpc.services.GenericEndpoint notify
INFORMACIÓN: Unsupported notification method: $/setTrace
may 21, 2026 10:47:15 A. M. org.eclipse.lsp4j.jsonrpc.services.GenericEndpoint notify
INFORMACIÓN: Unsupported notification method: $/setTrace
2026.05.21 11:02:57 INFO  Shut down connection with build server.
